Student_ID,Age,Attendance,Midterm_Score,Final_Score,Assignments_Avg,Quizzes_Avg,Participation_Score,Project_Score,Total_Score,Study_Hours_per_Week,Sleep_Hours_per_Night,Stress_Level,Gender,Extracurricular_Activities,Internet_Access,Parent_Education,Family_Income
S1000,22,97.36,40.61,59.61,73.69,53.17,7.34,62.84,83.49,10.3,5.9,1,1,1,0,3,1
S1001,18,97.71,57.27,74.0,74.23,98.23,8.8,98.23,92.29,27.1,4.3,4,0,0,0,1,0
S1002,24,99.52,41.84,63.85,85.85,50.0,0.47,91.22,93.55,12.4,6.1,9,0,1,0,1,0
S1003,24,90.38,45.65,44.44,68.1,66.27,0.42,55.48,51.03,25.5,4.9,8,1,0,1,1,0
S1004,23,59.41,53.13,61.77,67.66,83.98,6.43,87.43,90.91,13.3,4.5,6,1,1,0,3,1
S1005,21,60.6,70.21,64.48,87.85,52.26,5.48,67.65,92.66,25.3,5.6,6,0,1,0,0,1
S1006,24,67.01,90.85,93.74,89.0,54.17,1.55,87.51,79.78,22.1,4.0,2,0,1,0,2,2
S1007,19,65.91,91.72,59.47,50.72,53.83,5.48,90.04,74.0,16.7,7.8,5,0,1,1,0,0
S1008,21,97.83,76.97,62.75,57.19,79.08,9.74,57.57,55.55,18.1,4.8,9,1,0,1,4,2
S1009,22,89.45,95.69,86.97,60.65,94.8,6.31,83.09,61.98,9.4,7.1,8,1,1,0,0,2
S1010,23,86.2,70.0,85.54,67.58,77.77,4.49,93.14,74.52,7.9,8.2,4,1,1,1,1,0
S1011,20,59.3,93.34,87.9,64.57,80.18,8.28,66.17,93.25,22.9,8.6,7,1,1,0,0,0
S1012,21,95.48,67.24,97.23,83.43,67.3,2.13,54.02,90.16,26.2,6.8,9,0,0,0,0,1
S1013,18,91.39,56.63,87.73,91.41,50.94,4.14,51.36,74.8,23.0,7.9,5,0,0,0,4,1
S1014,19,58.18,94.98,64.46,59.6,51.08,5.28,55.5,89.28,27.8,6.3,2,0,0,1,2,2
S1015,18,93.56,63.28,89.29,78.15,94.42,5.05,50.21,88.29,27.3,6.5,2,0,1,0,2,0
S1016,21,63.61,70.2,70.52,68.39,55.13,9.21,66.35,78.95,24.5,6.7,8,1,0,1,1,2
S1017,23,54.04,59.73,56.66,75.29,99.99,2.93,64.97,61.02,27.5,7.4,8,1,0,0,2,1
S1018,20,82.84,79.77,58.18,81.04,58.22,0.57,55.52,67.4,9.2,7.3,8,0,1,1,1,2
S1019,20,82.69,99.7,53.43,94.68,83.73,9.16,82.56,58.2,23.3,7.9,5,0,0,1,3,0
S1020,18,54.75,41.53,48.7,59.61,97.45,2.17,99.6,50.36,23.8,7.1,2,0,0,0,4,2
S1021,22,65.94,93.99,51.07,54.35,68.11,3.79,95.05,54.03,8.8,8.4,10,0,0,0,0,2
S1022,22,99.64,40.24,43.79,81.36,86.72,5.31,62.64,87.98,27.7,7.5,8,0,0,1,4,0
S1023,23,83.92,61.85,93.31,69.71,67.54,9.76,88.5,51.67,5.2,8.6,4,1,1,1,2,0
S1024,20,86.5,50.12,95.86,58.15,65.25,5.35,96.84,69.99,15.9,7.8,9,1,0,1,0,0
S1025,18,60.65,85.44,75.21,55.85,60.09,4.48,95.32,99.29,5.5,7.7,10,0,0,0,4,1
S1026,18,53.94,43.04,90.43,77.95,91.05,5.84,94.23,89.76,18.1,8.3,6,0,0,0,4,2
S1027,18,63.85,73.21,51.01,65.02,62.87,9.71,89.32,87.53,15.3,7.3,10,0,0,1,1,2
S1028,21,62.44,57.7,94.1,99.87,64.16,8.18,64.65,63.74,20.6,4.9,7,1,1,0,3,0
S1029,23,61.73,48.02,70.38,70.3,99.95,1.69,54.18,82.09,24.2,4.4,3,1,1,1,4,0
S1030,22,59.64,86.31,44.03,60.61,66.37,8.03,74.39,74.94,24.2,5.6,2,1,1,1,0,1
S1031,22,78.74,53.05,48.48,81.44,71.14,8.41,52.74,81.19,23.1,8.1,2,0,1,0,3,0
S1032,21,66.41,53.42,58.54,62.21,99.5,6.91,99.92,71.79,7.5,4.1,3,1,1,0,3,1
S1033,19,91.02,56.5,42.61,74.7,68.47,6.57,67.92,76.55,15.4,4.8,7,0,0,0,0,1
S1034,21,59.2,75.21,58.56,74.13,68.31,4.41,97.92,99.42,25.4,4.5,8,1,0,1,3,1
S1035,23,73.23,79.58,43.6,72.68,91.39,6.42,88.66,66.47,21.4,4.2,4,1,0,0,2,0
S1036,18,50.68,41.06,54.16,89.8,65.6,7.38,70.56,60.82,22.0,8.1,3,1,1,1,3,2
S1037,21,74.08,54.51,55.94,60.83,61.69,1.23,55.92,72.42,10.7,5.4,7,0,1,1,1,0
S1038,18,52.79,65.86,99.66,95.22,71.16,2.57,61.86,76.22,13.1,7.6,3,0,1,0,3,2
S1039,23,98.89,59.92,54.13,89.57,85.03,1.94,83.65,54.28,28.9,4.7,8,1,0,0,4,0
S1040,24,89.53,93.05,54.35,66.66,52.16,8.41,91.5,90.3,26.2,6.0,4,0,1,0,3,1
S1041,23,74.51,87.26,81.21,59.03,68.7,6.8,98.97,71.1,9.1,4.6,8,0,1,1,1,2
S1042,20,54.33,77.55,91.56,63.98,67.31,4.51,56.61,70.66,18.6,4.0,2,0,0,0,1,0
S1043,18,79.62,60.28,63.22,66.63,62.24,8.26,57.8,82.94,17.3,7.1,8,0,1,1,3,0
S1044,22,87.94,82.04,92.54,77.85,82.71,7.17,52.12,88.66,16.1,6.4,8,0,0,1,2,2
S1045,21,59.54,90.62,60.41,52.32,64.5,9.14,63.02,99.3,16.8,6.1,10,0,1,1,3,1
S1046,24,78.41,75.69,51.82,95.72,80.34,0.77,91.05,58.68,21.1,4.4,3,0,1,0,0,1
S1047,23,90.71,87.07,59.78,54.93,75.22,5.09,59.91,67.28,29.2,6.9,2,1,0,0,1,2
S1048,18,88.41,84.95,76.56,63.96,60.86,7.07,77.39,58.41,26.9,7.9,7,0,0,0,3,0
S1049,24,90.15,74.3,62.03,55.46,63.33,2.07,72.32,94.04,26.9,4.3,9,0,0,1,2,1
S1050,19,93.97,58.73,80.37,62.83,58.53,3.27,66.29,77.42,22.6,6.1,10,1,1,1,2,0
S1051,20,96.88,84.75,54.22,91.88,52.83,4.19,80.92,92.62,5.4,5.6,1,1,0,1,2,1
S1052,19,70.28,52.41,82.06,80.76,80.96,7.94,75.12,99.26,16.0,8.5,5,1,1,0,4,0
S1053,23,78.44,86.77,60.85,61.37,83.64,4.94,66.74,77.51,17.8,5.3,3,1,0,0,4,1
S1054,19,89.53,88.27,67.35,93.59,58.3,4.93,84.44,55.91,26.1,8.7,9,0,1,1,4,0
S1055,19,84.86,89.33,73.46,90.04,80.77,4.31,64.0,68.06,28.1,8.1,8,1,0,1,0,0
S1056,20,99.78,68.37,81.17,87.68,99.1,2.29,82.16,51.81,16.3,4.5,9,1,0,1,0,1
S1057,20,50.68,51.55,54.32,92.38,53.72,9.23,97.86,92.47,12.5,6.4,9,0,1,1,3,1
S1058,20,67.76,45.98,90.16,80.98,74.52,3.18,86.45,50.89,13.4,7.2,10,0,0,1,4,0
S1059,24,64.05,84.6,83.31,75.07,86.65,5.67,70.92,79.61,19.5,7.0,3,0,0,1,4,2
S1060,20,63.12,93.18,54.05,68.7,52.3,1.49,87.38,55.31,11.9,7.4,7,1,1,0,0,0
S1061,19,61.13,79.05,98.5,61.19,88.91,4.34,90.46,50.38,27.8,6.1,5,0,1,1,2,2
S1062,22,85.46,48.65,79.89,77.87,98.98,9.04,66.29,62.81,15.5,8.5,6,1,1,0,2,1
S1063,22,54.24,96.09,67.15,94.47,54.42,9.95,85.26,77.59,29.8,5.4,8,0,1,1,1,2
S1064,20,87.08,99.35,49.45,79.7,91.11,3.62,71.72,53.75,7.7,4.5,10,0,0,1,3,0
S1065,24,84.67,66.0,71.99,95.98,68.93,1.54,90.93,80.74,9.7,8.9,8,1,0,0,3,1
S1066,21,62.54,75.69,49.89,67.85,57.21,3.14,64.77,83.6,17.8,7.3,7,0,1,0,4,1
S1067,18,62.64,86.63,65.77,84.76,74.66,3.27,96.89,98.48,26.7,7.3,1,0,1,0,0,2
S1068,23,81.44,84.18,64.52,82.43,53.58,6.45,78.74,94.98,13.8,8.1,1,0,1,0,3,1
S1069,24,88.11,98.07,83.2,83.52,76.11,4.96,67.67,78.34,25.9,6.1,6,0,0,1,2,2
S1070,21,93.82,46.89,51.54,82.25,50.97,7.68,70.97,89.67,15.6,5.9,9,0,0,1,0,0
S1071,23,92.61,74.84,89.31,61.08,86.43,7.01,67.39,68.18,26.3,8.7,8,1,1,1,4,1
S1072,21,98.24,81.52,59.57,57.18,74.4,2.51,57.31,79.29,11.9,5.9,1,1,0,1,4,0
S1073,21,79.07,93.41,66.64,98.93,72.95,7.84,53.42,70.17,16.8,4.4,8,0,1,0,3,2
S1074,22,95.43,92.45,86.34,52.26,59.81,8.47,66.09,66.85,12.0,5.5,5,1,0,1,3,2
S1075,18,90.43,98.68,77.52,73.39,68.06,5.98,72.93,86.38,10.4,8.4,2,1,0,0,1,0
S1076,21,94.73,70.72,58.48,71.25,59.09,9.28,68.09,64.83,15.5,4.5,7,1,0,1,3,2
S1077,20,50.58,89.85,63.17,68.0,86.77,7.83,50.7,69.03,13.4,7.6,2,0,1,1,3,2
S1078,23,98.3,65.64,58.35,89.1,59.95,5.95,78.95,68.36,24.7,5.3,4,0,1,0,2,0
S1079,24,73.68,65.34,75.69,87.27,80.84,9.06,57.24,93.52,23.7,7.7,4,0,1,1,2,0
S1080,22,89.91,55.2,59.96,95.26,63.98,6.0,60.55,58.52,14.0,6.6,5,1,0,1,0,1
S1081,23,56.36,89.09,83.54,69.77,82.85,5.21,56.04,69.07,29.8,7.2,6,1,0,0,3,1
S1082,20,69.8,99.15,74.79,78.21,77.02,3.56,76.02,94.39,29.3,5.2,2,0,1,1,3,0
S1083,20,63.57,55.38,48.74,94.62,71.17,8.83,54.76,50.77,27.9,4.8,8,0,1,1,4,1
S1084,21,64.58,43.37,58.62,99.69,83.65,1.23,62.82,97.39,19.7,4.3,9,1,1,1,2,2
S1085,20,56.16,88.93,53.29,98.46,70.79,4.74,72.59,94.95,15.3,8.1,3,1,0,0,4,1
S1086,18,90.29,77.21,63.42,85.89,91.07,5.37,58.39,70.89,12.8,7.6,7,0,0,0,3,1
S1087,20,50.46,97.58,70.96,57.16,86.48,5.55,72.31,82.65,5.4,5.5,4,1,0,1,2,2
S1088,21,65.63,55.13,70.41,51.16,77.03,6.52,67.14,99.55,20.8,8.2,10,1,0,1,3,0
S1089,23,58.72,44.26,85.27,91.26,93.85,5.06,93.03,77.75,18.8,8.2,4,1,1,1,1,2
S1090,20,79.45,69.55,51.35,92.05,91.44,2.57,89.75,54.84,20.7,4.7,1,1,0,1,4,1
S1091,22,62.71,45.13,96.79,87.32,76.59,8.57,99.64,92.68,19.4,7.6,5,1,1,0,2,2
S1092,24,62.95,55.71,60.57,64.0,53.42,6.58,76.45,56.71,8.4,5.5,6,1,0,0,2,0
S1093,22,74.42,47.56,58.01,81.99,78.3,8.58,78.77,62.86,22.4,6.3,5,1,1,0,3,1
S1094,22,82.63,53.45,81.11,65.81,67.76,2.76,97.33,93.68,14.0,6.2,6,0,1,1,3,0
S1095,23,56.07,46.37,88.33,72.53,77.01,6.37,69.98,62.8,17.9,7.0,3,0,0,0,0,0
S1096,19,58.78,97.23,62.71,69.12,82.36,7.14,77.78,87.25,14.1,5.7,2,1,0,0,0,2
S1097,24,62.36,56.71,84.81,95.68,82.24,3.83,68.95,72.38,5.5,4.4,5,1,0,1,4,0
S1098,22,98.69,66.63,93.02,61.71,83.68,8.12,77.29,87.99,26.9,7.4,6,1,0,0,2,2
S1099,22,69.86,93.92,86.01,78.88,83.96,0.03,54.04,61.62,8.7,8.8,10,0,1,1,3,2
S1100,19,79.95,80.64,42.05,68.05,55.46,5.95,89.19,70.98,19.6,7.3,6,0,0,1,4,1
S1101,23,62.08,77.08,89.64,83.15,59.59,6.14,99.26,65.91,27.1,6.7,5,1,0,1,2,0
S1102,24,74.52,82.33,86.47,78.23,81.53,5.34,53.29,62.45,10.5,4.8,2,0,0,0,3,0
S1103,22,53.71,89.73,80.16,96.2,70.41,6.3,90.05,65.72,15.3,7.1,1,1,0,0,0,0
S1104,21,51.74,92.66,85.6,55.08,88.14,1.67,62.09,66.15,14.4,7.1,10,1,0,1,2,0
S1105,23,73.44,78.56,98.77,61.03,56.25,6.85,59.88,97.77,7.2,7.1,6,1,0,0,3,0
S1106,24,69.93,93.4,65.87,88.32,59.58,3.36,84.67,76.66,15.6,8.5,1,1,1,0,4,2
S1107,22,56.84,72.12,44.03,68.44,77.92,4.52,52.21,73.1,17.0,7.6,1,1,1,1,4,1
S1108,22,84.38,56.64,67.65,58.29,75.04,3.33,73.16,75.17,5.7,7.9,6,1,1,0,1,1
S1109,19,99.65,92.8,42.79,75.17,63.32,4.74,50.07,99.81,17.2,5.6,1,1,0,0,2,0
S1110,24,69.78,72.49,57.66,82.61,70.42,6.22,77.72,82.68,7.3,5.4,2,0,1,1,4,2
S1111,21,81.23,94.37,75.21,52.24,51.75,8.38,73.1,85.17,27.3,5.0,1,1,0,1,2,2
S1112,23,98.15,42.41,58.58,64.58,51.85,4.83,95.77,65.68,21.3,7.9,7,0,1,0,4,0
S1113,20,91.58,63.85,81.12,90.47,54.75,3.23,86.01,73.58,6.4,7.5,4,1,1,1,2,1
S1114,18,73.18,96.87,89.32,76.01,78.84,4.88,56.3,59.2,25.7,5.7,4,1,0,1,2,0
S1115,21,86.87,54.98,65.23,51.77,93.19,6.89,67.73,84.26,14.0,4.7,4,0,1,1,2,2
S1116,20,56.41,96.49,94.01,64.1,63.01,3.47,96.58,67.22,10.6,8.2,5,0,0,0,1,0
S1117,21,75.61,97.23,44.79,81.96,51.7,4.14,86.27,87.41,11.3,5.9,9,1,0,1,0,0
S1118,24,63.95,92.93,90.41,59.97,85.43,5.63,79.71,60.66,19.9,4.9,5,0,1,1,2,0
S1119,20,58.06,73.82,89.71,91.37,92.77,2.94,77.95,70.18,7.0,4.7,10,1,1,0,0,2
S1120,24,71.31,78.82,59.32,83.83,56.91,2.09,69.9,73.56,6.5,8.6,2,1,1,0,0,1
S1121,20,56.55,92.18,57.92,73.57,69.29,1.4,79.26,58.33,20.7,4.7,8,0,1,0,0,0
S1122,21,84.95,86.55,58.31,95.78,57.94,3.53,88.58,53.48,29.5,5.8,8,0,1,0,4,1
S1123,19,72.81,77.81,88.68,69.59,55.32,0.48,56.38,65.85,17.1,7.2,9,0,0,1,3,1
S1124,21,76.56,98.94,89.9,61.75,82.41,5.83,98.49,77.24,15.3,6.0,4,0,1,0,0,2
S1125,24,57.32,81.14,59.78,83.07,98.38,1.76,61.97,82.63,28.7,6.4,3,1,0,1,2,0
S1126,21,56.99,98.53,75.56,78.66,83.91,3.77,72.39,71.26,11.0,8.0,10,0,0,1,3,0
S1127,20,79.17,43.44,48.34,66.76,99.24,2.69,51.14,75.01,11.0,9.0,6,0,0,0,4,1
S1128,18,99.25,48.34,68.13,67.18,71.72,6.3,77.52,77.16,27.6,6.3,1,0,1,0,1,1
S1129,20,54.81,67.09,99.93,69.91,94.89,8.5,69.09,75.6,21.2,5.9,6,0,1,0,0,1
S1130,22,64.29,63.09,49.53,64.56,60.25,6.33,62.49,54.52,6.3,6.0,5,0,1,1,0,2
S1131,21,93.47,86.96,96.85,85.51,55.9,5.43,99.28,70.25,21.8,5.8,1,1,0,1,4,2
S1132,23,53.61,49.64,89.46,82.57,85.13,6.69,71.41,60.22,25.5,6.4,6,1,1,0,2,1
S1133,21,93.79,98.57,98.33,72.04,68.57,0.3,70.71,76.69,11.8,5.7,3,0,1,1,2,2
S1134,19,76.21,58.9,50.77,69.89,65.88,1.23,73.16,87.9,14.6,6.3,8,0,1,1,3,2
S1135,24,70.41,65.74,52.81,68.25,83.56,0.95,55.81,78.97,9.9,8.7,3,1,0,0,3,2
S1136,23,65.48,56.48,41.01,64.17,66.67,0.98,69.65,61.09,20.8,5.4,3,0,0,0,2,0
S1137,20,64.86,74.76,83.48,54.28,78.63,2.6,66.82,60.39,21.6,7.3,7,1,1,0,1,2
S1138,19,65.29,43.52,78.65,63.41,64.97,5.32,73.26,51.85,6.7,6.4,1,1,1,0,2,1
S1139,21,94.24,48.98,50.68,66.06,89.19,1.15,92.83,71.32,21.9,7.7,10,0,1,1,1,0
S1140,20,86.19,84.75,87.47,77.38,65.62,9.35,59.64,71.64,21.5,6.4,10,1,0,0,4,1
S1141,20,83.49,51.19,57.95,88.69,76.75,8.54,80.39,61.82,5.9,4.8,8,0,1,0,1,2
S1142,22,89.94,54.13,48.1,69.79,51.16,9.72,51.88,88.21,18.9,8.4,4,0,0,1,4,1
S1143,22,62.86,87.58,65.35,97.24,89.59,0.43,65.84,69.32,20.3,7.4,5,1,0,0,0,1
S1144,18,80.9,45.6,45.46,91.37,81.02,8.51,73.63,83.47,15.8,6.6,5,1,0,1,2,2
S1145,22,73.0,66.25,55.79,99.24,59.61,8.04,53.71,82.0,27.5,8.2,4,0,0,1,3,1
S1146,24,89.12,41.38,62.28,93.81,60.77,9.02,77.2,80.24,13.2,8.9,1,1,0,1,0,2
S1147,23,65.46,60.81,91.11,80.84,63.12,5.28,65.52,95.4,6.7,6.0,3,0,0,1,3,2
S1148,20,82.16,81.94,87.55,79.92,78.83,7.88,99.64,50.79,21.8,5.8,8,1,1,0,1,2
S1149,22,94.11,45.41,66.57,56.48,77.42,0.51,81.55,53.4,20.1,7.8,2,1,0,1,2,1
S1150,18,70.11,93.3,83.47,86.12,63.69,0.76,62.21,86.11,29.7,6.3,8,0,0,0,2,1
S1151,21,53.33,94.57,74.12,80.01,84.7,1.19,55.13,67.68,10.8,4.4,4,0,0,1,2,1
S1152,23,75.8,46.3,60.45,75.35,94.45,9.15,52.04,99.33,14.9,5.8,9,0,1,1,0,0
S1153,22,67.3,99.44,83.55,84.66,52.18,0.61,54.54,60.82,16.5,8.0,8,1,0,0,4,1
S1154,20,83.61,57.85,81.01,72.2,70.86,1.0,84.0,59.17,26.5,7.5,8,0,0,1,1,2
S1155,21,97.55,45.05,77.15,76.19,79.68,9.3,92.75,79.41,15.4,8.3,4,0,0,0,0,2
S1156,24,74.28,40.3,77.08,69.92,79.32,1.07,57.84,63.97,24.3,4.7,2,1,0,1,0,0
S1157,20,73.31,64.51,80.98,85.87,50.98,8.7,70.11,67.02,8.9,5.2,8,1,1,1,4,0
S1158,21,82.73,77.79,63.07,93.83,60.53,7.89,67.71,96.05,15.2,5.1,7,0,0,1,3,0
S1159,24,55.17,59.93,92.14,92.04,53.09,0.4,82.23,51.31,8.9,8.9,2,0,0,1,3,0
S1160,24,62.68,90.2,49.74,89.3,78.45,0.22,59.13,76.56,28.7,4.8,7,0,0,0,2,1
S1161,23,95.95,83.0,93.03,50.69,82.27,5.34,97.67,66.74,9.4,7.0,1,0,1,0,0,1
S1162,20,83.5,61.01,60.54,95.59,57.99,9.97,86.43,67.3,15.5,7.2,6,1,1,1,4,2
S1163,22,50.67,84.06,47.5,63.74,66.65,8.79,97.75,62.39,7.1,7.1,7,1,0,0,4,1
S1164,22,60.23,96.43,76.0,94.4,66.49,3.1,63.87,56.74,28.0,7.5,2,0,1,0,3,0
S1165,18,84.14,45.59,62.56,59.85,90.99,3.86,79.39,51.72,20.6,6.4,2,0,1,1,4,0
S1166,21,88.22,58.37,88.93,71.98,59.73,3.88,86.61,99.38,29.1,4.4,8,0,0,0,3,0
S1167,18,91.99,67.8,65.85,87.47,77.42,7.34,85.55,83.02,6.1,7.5,2,1,0,1,3,0
S1168,19,64.61,69.88,80.11,82.01,89.15,3.41,51.07,88.86,9.4,5.4,10,0,0,0,0,1
S1169,22,96.55,72.53,58.5,70.8,91.48,1.48,99.91,53.25,14.5,4.4,2,0,1,1,1,2
S1170,21,77.65,58.04,52.57,83.93,83.33,7.47,96.4,50.74,20.5,4.8,5,1,1,0,2,2
S1171,23,84.83,80.04,63.28,77.45,64.98,4.58,55.99,80.01,13.2,5.4,4,1,1,1,1,1
S1172,18,79.84,78.71,76.41,63.79,91.15,0.77,77.18,86.19,22.8,6.2,1,0,1,0,4,0
S1173,23,56.14,74.67,79.42,82.32,87.11,7.9,65.73,69.74,9.1,8.3,8,0,0,0,1,1
S1174,23,98.16,46.83,74.69,60.21,85.22,5.85,93.94,69.39,20.0,6.7,4,1,0,0,1,1
S1175,23,56.14,68.62,99.28,84.7,53.37,4.89,84.88,69.22,14.9,6.4,9,0,1,0,3,2
S1176,18,62.74,61.37,81.47,50.16,52.16,6.73,61.18,57.64,17.7,5.0,2,0,0,1,0,1
S1177,19,90.68,69.46,95.89,77.44,84.77,5.05,51.69,87.7,19.2,8.8,2,1,0,0,4,0
S1178,24,80.93,95.31,47.08,70.05,97.24,6.48,64.59,60.76,6.5,8.5,6,1,0,1,2,1
S1179,24,91.91,68.83,43.68,65.16,88.69,8.67,51.91,66.22,28.1,8.1,2,1,1,0,3,2
S1180,18,75.79,40.84,58.66,75.79,91.57,6.14,57.07,83.56,24.7,5.6,2,0,0,0,2,2
S1181,24,68.85,66.33,48.2,82.27,77.25,6.6,81.81,50.01,16.1,6.8,6,1,0,0,0,2
S1182,20,96.09,89.24,71.55,98.27,65.23,6.14,87.25,88.31,18.7,5.9,6,1,1,0,1,1
S1183,24,51.81,86.8,71.14,91.65,83.89,5.31,73.4,94.95,5.8,6.0,8,0,0,1,1,0
S1184,22,92.81,70.8,74.5,85.86,85.6,1.72,80.01,52.58,17.4,4.4,10,0,0,1,0,0
S1185,18,61.54,54.99,84.71,73.95,83.77,3.36,57.79,79.58,15.7,4.7,1,1,1,0,4,0
S1186,24,92.44,67.91,98.28,69.61,97.34,6.93,65.84,70.42,14.4,8.8,1,1,0,0,3,2
S1187,18,56.96,73.82,92.7,51.63,68.36,4.25,85.64,53.92,25.4,7.1,7,0,0,1,1,2
S1188,19,79.01,99.99,47.1,67.95,51.98,4.06,68.24,84.11,9.5,4.0,9,0,1,0,0,2
S1189,20,94.41,78.65,60.31,92.42,95.42,7.59,67.44,80.62,9.4,8.0,7,1,0,0,3,0
S1190,18,73.68,81.66,55.35,69.2,58.02,0.06,59.7,82.13,18.0,4.4,4,1,0,0,3,2
S1191,22,87.33,69.49,50.61,73.08,84.87,6.79,79.74,90.67,22.2,7.5,9,0,1,1,0,2
S1192,24,90.23,61.27,72.68,63.59,93.66,4.89,90.48,64.35,5.6,7.1,6,1,1,1,1,1
S1193,22,86.82,88.78,73.2,63.71,65.51,3.77,73.47,83.85,18.6,4.3,10,0,1,1,4,2
S1194,24,96.27,69.7,53.63,53.09,91.52,3.41,55.78,87.17,12.5,6.7,1,1,1,0,1,2
S1195,18,72.34,99.68,82.71,80.69,66.6,1.73,91.92,58.44,23.9,4.2,6,0,1,1,1,0
S1196,23,58.66,67.43,83.97,72.4,89.71,3.34,53.57,97.85,16.7,4.3,10,0,1,0,1,0
S1197,24,52.39,44.08,41.26,80.3,53.49,3.91,73.59,67.0,25.9,4.3,6,1,1,1,1,1
S1198,23,62.32,80.95,63.75,77.34,82.76,4.37,63.05,85.69,14.9,5.3,1,1,1,1,2,0
S1199,20,57.16,42.8,93.41,89.94,83.86,6.72,96.82,87.7,25.7,8.0,8,0,0,0,0,0
S1200,22,77.9,55.03,71.22,87.55,74.57,4.54,86.88,75.2,22.9,5.8,5,1,1,0,4,2
S1201,23,59.25,61.22,60.86,88.57,84.35,7.96,78.32,56.44,25.7,7.2,4,1,1,1,4,1
S1202,22,51.95,84.37,55.22,74.96,96.16,6.4,83.39,63.78,25.3,4.6,10,1,0,1,2,2
S1203,24,51.8,69.65,54.6,67.69,86.69,1.9,76.64,61.71,17.2,8.7,1,0,1,1,4,2
S1204,24,91.58,41.72,45.99,96.67,98.06,2.77,57.38,75.93,14.2,6.5,5,1,1,1,2,1
S1205,20,79.57,77.01,89.03,52.71,72.43,0.79,85.45,63.06,24.1,4.1,1,1,1,0,2,0
S1206,24,67.9,64.69,45.2,57.63,76.41,9.46,74.63,77.34,14.0,6.7,3,0,1,0,4,1
S1207,20,94.71,95.31,57.54,70.98,63.19,8.87,81.72,64.41,7.2,4.9,10,1,0,1,4,2
S1208,23,53.51,69.97,42.74,80.7,99.28,0.85,52.26,50.05,26.5,5.0,1,1,1,1,1,1
S1209,24,99.02,82.54,86.88,50.41,52.76,5.74,57.1,68.16,14.9,7.0,10,0,1,0,2,0
S1210,18,80.81,53.13,42.36,85.97,67.93,9.6,79.47,80.34,8.3,5.1,3,0,1,1,3,1
S1211,21,59.17,85.66,58.5,77.94,64.88,7.47,72.97,88.68,21.2,5.1,2,1,1,1,0,2
S1212,19,83.95,83.26,74.4,74.24,69.33,4.92,61.34,51.42,27.2,6.7,4,1,0,0,1,2
S1213,21,88.17,94.24,64.57,71.17,95.89,2.41,62.04,62.92,26.5,5.2,7,0,1,1,2,2
S1214,21,71.47,42.03,56.94,75.97,68.4,2.79,81.58,99.27,18.9,4.6,1,0,0,1,1,2
S1215,22,93.08,66.85,56.51,58.09,95.85,7.36,52.95,63.09,7.2,6.0,7,1,1,0,1,0
S1216,20,57.54,80.75,87.87,55.44,71.17,7.81,71.71,88.86,22.4,4.3,6,1,0,0,0,1
S1217,22,63.94,45.71,98.44,64.48,92.74,5.29,76.16,75.47,20.2,8.5,4,1,1,0,4,1
S1218,23,54.67,64.64,60.88,85.48,76.09,1.21,65.41,56.11,10.3,6.3,9,0,1,0,4,1
S1219,19,60.54,96.53,42.35,79.41,65.57,9.34,91.03,82.17,27.5,4.1,7,1,0,0,0,0
S1220,23,61.94,66.16,42.19,74.01,72.47,8.45,52.84,98.32,7.2,5.1,10,0,1,0,1,1
S1221,18,95.88,99.12,85.55,78.58,71.22,1.41,93.29,94.34,14.3,8.8,10,0,1,0,2,1
S1222,19,53.91,43.41,73.14,77.96,63.0,0.57,86.16,84.51,7.4,6.5,5,0,0,1,4,0
S1223,22,71.37,83.07,87.02,65.35,64.48,5.36,72.31,75.61,27.8,5.8,2,1,1,0,3,2
S1224,24,76.62,74.86,81.85,54.87,59.32,2.84,96.22,65.97,5.9,5.6,1,1,1,0,2,2
S1225,24,94.93,70.03,94.45,94.84,66.8,2.83,85.11,67.85,15.6,6.1,2,1,1,0,1,0
S1226,22,99.88,98.25,93.15,80.0,81.22,0.87,96.55,67.31,26.5,5.1,9,0,0,0,3,0
S1227,23,87.67,47.78,87.3,84.89,69.33,9.53,73.63,96.1,11.3,7.7,2,1,0,0,2,2
S1228,22,98.54,93.76,68.51,73.2,85.62,8.3,72.65,60.57,7.6,6.5,5,0,1,0,0,0
S1229,22,89.36,81.47,58.49,87.82,99.35,1.14,76.54,68.9,8.2,7.8,8,0,0,1,3,1
S1230,21,98.16,55.54,70.42,79.22,68.86,8.77,53.27,71.6,15.1,5.3,8,0,0,0,1,1
S1231,18,85.36,94.1,70.12,52.69,73.13,6.83,95.42,70.45,15.7,4.0,9,0,0,1,3,0
S1232,24,53.99,65.76,76.62,94.5,58.21,3.25,83.39,50.21,23.0,8.8,4,0,0,0,0,2
S1233,21,70.1,88.85,51.17,65.28,69.61,8.71,80.88,63.55,10.9,6.6,10,0,1,1,4,1
S1234,22,82.33,63.33,79.34,56.89,86.34,5.98,96.32,74.93,22.5,4.4,7,1,1,1,4,2
S1235,20,67.54,91.06,67.4,54.4,60.87,8.49,99.68,88.02,30.0,4.5,9,0,0,1,4,1
S1236,21,63.67,78.2,77.21,86.02,59.1,4.69,58.17,78.47,26.6,6.2,7,1,0,0,0,2
S1237,22,78.87,48.46,54.38,85.2,68.82,5.01,87.45,69.24,20.9,7.5,1,0,1,1,2,0
S1238,24,96.68,78.98,66.06,85.01,90.93,2.91,79.0,83.26,28.5,6.0,6,1,0,1,0,1
S1239,22,51.75,51.48,52.61,95.79,81.18,3.88,73.05,83.29,29.8,8.1,2,1,1,0,3,1
S1240,18,88.46,64.72,92.52,67.45,97.88,5.68,98.88,62.4,19.3,5.6,7,1,1,0,2,1
S1241,23,86.14,50.22,69.28,78.06,95.23,9.47,92.51,55.19,11.8,4.2,9,1,1,0,4,0
S1242,19,98.2,41.32,53.5,80.97,57.56,6.0,84.84,90.16,27.9,4.0,7,0,1,1,0,0
S1243,21,96.54,52.71,42.47,98.97,52.13,1.47,69.13,76.49,26.1,8.3,8,0,1,0,1,2
S1244,21,88.11,72.18,80.54,65.62,69.95,0.07,83.3,58.83,7.1,8.9,2,0,1,1,4,2
S1245,21,76.02,68.89,52.88,97.82,76.1,8.51,76.58,63.1,28.4,4.7,10,0,1,1,1,2
S1246,22,60.21,70.09,99.37,57.44,75.78,3.64,62.47,88.32,14.2,4.3,5,1,1,0,2,1
S1247,18,77.26,54.86,72.02,88.2,56.71,3.15,72.52,82.66,13.1,8.6,10,1,0,0,4,2
S1248,22,88.27,81.11,57.34,81.64,56.24,8.01,60.61,97.26,13.6,4.5,1,1,1,1,0,2
S1249,22,94.78,82.26,79.46,90.84,52.34,9.45,75.02,73.25,13.0,5.1,3,0,0,1,1,1
S1250,23,89.49,61.48,56.51,51.43,92.54,7.48,86.01,52.61,17.9,8.0,1,1,0,0,0,2
S1251,20,59.76,92.87,89.22,53.91,97.39,1.74,51.83,85.02,19.5,9.0,2,0,0,1,4,1
S1252,18,79.98,78.64,58.49,53.48,55.78,3.91,88.27,62.75,15.6,6.4,4,1,0,0,0,1
S1253,21,66.61,82.78,99.29,79.65,60.66,7.59,51.0,66.19,15.3,5.1,6,1,0,0,4,2
S1254,19,50.46,56.64,76.31,80.15,54.49,9.07,75.86,59.83,23.4,8.2,1,1,1,1,3,2
S1255,21,60.01,40.04,90.66,95.31,93.88,9.99,78.67,65.45,5.1,6.0,9,1,1,0,0,2
S1256,22,55.66,91.92,44.37,73.38,97.94,5.12,88.06,91.47,28.7,5.4,1,1,1,1,3,0
S1257,18,92.14,89.35,60.9,53.4,63.09,8.23,88.05,78.84,22.9,6.5,8,0,0,1,1,2
S1258,24,62.93,47.39,84.25,60.48,65.18,0.47,70.87,55.46,22.7,8.3,1,1,1,0,0,0
S1259,18,64.23,62.45,79.3,50.4,68.13,2.86,53.32,79.33,15.5,5.2,1,0,0,1,0,1
S1260,18,98.0,79.68,51.65,88.84,75.12,3.72,84.68,81.68,29.1,6.1,8,0,1,0,1,1
S1261,20,68.95,79.13,61.37,90.78,84.12,9.76,75.55,94.24,5.0,6.2,2,0,0,0,0,2
S1262,21,50.48,91.62,55.81,99.9,75.22,0.03,66.65,92.98,6.9,8.2,1,0,0,0,4,2
S1263,20,64.19,48.42,76.8,70.61,97.55,3.08,61.74,53.14,25.1,7.4,7,0,0,0,3,2
S1264,24,55.96,65.8,60.67,50.96,54.99,9.3,55.99,93.33,23.5,7.9,1,0,1,0,2,0
S1265,24,55.14,45.83,58.54,61.74,89.93,3.07,64.76,52.54,11.8,7.5,4,0,0,0,4,1
S1266,23,53.87,63.38,52.44,79.39,66.72,2.25,72.92,57.71,19.9,7.0,10,0,1,0,2,0
S1267,19,79.66,40.91,64.54,98.1,68.88,7.3,73.88,55.58,18.3,4.7,10,1,1,0,1,2
S1268,23,59.47,93.9,51.73,55.18,85.44,7.45,79.14,59.08,18.2,8.2,9,1,0,0,1,0
S1269,22,68.06,71.62,97.75,56.08,96.47,4.72,68.12,90.16,19.9,7.0,10,0,0,1,0,1
S1270,20,93.1,90.99,49.27,85.09,85.81,9.47,95.99,84.31,29.8,7.5,3,0,1,0,4,2
S1271,20,71.22,43.59,94.8,83.36,88.79,2.03,74.79,84.35,29.7,7.9,6,0,0,0,2,0
S1272,23,95.78,53.65,65.71,62.53,87.54,9.13,71.19,96.11,29.5,5.6,10,1,1,1,3,1
S1273,22,74.9,55.56,62.67,90.66,66.05,7.56,52.41,69.59,18.7,6.2,9,1,1,1,4,2
S1274,18,69.94,63.2,53.88,56.44,87.85,3.68,79.95,50.16,13.0,6.7,4,0,1,1,1,2
S1275,22,87.52,88.17,78.15,96.29,89.23,8.07,80.14,81.99,19.0,5.7,3,0,1,0,4,2
S1276,21,53.66,63.19,81.13,60.05,76.67,1.33,79.16,93.4,20.6,5.3,5,1,0,0,3,2
S1277,23,54.47,52.28,68.05,54.07,76.84,1.31,94.38,98.81,12.8,7.9,7,1,0,1,4,0
S1278,22,82.6,43.9,43.34,66.98,87.99,9.3,88.15,68.19,20.8,7.8,5,0,1,0,0,0
S1279,18,74.35,44.77,95.11,59.39,90.85,0.95,93.37,91.11,20.5,8.2,4,0,0,1,3,2
S1280,22,89.52,85.6,98.82,76.35,66.86,0.04,52.97,92.46,27.6,7.5,1,0,0,1,2,2
S1281,20,95.81,66.69,65.86,84.34,90.08,3.89,65.91,57.22,10.9,5.6,6,0,0,0,1,0
S1282,19,69.42,83.57,76.82,74.55,90.71,1.04,65.94,81.57,22.4,5.6,4,1,1,1,4,0
S1283,20,79.82,80.94,67.02,83.03,61.71,8.63,82.85,58.66,16.3,6.6,6,1,1,0,3,2
S1284,24,75.03,48.12,59.31,68.25,85.85,9.23,72.43,72.33,8.2,8.2,6,0,1,0,0,2
S1285,19,99.08,48.57,44.64,51.4,59.33,4.82,88.87,93.96,12.9,5.7,4,0,1,0,0,0
S1286,24,91.55,85.32,67.36,98.7,54.65,4.25,69.22,89.47,6.4,7.8,8,0,0,1,2,0
S1287,22,95.59,83.28,89.1,90.97,78.73,5.39,61.08,78.52,13.0,5.5,4,1,1,0,1,0
S1288,21,62.72,62.68,41.02,53.67,95.43,2.26,64.55,90.44,6.7,5.7,5,0,1,0,0,0
S1289,22,88.63,44.65,74.93,72.46,51.77,2.98,59.12,57.64,28.1,7.8,5,0,0,0,1,2
S1290,18,63.27,40.73,92.85,81.75,91.33,1.01,59.89,59.75,7.5,7.4,2,0,1,1,3,0
S1291,22,60.44,57.29,53.05,59.53,75.32,4.46,60.84,60.44,25.4,5.0,8,1,1,1,4,2
S1292,19,97.21,40.55,51.0,78.9,93.04,6.12,50.8,88.8,27.7,8.1,8,0,1,1,2,0
S1293,20,50.97,53.8,86.34,76.68,92.17,9.3,85.8,94.55,16.7,7.9,10,1,1,1,0,0
S1294,21,98.27,65.17,55.31,60.41,93.76,7.39,69.98,78.14,6.3,8.0,8,0,1,1,4,1
S1295,24,57.46,47.28,51.52,57.06,88.44,7.23,51.13,97.9,19.9,6.4,1,0,0,1,0,1
S1296,22,90.97,46.26,62.68,87.95,92.15,3.08,68.5,86.4,10.9,5.6,7,0,0,1,2,1
S1297,22,63.8,93.79,63.55,66.13,58.8,8.88,95.27,78.18,9.4,8.2,3,1,1,0,0,0
S1298,20,67.54,75.13,92.45,62.2,65.19,9.47,75.56,80.58,19.2,6.9,1,0,0,1,2,1
S1299,21,60.84,96.07,77.11,86.89,62.12,9.32,99.34,92.48,13.9,8.7,5,0,0,1,4,1
S1300,23,79.28,60.75,64.36,86.8,87.12,0.39,77.0,54.51,23.3,5.3,4,1,0,1,3,2
S1301,24,67.4,80.63,72.06,63.82,57.68,6.04,98.14,58.4,19.8,8.9,7,1,1,1,2,1
S1302,22,82.87,52.28,97.24,93.63,59.11,6.43,60.09,63.31,25.7,5.9,1,1,0,0,3,1
S1303,22,50.78,77.1,46.79,84.41,93.95,2.95,64.5,94.74,6.5,5.9,1,0,0,1,1,2
S1304,23,53.22,47.78,52.46,67.29,85.29,9.92,85.0,97.25,10.9,5.2,8,1,0,0,4,0
S1305,24,54.98,40.12,97.75,71.37,93.77,2.91,99.34,67.81,19.2,8.8,4,0,0,1,2,1
S1306,19,70.95,95.89,97.44,86.34,56.97,2.17,91.26,96.19,27.0,4.2,9,1,1,1,4,2
S1307,19,90.74,73.29,50.63,60.58,69.95,4.84,77.69,77.34,25.3,6.4,10,1,1,0,3,2
S1308,18,94.41,95.62,48.71,73.44,64.16,3.23,54.26,73.66,22.0,5.8,10,1,0,1,3,1
S1309,20,62.24,60.03,65.27,82.68,50.48,9.24,68.22,91.64,19.4,4.8,5,0,0,1,4,2
S1310,21,78.72,59.67,42.98,76.97,64.23,4.4,54.32,77.3,20.8,7.6,6,0,1,1,4,1
S1311,22,88.42,64.04,79.29,80.42,68.98,4.1,65.56,72.72,10.3,8.5,2,0,1,0,3,0
S1312,24,64.44,82.36,44.65,77.31,54.61,6.26,62.94,50.8,19.9,5.2,3,0,0,1,4,1
S1313,22,70.45,73.95,43.48,59.96,78.32,0.81,69.43,50.64,17.3,6.5,7,0,0,0,3,0
S1314,18,76.2,95.52,69.11,70.51,69.16,7.57,91.86,81.38,14.6,6.9,7,0,0,1,1,2
S1315,24,56.74,41.53,97.47,76.6,52.32,7.68,57.52,53.67,27.2,6.0,6,0,0,0,3,2
S1316,24,51.3,82.49,65.61,89.0,85.2,4.74,65.3,86.85,25.7,8.6,4,0,0,1,0,0
S1317,22,57.64,59.82,61.39,82.7,86.46,9.56,63.06,81.12,6.9,6.3,10,0,1,1,3,1
S1318,20,81.34,50.81,99.88,71.33,91.72,5.79,64.81,72.89,29.6,8.9,4,1,1,0,1,1
S1319,18,53.68,70.62,71.92,98.72,74.28,6.95,68.03,85.49,10.7,5.5,8,1,0,0,3,1
S1320,20,59.48,70.3,62.51,55.39,98.43,9.24,62.22,99.65,10.4,4.4,9,0,0,1,4,2
S1321,18,66.89,48.22,63.15,60.34,95.7,6.66,97.13,62.32,28.6,6.9,8,0,1,1,1,2
S1322,22,53.89,52.11,51.7,67.07,77.57,4.32,71.01,77.85,16.1,8.1,8,0,0,0,2,0
S1323,18,59.58,64.49,70.73,61.43,72.25,0.25,55.71,92.14,25.1,5.9,5,0,1,0,3,1
S1324,19,95.56,64.53,66.33,81.27,50.15,7.28,73.38,50.84,12.2,4.9,2,1,0,1,4,2
S1325,24,50.96,59.05,56.25,51.98,85.55,9.65,59.22,60.18,26.8,7.7,10,1,0,1,2,2
S1326,21,82.67,48.91,49.63,58.87,78.25,4.7,60.81,76.05,25.8,5.4,2,0,1,0,2,2
S1327,22,69.22,40.26,58.67,64.67,96.88,3.4,64.25,77.61,18.0,7.8,2,1,1,1,2,0
S1328,23,83.63,98.21,70.52,84.17,79.71,5.19,56.24,54.32,22.6,5.3,6,1,0,0,0,2
S1329,21,79.43,96.61,43.5,93.79,99.64,7.28,86.06,70.37,29.1,6.8,10,0,1,1,4,0
S1330,22,61.17,69.02,49.22,89.92,92.69,0.01,89.6,75.99,16.3,8.4,5,0,1,1,0,0
S1331,21,92.36,99.7,96.86,59.1,97.68,8.87,69.71,71.15,17.4,5.0,4,0,1,1,4,0
S1332,19,74.6,80.42,72.57,78.27,66.38,8.86,84.45,85.03,23.1,8.1,4,0,0,1,4,1
S1333,21,91.13,44.13,43.81,51.5,57.47,5.41,69.45,88.57,14.7,5.3,8,1,0,1,1,1
S1334,18,70.3,47.06,81.59,65.53,89.84,1.22,58.2,73.01,29.0,7.3,10,0,1,0,2,2
S1335,21,99.23,94.97,43.71,90.3,89.31,6.72,69.86,71.28,6.0,5.2,2,1,0,0,3,1
S1336,22,88.52,77.8,84.33,72.83,60.57,1.38,77.85,85.27,15.1,4.6,5,0,1,0,1,1
S1337,23,98.3,90.59,85.0,57.5,88.24,5.08,52.05,77.77,22.8,7.3,7,1,1,1,3,2
S1338,23,75.72,93.9,79.06,71.93,79.1,0.94,82.72,93.52,15.7,7.0,7,0,1,0,2,0
S1339,20,73.68,66.88,83.93,59.9,55.48,5.89,87.13,74.06,11.5,6.0,8,0,1,1,4,0
S1340,24,87.77,42.91,45.28,69.66,75.09,3.18,93.0,78.72,15.3,4.2,3,1,1,1,1,2
S1341,21,94.01,51.3,83.61,74.39,96.56,8.31,55.14,56.44,27.0,6.4,2,1,0,1,0,2
S1342,23,98.21,43.99,48.2,67.48,75.32,8.0,50.0,91.8,18.7,4.7,8,1,0,1,4,1
S1343,21,66.23,51.32,60.37,96.85,89.43,9.98,53.66,71.11,13.4,5.8,9,0,0,0,0,0
S1344,24,89.94,64.63,96.56,78.13,51.45,2.58,96.21,85.95,21.8,6.9,1,1,0,1,4,1
S1345,23,60.53,47.09,70.17,92.14,86.4,0.62,88.28,71.47,20.3,8.7,9,1,1,1,4,0
S1346,24,77.28,50.0,98.05,88.04,97.34,4.43,91.77,50.05,19.0,6.6,8,1,0,0,2,0
S1347,21,58.99,66.75,45.34,83.06,74.98,0.83,75.85,70.02,14.8,5.0,7,1,1,1,1,1
S1348,22,67.37,60.41,68.65,74.84,66.89,1.78,76.34,57.38,6.8,8.7,8,1,1,0,3,0
S1349,21,96.57,68.06,43.74,50.11,82.33,5.97,64.93,69.93,20.5,4.1,3,1,1,0,2,0
S1350,24,57.3,65.75,77.81,80.67,95.81,5.92,92.14,66.07,15.5,7.2,2,1,0,0,3,0
S1351,22,81.62,78.67,44.72,67.8,58.84,0.43,91.49,60.13,15.7,5.3,4,1,0,0,4,1
S1352,22,79.65,96.23,50.52,55.89,70.18,4.43,69.61,56.19,10.9,7.8,7,1,1,1,0,1
S1353,20,56.04,46.47,55.53,72.23,57.81,5.3,66.46,86.43,11.2,5.7,2,0,0,0,3,2
S1354,23,66.3,45.96,84.92,86.78,74.83,2.68,86.92,87.74,24.7,6.1,7,0,0,1,0,0
S1355,18,78.15,91.17,49.84,98.08,77.02,8.72,51.31,63.25,17.0,7.9,7,1,1,1,3,0
S1356,22,59.36,70.38,90.8,68.71,97.21,1.61,93.0,74.76,7.7,8.5,10,0,0,0,0,0
S1357,24,90.03,85.98,47.91,77.14,70.63,2.54,72.31,73.2,6.1,4.9,9,0,0,1,2,1
S1358,23,98.61,52.93,42.11,92.56,78.35,1.57,72.07,67.76,10.6,5.5,3,1,0,1,3,0
S1359,19,60.74,89.73,63.7,66.7,94.26,1.17,83.45,63.88,17.2,4.0,9,1,1,0,2,1
S1360,21,59.35,95.43,98.77,57.11,66.07,8.79,82.29,59.3,20.4,8.3,7,1,1,0,2,1
S1361,24,72.75,78.13,46.62,64.09,83.71,2.78,63.3,93.64,8.6,8.7,8,1,0,1,0,1
S1362,19,87.39,46.35,46.1,94.96,87.86,7.23,97.16,91.67,15.8,5.4,3,1,0,0,3,1
S1363,24,64.08,93.72,85.07,57.97,66.53,4.28,99.32,70.86,6.8,5.9,5,1,0,1,3,2
S1364,21,50.99,87.55,58.73,66.46,58.22,6.36,76.3,86.06,5.9,6.1,7,0,0,0,1,1
S1365,20,77.06,85.05,83.04,73.23,75.15,9.28,78.07,74.92,26.6,6.0,8,1,0,0,0,2
S1366,24,97.83,42.2,52.0,92.36,67.84,8.45,77.72,54.27,21.5,6.0,6,0,0,1,3,1
S1367,22,69.56,87.94,67.6,96.89,63.32,0.69,74.29,91.12,24.5,6.4,6,1,1,1,4,1
S1368,18,71.01,48.28,55.92,71.29,98.67,8.45,97.26,60.96,9.5,4.8,5,1,0,1,1,0
S1369,22,98.45,53.34,67.09,96.6,75.11,4.52,62.24,85.34,13.1,4.3,4,0,1,0,3,1
S1370,21,84.73,74.63,86.15,58.07,92.82,3.5,55.4,76.37,16.1,7.6,7,1,0,0,0,0
S1371,24,85.96,55.9,85.72,57.84,59.77,6.72,96.48,84.53,21.5,8.2,10,1,1,1,4,1
S1372,18,78.14,79.68,70.95,97.46,96.97,9.5,60.65,73.56,18.4,8.1,5,0,1,0,3,2
S1373,22,98.73,76.48,95.7,75.48,89.72,0.94,87.46,85.13,18.8,7.1,8,1,1,1,2,2
S1374,18,84.44,46.49,55.83,59.3,90.43,7.68,60.19,51.64,8.9,8.8,1,0,0,0,2,2
S1375,21,94.75,79.36,54.42,74.4,69.49,2.04,98.01,52.04,16.9,4.0,8,1,1,1,4,1
S1376,20,84.97,95.44,76.83,89.16,74.28,3.8,89.56,94.82,25.6,5.6,5,1,1,1,4,0
S1377,20,86.76,49.67,77.28,91.35,79.67,8.74,95.94,87.48,17.7,5.6,4,0,1,0,4,1
S1378,24,64.52,75.82,42.79,93.2,89.49,5.46,97.55,91.42,10.0,5.7,6,1,1,0,4,0
S1379,22,65.17,60.51,76.47,78.48,92.45,0.67,54.22,72.83,15.3,8.0,7,0,0,0,0,2
S1380,19,89.15,67.58,62.47,93.35,53.9,5.08,71.67,72.98,23.9,5.8,3,0,1,1,2,0
S1381,21,64.84,57.22,84.85,75.5,95.2,7.9,82.41,76.7,8.4,6.6,4,0,1,1,3,2
S1382,22,78.14,61.25,88.49,80.35,96.87,5.29,90.12,62.18,19.5,7.1,7,1,1,0,3,0
S1383,22,62.47,41.73,73.13,87.94,79.64,1.67,62.07,86.68,29.1,8.2,7,1,1,1,2,0
S1384,20,90.85,98.89,40.1,71.27,59.34,4.45,95.73,91.47,14.5,7.1,3,0,1,1,3,0
S1385,24,55.53,77.49,78.18,53.68,90.92,9.24,61.05,95.36,6.1,5.9,9,1,0,0,2,2
S1386,18,91.47,70.04,84.93,67.51,77.43,6.58,93.31,75.85,20.8,7.5,3,1,1,0,1,2
S1387,21,80.14,63.02,54.94,81.2,90.86,7.3,75.64,70.73,6.2,6.6,8,1,0,0,2,2
S1388,18,59.35,72.36,67.88,59.62,90.74,7.86,75.77,91.55,9.8,6.6,8,0,0,1,3,2
S1389,23,77.1,62.81,97.94,57.42,54.34,0.91,68.7,87.63,6.2,5.7,3,1,1,1,1,0
S1390,23,64.12,61.59,57.89,64.65,80.35,5.82,55.18,93.36,9.3,4.0,7,0,0,1,3,2
S1391,21,66.17,67.84,53.39,51.61,74.16,3.76,67.35,82.79,26.4,5.8,3,1,0,1,0,1
S1392,24,67.58,56.56,52.65,87.17,97.31,1.39,71.34,94.17,23.4,5.5,2,1,1,1,3,0
S1393,19,53.17,50.8,73.53,62.94,64.83,2.03,73.95,54.45,13.5,4.5,7,0,1,0,1,1
S1394,23,99.3,73.4,96.99,56.21,60.3,7.81,86.95,83.98,27.4,5.0,8,1,1,1,2,2
S1395,20,51.58,90.57,76.52,84.96,94.85,1.61,67.6,54.44,21.6,8.9,9,0,0,1,3,0
S1396,19,83.12,49.17,58.2,92.15,57.44,3.12,70.33,87.45,16.2,5.4,1,1,1,0,2,2
S1397,22,68.56,41.96,78.31,50.99,84.33,2.85,95.3,81.42,6.7,6.6,9,0,0,1,3,0
S1398,23,82.3,54.81,77.49,61.68,65.0,0.49,87.63,50.8,23.3,6.7,2,1,1,1,4,0
S1399,20,67.81,98.78,75.82,97.26,78.39,4.62,51.14,79.96,14.4,6.8,3,1,1,0,3,2
S1400,22,83.69,89.73,49.57,69.26,80.81,7.66,90.6,57.31,12.6,4.2,8,1,0,0,4,2
S1401,19,86.46,75.75,78.07,96.93,70.87,0.22,99.5,57.12,12.2,7.9,2,0,1,1,3,0
S1402,21,84.53,95.75,65.81,63.71,98.75,1.13,96.99,57.52,5.2,7.7,7,0,0,0,3,1
S1403,22,55.7,66.72,41.12,60.9,56.59,7.2,91.8,74.19,23.6,8.9,8,0,0,1,4,0
S1404,18,82.84,99.0,72.39,60.71,69.57,5.94,81.46,55.78,8.6,4.9,10,1,1,0,0,2
S1405,21,64.0,57.78,99.36,54.26,71.52,7.15,63.91,56.28,18.0,6.8,5,0,0,1,2,2
S1406,21,51.44,54.42,60.98,94.82,81.55,2.3,82.72,62.81,5.4,8.0,3,0,1,0,1,1
S1407,19,70.74,78.28,97.93,98.99,70.36,8.04,84.78,50.04,20.7,4.6,9,0,1,0,3,1
S1408,19,71.68,62.69,45.77,97.73,54.85,4.8,64.08,63.79,14.2,7.9,8,0,1,1,1,0
S1409,20,73.36,77.58,83.95,92.6,97.37,6.1,62.77,80.92,20.8,5.3,3,0,0,1,0,0
S1410,20,85.24,58.3,46.86,92.34,70.8,0.92,69.85,80.08,7.2,5.4,8,0,0,0,3,1
S1411,18,65.44,77.08,56.41,83.05,67.13,2.05,82.06,98.48,11.7,8.7,3,0,0,1,4,0
S1412,21,65.76,56.54,74.25,91.31,72.34,7.73,64.65,55.98,7.8,5.6,6,0,1,1,4,2
S1413,24,53.03,43.06,75.57,60.42,60.83,2.24,77.78,93.28,21.2,6.9,1,0,1,1,3,0
S1414,18,84.34,94.73,86.51,69.4,55.01,0.93,94.96,69.56,7.7,6.2,4,0,1,0,4,0
S1415,18,78.39,92.99,76.92,82.04,57.43,5.97,64.76,69.35,20.4,4.4,8,1,0,1,0,1
S1416,24,67.47,98.25,75.62,93.74,58.33,5.48,98.3,67.44,8.4,8.8,6,1,0,0,2,2
S1417,24,85.26,82.99,94.74,83.02,59.88,6.08,73.67,56.24,28.6,5.1,5,0,1,1,2,0
S1418,24,76.87,80.96,67.13,91.95,71.0,6.18,55.05,73.93,15.4,5.3,6,1,1,1,0,0
S1419,19,73.46,73.54,53.52,73.7,81.19,5.0,52.75,89.37,8.2,5.9,7,1,0,1,4,2
S1420,18,75.57,47.56,49.71,85.87,81.44,4.94,66.93,93.77,6.0,6.5,1,0,0,0,2,2
S1421,18,81.82,51.35,64.0,99.0,50.0,9.24,62.94,98.14,13.2,4.7,3,0,0,0,4,2
S1422,22,83.0,57.37,82.77,57.67,96.05,5.34,92.19,89.26,27.3,7.1,1,0,0,1,4,0
S1423,24,64.45,93.41,42.55,96.35,91.14,6.17,86.88,81.15,8.6,6.6,9,1,1,0,1,1
S1424,24,57.04,50.38,47.74,76.12,98.2,2.67,94.23,74.88,24.8,5.5,4,0,0,1,2,0
S1425,20,57.83,95.37,46.37,82.16,68.0,8.71,79.46,93.74,15.4,7.5,2,1,0,0,4,0
S1426,20,81.97,71.37,75.12,93.89,83.24,0.24,71.77,86.98,25.1,6.6,5,0,1,1,1,2
S1427,21,93.64,82.93,54.57,70.48,58.4,5.57,63.53,58.06,26.9,8.2,2,1,1,0,0,2
S1428,20,70.47,46.61,49.98,70.93,90.85,3.84,79.16,84.13,29.9,8.3,7,1,1,1,2,0
S1429,23,58.48,56.14,75.57,76.36,58.07,6.04,80.9,71.55,6.7,8.9,4,0,1,0,0,2
S1430,21,87.83,97.51,85.68,50.96,66.3,3.6,69.65,79.79,24.9,4.3,5,0,0,1,0,0
S1431,24,91.62,55.97,59.93,74.83,74.54,7.18,96.83,94.92,6.7,6.0,9,1,1,1,3,2
S1432,22,94.03,57.79,74.69,64.55,79.73,0.2,82.0,82.63,12.9,6.5,2,1,0,1,2,1
S1433,20,80.34,51.86,45.89,96.4,77.98,4.06,91.87,96.94,21.2,5.2,5,0,0,0,0,0
S1434,22,93.04,47.74,96.11,54.39,55.1,8.31,81.02,93.32,16.2,8.6,4,0,0,1,0,0
S1435,20,50.77,54.0,60.21,72.97,71.08,2.5,65.83,56.45,19.1,4.4,3,1,1,0,0,2
S1436,20,55.36,78.54,99.85,97.37,96.15,0.53,86.83,50.58,29.2,6.1,1,0,1,1,4,0
S1437,22,54.63,67.32,98.72,95.05,93.62,4.97,61.51,69.22,25.5,4.9,6,1,0,0,2,0
S1438,18,85.63,73.23,86.73,85.07,79.54,9.77,79.83,93.27,14.1,7.4,7,0,0,1,2,0
S1439,18,53.48,47.34,41.2,79.47,78.62,0.64,70.12,61.51,20.0,7.5,1,0,1,0,2,2
S1440,18,74.82,88.13,72.61,64.04,55.58,0.7,57.49,84.57,6.2,8.4,6,0,1,1,2,2
S1441,23,73.64,87.05,45.21,68.35,60.01,5.95,70.66,73.8,16.3,6.0,1,1,0,1,2,0
S1442,18,65.54,41.3,93.71,54.51,62.63,2.5,65.51,87.3,20.2,7.9,6,0,1,1,0,1
S1443,20,93.52,63.01,87.38,89.31,74.41,4.1,55.61,58.25,22.9,6.7,4,1,1,0,1,1
S1444,24,58.52,44.13,98.34,66.19,86.57,8.31,91.19,61.95,27.5,8.1,6,0,0,1,3,0
S1445,19,67.62,87.53,76.5,83.39,73.04,1.99,74.93,62.13,12.1,4.4,1,1,1,0,2,1
S1446,22,88.71,84.24,71.33,67.88,56.3,7.19,67.32,77.42,27.6,6.3,1,1,0,0,4,0
S1447,24,51.52,94.12,71.14,73.22,71.97,5.04,75.25,64.48,21.5,4.8,3,0,1,0,1,2
S1448,19,83.65,54.18,63.19,77.75,58.13,9.05,87.73,90.59,6.9,8.0,6,1,0,1,4,1
S1449,24,90.82,67.38,68.12,90.09,87.56,9.73,50.91,67.34,14.5,4.8,3,1,0,0,0,1
S1450,23,96.61,51.07,78.12,60.56,58.33,4.85,77.34,83.04,16.9,4.0,7,1,1,0,3,0
S1451,19,93.81,62.27,95.98,69.94,74.13,5.85,73.96,97.43,13.8,8.6,4,1,1,0,0,0
S1452,21,65.97,71.33,75.75,56.5,84.67,7.46,94.65,80.35,7.9,6.4,9,0,1,0,0,2
S1453,18,79.32,43.2,91.43,53.79,61.41,3.19,77.8,62.11,18.8,8.9,7,0,0,1,2,1
S1454,23,53.86,82.89,91.77,80.23,53.8,2.27,56.87,91.52,8.3,6.3,4,0,1,1,4,1
S1455,24,62.89,72.6,71.13,59.45,78.16,9.65,69.43,50.63,27.9,7.0,9,1,0,0,2,1
S1456,20,54.71,89.74,60.85,52.99,52.71,4.33,81.05,62.83,26.6,7.7,5,1,0,0,0,1
S1457,18,65.76,56.31,78.37,94.85,79.39,0.02,52.3,69.37,16.9,5.4,4,0,1,0,3,0
S1458,18,93.76,94.2,66.75,76.72,87.67,8.38,94.23,59.8,6.7,4.7,2,0,0,0,1,2
S1459,19,67.36,99.92,44.89,56.73,66.47,6.0,53.39,80.2,18.8,7.3,9,1,0,0,0,1
S1460,21,78.09,95.16,62.67,52.67,74.42,1.69,51.53,77.9,19.8,6.6,10,0,0,0,0,2
S1461,18,71.67,86.67,99.64,55.99,96.44,0.3,50.1,70.32,27.2,8.1,8,0,1,0,0,0
S1462,24,72.95,88.74,42.91,73.57,73.56,2.91,84.19,64.72,6.7,4.2,6,1,1,0,4,0
S1463,24,98.48,74.42,81.8,83.42,99.83,9.28,72.8,71.7,22.3,6.7,1,0,1,1,1,0
S1464,22,64.81,51.41,90.47,82.06,57.85,9.33,55.14,64.56,19.1,4.9,8,1,1,0,3,2
S1465,22,81.37,80.62,78.92,57.22,85.45,3.11,92.81,61.06,9.4,7.1,4,0,1,0,0,2
S1466,18,71.0,82.77,74.18,81.67,82.63,8.36,60.14,67.56,8.0,7.8,1,1,1,0,1,1
S1467,19,53.06,99.12,82.45,70.24,93.62,4.42,66.32,80.12,22.3,5.3,3,1,1,1,0,2
S1468,19,74.47,72.48,65.76,73.24,54.62,6.54,58.89,82.42,13.5,6.4,6,1,1,1,1,2
S1469,20,90.67,56.28,45.48,90.07,64.01,3.34,96.34,64.87,30.0,6.1,2,1,0,0,1,1
S1470,23,54.94,81.02,97.74,66.62,56.61,5.16,87.9,97.37,27.4,7.8,8,1,0,0,4,0
S1471,23,53.48,98.76,65.94,57.35,96.65,2.94,86.2,63.1,19.1,7.0,5,0,1,1,4,0
S1472,23,57.68,50.63,79.92,93.67,71.33,0.61,52.2,85.61,21.0,4.6,5,0,0,0,1,2
S1473,21,88.22,59.56,71.88,60.61,95.5,1.39,76.14,54.07,9.0,8.9,1,0,0,0,2,1
S1474,19,86.2,72.51,43.28,64.7,64.72,2.91,78.77,83.24,27.4,8.6,9,1,1,1,0,2
S1475,20,78.25,50.21,97.16,85.33,56.32,9.76,69.13,73.0,16.5,6.9,2,0,1,1,4,2
S1476,22,73.41,41.33,87.55,84.18,64.83,9.66,66.09,78.46,18.0,7.9,9,1,1,1,1,0
S1477,24,94.42,60.22,48.95,90.02,79.86,8.28,92.6,59.2,26.8,4.1,10,1,1,0,2,1
S1478,23,88.33,91.92,98.9,59.19,92.26,2.33,51.15,71.68,5.2,5.0,10,0,1,0,1,2
S1479,22,90.6,42.61,84.21,67.61,69.27,4.42,81.27,88.31,17.4,7.8,1,1,1,1,3,2
S1480,22,90.66,65.74,68.34,56.29,95.74,4.4,69.71,88.35,20.7,4.5,10,0,1,0,1,2
S1481,18,82.14,85.73,76.68,77.05,62.21,3.87,83.3,61.88,9.0,4.2,8,1,0,0,3,0
S1482,21,72.9,97.19,46.4,64.63,84.68,0.45,59.9,67.63,6.7,7.1,3,1,1,0,4,0
S1483,20,93.23,99.13,73.62,84.45,86.79,5.35,61.93,50.19,18.4,4.2,3,0,0,1,4,2
S1484,21,96.3,65.32,44.42,50.02,63.7,0.73,79.34,54.5,18.7,4.9,7,1,0,1,1,1
S1485,18,51.19,97.02,72.69,52.98,51.35,8.02,99.0,56.34,13.3,4.4,7,0,1,1,4,0
S1486,20,52.58,42.13,73.16,71.63,68.26,6.91,98.73,64.68,27.1,6.7,7,1,1,1,1,2
S1487,20,97.94,84.76,92.47,97.91,52.26,3.53,62.45,87.95,12.5,7.4,7,0,0,0,1,0
S1488,19,63.86,78.56,83.5,94.54,95.04,6.47,55.12,75.51,17.9,4.9,3,1,1,1,3,0
S1489,21,93.67,54.97,54.97,99.7,97.68,2.33,79.52,89.63,9.7,6.3,8,0,0,1,0,2
S1490,21,69.44,70.44,93.31,70.84,86.77,2.65,71.0,87.75,5.3,4.1,1,0,0,0,1,0
S1491,19,55.96,47.77,74.39,52.33,86.33,3.14,88.08,79.36,15.7,5.3,3,1,0,0,0,0
S1492,22,54.02,92.3,76.38,65.3,62.04,7.97,76.4,74.99,18.2,4.9,8,0,0,1,2,2
S1493,18,57.83,61.47,50.14,83.79,53.7,2.11,75.53,96.57,24.1,4.8,2,1,0,1,4,0
S1494,21,62.49,77.56,91.47,56.76,90.11,5.63,82.32,78.46,16.2,5.1,7,1,1,1,2,2
S1495,19,74.43,49.53,95.86,65.0,77.96,2.0,56.32,74.14,12.0,8.0,4,0,0,0,2,2
S1496,24,85.07,52.37,86.5,52.81,84.08,2.85,83.86,93.46,20.1,8.7,6,0,0,1,1,2
S1497,20,99.32,99.52,96.45,73.75,88.98,2.35,74.43,53.57,14.5,7.5,9,0,1,1,2,0
S1498,23,72.08,85.19,58.14,60.45,70.47,6.45,91.01,82.8,10.8,4.4,8,0,0,1,1,1
S1499,24,75.91,97.72,91.67,54.56,57.23,5.27,56.94,55.65,27.8,7.1,4,0,1,0,4,1
S1500,19,76.09,57.75,69.33,70.56,89.75,7.21,65.04,90.99,18.4,7.7,7,1,1,1,4,0
S1501,23,76.97,49.87,49.84,67.56,72.69,2.2,97.51,89.63,10.0,4.6,3,0,0,0,2,0
S1502,22,75.89,70.18,80.13,76.88,91.35,0.09,77.65,75.18,21.8,5.5,9,1,1,0,1,2
S1503,18,50.44,69.68,81.05,87.45,71.88,6.81,96.47,83.05,25.1,6.1,2,0,0,0,3,1
S1504,23,50.09,50.5,57.22,55.63,60.85,1.15,84.45,88.63,24.0,5.6,6,0,0,0,3,1
S1505,22,54.88,83.99,41.65,89.56,58.55,2.46,96.32,74.17,20.0,6.6,5,0,0,1,0,0
S1506,23,55.08,61.71,51.99,51.31,87.2,3.06,65.89,95.3,18.0,4.7,4,1,0,0,0,2
S1507,20,85.24,51.18,63.99,72.16,78.74,7.47,54.53,71.85,24.4,6.2,2,0,0,1,0,0
S1508,20,60.25,59.92,50.05,79.37,70.23,6.26,90.11,94.6,22.7,7.7,9,1,1,0,2,0
S1509,20,94.74,73.82,51.64,97.85,74.61,1.84,90.22,79.14,19.3,6.3,5,1,1,0,1,1
S1510,20,96.43,83.59,63.48,78.7,77.48,5.98,80.94,71.31,21.4,5.1,1,1,0,0,0,0
S1511,19,98.79,68.91,97.71,57.94,61.97,7.08,78.98,50.2,9.2,8.0,5,0,0,0,1,1
S1512,20,96.95,71.54,85.85,75.88,68.91,3.89,95.75,64.78,5.5,6.0,7,1,0,1,2,0
S1513,24,63.59,48.34,59.18,69.79,64.62,2.46,58.82,93.4,28.3,6.1,3,0,0,1,1,1
S1514,20,75.49,94.88,97.1,73.97,69.42,6.79,80.83,71.44,28.4,5.8,7,1,1,0,1,1
S1515,24,58.77,95.72,78.74,59.85,75.03,6.11,52.49,71.07,24.7,5.4,6,0,0,0,2,1
S1516,19,90.31,81.01,67.33,75.04,58.67,0.78,57.04,74.47,14.3,7.0,7,1,0,1,3,1
S1517,20,94.42,41.06,68.1,57.5,69.68,6.67,71.86,64.32,8.8,4.9,9,0,1,0,1,2
S1518,22,92.56,72.22,64.64,87.2,69.27,4.89,91.06,74.58,13.9,7.8,2,0,1,1,1,1
S1519,22,71.67,77.75,53.98,79.7,64.3,7.53,86.66,68.79,23.2,6.4,2,0,1,1,4,2
S1520,21,87.93,99.68,63.2,53.93,99.92,1.91,98.7,95.47,13.4,8.4,1,1,1,0,4,2
S1521,22,54.88,99.76,71.67,94.48,53.68,2.58,52.24,78.2,24.9,8.7,2,1,1,0,0,0
S1522,18,52.01,91.46,71.68,80.82,82.15,5.43,69.07,91.71,21.8,5.9,3,0,0,1,0,1
S1523,18,87.66,43.83,85.7,65.81,58.72,4.82,57.94,84.34,20.7,4.8,7,1,0,0,2,0
S1524,18,71.27,97.2,61.53,52.28,91.98,3.86,51.85,60.63,28.3,6.5,3,1,0,1,2,0
S1525,19,99.78,76.76,83.01,81.61,95.71,7.46,63.22,93.38,27.3,5.4,8,1,0,0,4,1
S1526,22,54.86,88.05,74.69,68.67,70.07,5.65,62.22,54.36,22.8,6.1,3,1,1,0,4,1
S1527,24,92.78,64.43,97.71,95.38,91.17,7.1,71.0,72.43,10.0,5.9,2,1,1,1,0,0
S1528,18,74.0,59.18,63.12,51.74,62.5,1.53,57.0,61.96,28.5,6.3,10,1,1,1,4,0
S1529,21,91.36,67.79,94.07,51.96,57.0,7.29,74.43,76.88,10.7,6.5,10,1,1,1,1,1
S1530,19,90.86,48.81,89.24,97.46,65.79,4.62,96.0,65.0,14.3,7.1,4,0,1,0,1,2
S1531,21,95.8,61.42,78.26,98.24,67.08,0.34,87.41,86.14,25.7,4.0,4,0,0,1,4,2
S1532,22,64.89,91.46,79.27,51.39,69.87,2.34,92.11,96.85,10.2,5.3,5,1,0,0,2,0
S1533,20,97.49,42.28,45.08,85.8,68.65,0.26,90.24,85.45,21.0,4.9,5,0,0,1,0,2
S1534,21,57.58,49.05,97.01,61.07,70.56,4.57,69.48,67.77,16.4,7.6,3,0,1,0,1,0
S1535,20,54.1,47.51,46.42,85.07,85.5,3.26,85.45,80.0,20.6,8.2,1,0,0,1,2,1
S1536,19,71.58,64.18,73.79,93.44,62.28,9.87,87.71,94.43,29.0,7.6,8,1,0,1,4,0
S1537,21,91.42,99.82,59.8,55.04,50.93,8.69,60.28,63.5,25.2,8.9,10,1,0,1,0,2
S1538,21,73.67,50.4,65.79,61.94,74.48,8.26,93.01,55.91,12.4,4.4,2,1,1,0,0,2
S1539,23,91.46,48.73,76.61,51.2,72.41,5.01,72.89,56.54,6.4,6.3,5,1,1,1,2,2
S1540,19,86.48,94.9,94.53,52.19,53.0,8.07,50.82,74.74,29.2,8.5,2,1,1,0,2,1
S1541,19,60.47,92.92,67.45,51.48,56.69,2.67,82.17,86.61,19.6,5.6,6,0,0,0,2,1
S1542,18,97.44,41.93,99.26,90.03,75.5,5.61,83.84,82.86,9.3,8.0,7,1,0,1,4,1
S1543,22,53.04,85.1,75.57,64.91,61.74,3.93,77.59,72.69,20.7,6.8,7,0,1,1,4,2
S1544,21,94.91,79.33,49.63,74.66,93.88,1.71,60.62,86.46,6.1,8.9,1,1,0,1,2,1
S1545,21,65.22,86.06,51.4,89.39,58.66,0.73,74.11,81.7,9.7,5.9,9,0,0,0,4,1
S1546,24,75.01,69.67,82.97,74.75,51.01,5.58,70.01,81.41,20.8,6.1,1,1,0,0,0,1
S1547,19,71.12,99.48,43.02,71.46,72.38,0.98,98.73,60.12,15.1,4.8,8,1,0,1,3,0
S1548,19,58.59,42.63,68.82,50.58,99.31,7.18,91.23,65.63,13.1,4.8,1,1,1,0,4,2
S1549,22,67.91,54.06,48.89,78.4,81.69,9.21,88.09,67.22,21.4,8.3,3,1,0,1,0,2
S1550,19,59.65,63.79,65.99,56.24,67.7,1.62,59.05,90.41,26.7,6.0,10,1,1,0,3,2
S1551,20,60.19,66.99,85.0,88.23,50.84,4.71,66.55,88.76,22.0,7.1,4,1,1,1,3,1
S1552,20,59.35,95.28,67.53,62.89,74.25,7.39,68.99,62.63,16.6,7.8,9,0,0,0,2,1
S1553,23,74.45,73.6,49.81,83.71,60.32,2.87,74.63,52.76,21.5,6.2,8,1,1,0,2,1
S1554,20,89.9,42.71,55.12,82.31,82.39,9.21,51.51,88.39,22.4,8.8,5,0,1,1,0,0
S1555,20,78.45,64.47,62.05,80.83,79.15,8.88,79.65,70.49,24.4,8.7,4,1,0,0,2,0
S1556,22,94.66,64.99,44.17,63.35,63.26,1.04,67.89,60.99,12.7,7.4,10,0,1,0,3,0
S1557,21,81.83,97.93,75.06,63.35,53.44,0.27,78.08,55.85,7.9,9.0,9,0,0,1,0,1
S1558,20,84.47,75.95,76.45,93.15,87.75,9.76,50.45,50.64,22.0,4.0,1,0,0,0,0,1
S1559,23,83.38,78.14,43.73,50.64,79.27,9.56,66.07,71.39,8.0,4.0,6,0,0,0,0,2
S1560,19,72.47,82.8,64.14,59.08,92.11,4.22,88.43,66.99,16.6,4.3,8,0,0,0,2,0
S1561,20,84.47,86.2,64.84,80.51,62.99,0.51,75.05,84.82,10.8,8.7,7,0,0,1,2,1
S1562,23,53.49,78.1,60.03,90.85,82.64,6.19,89.44,98.83,13.3,7.0,8,1,1,0,2,0
S1563,22,92.99,54.23,73.46,67.92,55.93,2.93,84.95,60.34,16.8,8.6,3,0,1,1,4,0
S1564,24,88.89,92.44,60.76,82.67,64.59,9.37,92.75,62.15,27.4,4.6,5,1,1,0,4,1
S1565,24,62.26,83.93,64.98,77.86,82.83,7.95,50.37,66.87,22.0,4.2,1,1,1,1,4,0
S1566,24,88.4,84.51,87.85,53.23,91.28,6.5,63.07,73.3,9.3,6.7,8,0,0,1,0,0
S1567,19,50.63,99.79,49.73,81.09,66.05,2.85,77.44,84.88,27.0,4.9,2,0,1,0,2,1
S1568,23,60.86,88.15,77.15,90.7,89.94,7.01,97.05,67.6,17.5,8.3,10,1,1,0,4,1
S1569,20,53.26,89.75,70.34,99.62,83.89,2.89,83.99,55.21,10.1,6.1,3,0,0,0,0,0
S1570,21,89.01,97.08,58.3,51.48,67.43,0.38,72.83,86.52,18.2,7.9,10,0,0,0,3,2
S1571,19,87.79,49.07,83.65,83.0,93.82,5.08,56.51,89.73,9.8,6.6,2,0,1,1,4,2
S1572,19,90.68,69.86,73.07,70.73,75.46,4.89,74.66,62.38,14.2,6.6,1,0,0,1,0,2
S1573,24,50.22,74.83,68.64,50.49,82.41,7.63,72.05,56.84,25.1,7.4,2,0,0,1,1,1
S1574,21,75.06,59.76,80.06,80.72,74.78,8.66,88.92,76.39,21.5,5.7,10,0,1,1,4,2
S1575,24,85.24,90.36,88.14,56.12,72.64,3.54,70.67,60.42,16.9,8.7,2,0,1,1,3,1
S1576,19,57.77,85.75,98.36,68.93,92.4,4.49,65.94,68.71,10.7,6.0,6,1,1,0,0,0
S1577,20,82.49,83.25,77.76,63.07,64.74,4.7,54.49,88.87,12.1,6.0,4,0,0,0,4,1
S1578,24,54.21,99.83,92.47,68.06,51.83,3.24,52.33,60.98,29.5,7.5,10,1,1,0,4,2
S1579,24,59.07,55.56,40.07,74.63,93.99,7.43,71.96,90.31,13.6,7.2,4,1,1,0,1,2
S1580,24,73.79,84.13,71.81,67.96,91.25,5.22,67.34,83.7,20.4,9.0,1,1,1,1,0,2
S1581,19,82.68,73.08,52.88,77.64,68.33,9.14,77.77,60.99,17.5,8.3,10,1,1,0,0,2
S1582,20,57.29,58.78,45.65,61.93,59.27,6.5,85.6,76.32,5.6,5.4,2,0,1,0,0,2
S1583,21,59.26,49.64,71.92,81.77,83.78,2.12,52.0,80.7,28.6,4.5,3,1,1,0,2,0
S1584,18,60.22,93.75,84.81,92.69,53.94,1.65,74.81,60.01,7.2,4.5,9,1,1,1,1,0
S1585,21,61.94,75.73,64.74,61.2,71.19,3.72,93.1,57.25,21.5,5.8,5,1,1,1,0,0
S1586,20,61.33,89.5,80.21,75.39,54.29,3.47,72.76,76.56,25.3,6.4,4,1,0,0,1,0
S1587,22,69.76,72.72,69.38,82.43,79.9,4.07,76.06,84.69,23.7,7.2,10,1,0,1,2,1
S1588,24,82.69,53.2,66.23,78.23,51.36,1.84,74.34,73.25,25.2,8.3,3,0,0,0,0,2
S1589,21,71.9,60.25,57.42,68.28,81.46,9.78,69.49,53.5,23.5,8.9,10,0,0,1,1,2
S1590,22,88.8,62.89,62.96,82.11,83.66,1.46,55.51,96.26,16.1,6.0,1,1,0,0,1,0
S1591,22,85.96,98.38,60.99,51.41,74.36,6.53,56.32,84.75,27.4,6.7,1,0,1,1,2,0
S1592,20,56.33,40.34,78.77,68.5,58.75,0.13,58.95,81.06,27.8,7.0,10,0,1,1,1,0
S1593,20,52.44,99.14,46.96,76.63,55.07,4.07,89.63,82.18,15.9,6.8,8,1,1,0,2,1
S1594,24,93.9,98.83,45.56,51.03,65.66,3.09,63.77,69.93,17.1,4.5,10,1,0,1,4,1
S1595,18,53.99,99.77,79.6,75.38,73.26,3.82,97.41,99.22,17.1,4.6,9,1,0,1,1,0
S1596,23,57.42,68.6,72.78,82.71,82.11,4.98,90.51,56.63,12.0,8.4,3,0,1,0,2,2
S1597,19,51.11,97.83,65.81,87.96,50.06,6.0,84.23,86.96,7.9,7.4,9,1,0,0,3,1
S1598,21,81.42,63.74,49.15,55.67,85.55,5.84,86.02,71.04,11.5,7.4,8,0,1,1,0,0
S1599,20,79.12,41.58,64.66,99.53,85.64,6.31,52.38,94.05,26.1,8.1,1,0,1,0,0,0
S1600,21,99.35,53.46,87.38,80.31,72.23,8.45,78.42,85.86,18.6,4.4,6,0,0,1,0,0
S1601,23,94.35,96.72,93.38,68.16,67.17,8.87,97.05,78.11,26.3,6.1,9,1,1,1,2,2
S1602,23,70.54,40.83,82.15,62.45,92.12,7.37,51.96,96.88,23.6,5.2,4,0,0,0,2,1
S1603,24,68.58,72.76,43.59,78.64,89.23,0.79,64.55,95.62,13.7,7.3,9,1,1,0,0,2
S1604,22,64.84,44.54,80.22,94.09,99.16,9.61,52.58,52.62,9.6,5.1,2,1,1,1,2,1
S1605,24,57.62,57.18,54.46,76.03,68.6,9.47,78.49,59.63,19.2,7.5,10,1,0,0,1,2
S1606,19,56.9,45.29,58.92,83.07,95.34,7.12,55.81,83.8,28.4,5.9,9,1,0,0,1,1
S1607,18,56.61,91.57,51.75,67.88,54.37,5.17,73.96,96.09,26.0,6.2,1,1,0,0,1,2
S1608,21,55.71,75.46,86.55,69.41,70.57,2.51,86.0,71.52,24.1,8.1,4,0,0,0,4,0
S1609,19,62.03,94.13,78.92,64.31,73.27,7.56,58.22,51.92,24.1,5.7,5,0,1,0,0,2
S1610,18,65.33,81.3,76.71,85.28,72.04,8.78,87.77,82.16,18.2,5.3,2,0,1,0,3,0
S1611,21,98.08,98.26,80.08,67.96,81.25,6.65,53.01,59.73,9.2,8.3,6,0,1,1,0,2
S1612,19,78.92,70.59,54.21,59.54,58.51,6.29,57.48,77.62,12.1,7.4,8,0,0,1,1,0
S1613,20,99.38,78.32,66.68,68.47,93.32,1.93,64.01,69.23,19.4,6.0,2,1,1,0,0,0
S1614,21,68.62,74.58,78.0,92.69,77.59,3.58,89.8,77.9,12.9,6.5,9,1,0,0,4,2
S1615,19,72.88,69.06,78.2,86.91,95.21,7.23,92.51,96.62,24.5,5.7,2,0,1,1,1,2
S1616,23,66.23,90.76,87.51,66.73,50.13,0.17,61.02,74.29,14.3,6.8,1,0,0,1,4,2
S1617,18,59.14,78.67,57.23,95.34,81.5,6.41,54.79,51.73,7.8,4.7,6,0,1,0,4,2
S1618,19,57.16,88.08,86.22,53.74,70.62,7.67,92.4,79.05,24.6,8.4,5,1,1,0,4,2
S1619,20,97.25,87.18,66.41,52.49,75.25,3.35,82.47,66.29,22.5,6.8,10,1,1,0,1,0
S1620,24,99.34,51.46,80.21,56.37,87.19,0.76,57.89,88.91,11.3,5.9,3,1,0,0,4,0
S1621,21,52.25,79.01,67.34,55.82,61.36,8.19,77.89,73.5,29.5,6.9,3,0,0,0,4,1
S1622,21,57.52,51.98,96.92,54.39,60.24,1.42,93.62,87.07,15.1,4.8,8,0,1,1,3,1
S1623,21,71.18,75.0,50.76,83.07,85.15,3.71,53.48,95.44,22.0,4.4,4,0,1,1,0,1
S1624,20,59.32,80.65,80.5,80.04,76.07,7.07,54.19,68.11,27.8,6.7,1,0,1,1,3,2
S1625,18,68.19,99.83,74.59,82.38,61.68,8.17,63.68,99.47,8.9,4.4,4,1,0,0,0,2
S1626,21,56.45,41.83,50.36,84.42,74.2,8.62,82.61,57.49,27.0,7.3,6,0,1,0,1,2
S1627,18,72.83,45.47,43.96,87.84,72.98,5.3,58.9,82.2,22.6,8.0,2,0,1,1,3,2
S1628,19,63.58,44.62,87.95,60.36,84.57,4.76,90.82,51.74,9.2,8.9,7,0,0,1,2,0
S1629,23,67.6,63.9,49.45,81.12,50.13,8.48,87.52,60.65,21.6,7.8,1,1,1,1,1,0
S1630,23,54.72,89.3,51.19,79.0,79.34,5.63,78.05,81.69,26.9,8.9,10,1,0,0,1,0
S1631,18,71.41,90.64,98.71,97.18,80.28,5.79,55.8,52.31,25.0,4.1,9,0,0,1,0,1
S1632,18,99.16,84.22,83.04,61.62,87.28,4.34,99.41,55.09,24.0,6.8,2,1,1,1,0,1
S1633,23,66.44,93.81,55.03,52.94,94.46,3.73,74.5,64.55,9.0,4.8,9,1,1,1,4,0
S1634,21,93.82,59.37,75.46,82.67,72.01,4.81,72.6,78.78,9.8,5.2,1,1,0,0,2,0
S1635,22,92.16,45.29,72.05,87.01,67.13,3.65,99.78,50.8,18.7,7.7,4,1,1,1,1,0
S1636,22,97.6,43.49,90.67,64.16,55.12,3.44,93.19,74.12,19.5,5.3,5,1,0,0,1,0
S1637,20,89.51,91.13,83.76,78.54,66.84,9.94,72.82,81.29,28.6,4.9,8,0,0,1,3,0
S1638,24,82.98,83.83,89.9,52.98,53.42,3.36,70.94,70.13,16.7,5.9,5,0,1,1,0,1
S1639,23,92.83,81.92,52.69,98.0,90.14,2.56,54.8,53.38,12.6,4.4,1,0,1,1,3,2
S1640,23,53.78,60.38,78.41,55.5,90.35,3.54,96.33,80.54,9.8,4.7,1,1,1,1,0,2
S1641,20,73.14,62.79,42.41,53.38,70.86,5.91,92.19,80.29,6.4,4.7,2,1,0,0,0,0
S1642,22,99.46,97.49,44.14,52.21,62.98,9.11,65.5,75.3,6.7,5.1,9,1,1,1,3,2
S1643,19,88.48,43.83,82.81,71.36,55.9,7.88,87.67,84.66,19.4,8.4,1,1,0,0,3,0
S1644,21,98.1,86.42,41.47,54.86,92.56,8.42,88.14,60.39,9.4,5.5,3,0,0,0,3,0
S1645,21,88.98,58.58,74.79,87.23,93.87,8.59,61.4,83.93,26.3,5.4,8,0,0,1,0,2
S1646,19,93.74,42.34,90.42,94.94,63.31,9.21,80.68,58.07,19.9,4.6,1,0,0,0,2,2
S1647,19,85.33,84.55,62.8,63.01,81.09,2.35,62.75,69.63,26.6,4.1,4,0,1,0,3,2
S1648,22,88.03,59.85,42.69,81.44,62.93,4.58,89.49,53.38,15.7,4.8,8,0,0,0,0,0
S1649,20,76.16,83.33,82.83,52.12,61.26,3.85,57.69,90.96,19.9,7.6,6,0,0,1,3,1
S1650,19,96.21,82.46,95.78,69.33,51.06,3.82,83.45,76.91,18.1,8.8,6,1,0,0,2,0
S1651,20,91.25,72.09,83.03,64.65,78.86,6.52,66.3,98.55,29.7,7.7,1,1,1,0,2,2
S1652,24,92.19,86.64,74.71,61.43,57.5,4.02,51.81,97.12,24.9,8.3,7,0,0,0,4,0
S1653,18,83.65,74.86,53.8,82.24,50.62,6.16,56.19,99.93,19.9,7.9,1,1,1,1,4,1
S1654,21,65.23,57.2,40.92,56.51,55.24,3.82,82.74,55.06,20.2,5.5,3,0,1,1,2,1
S1655,22,51.78,84.05,81.68,93.04,65.69,3.11,62.0,80.33,11.2,7.7,1,0,0,1,3,0
S1656,21,96.78,75.35,53.86,83.24,83.46,3.53,81.55,70.38,23.4,7.8,8,1,0,0,4,0
S1657,22,79.31,40.76,91.49,85.54,60.13,8.04,70.74,76.63,29.6,5.3,4,0,1,0,0,1
S1658,18,64.91,94.1,67.98,96.77,94.38,6.01,84.64,65.44,8.2,8.6,5,0,0,1,2,2
S1659,21,57.46,72.74,71.84,97.12,64.42,9.74,74.65,52.4,20.9,9.0,1,0,0,0,3,2
S1660,18,91.48,92.12,85.24,77.58,66.56,8.33,65.43,85.39,17.9,6.8,1,1,1,1,0,0
S1661,22,91.83,92.96,86.77,74.77,60.9,4.86,57.29,98.29,26.3,5.6,10,1,1,1,2,2
S1662,19,90.73,66.7,78.56,66.77,62.69,2.42,67.05,76.62,5.0,5.8,1,1,1,1,2,2
S1663,24,82.25,70.46,96.31,85.78,53.71,6.74,81.74,66.48,8.4,6.9,3,1,1,1,3,0
S1664,21,68.3,64.95,98.94,76.91,64.74,7.27,87.02,96.91,5.9,4.0,6,0,0,0,3,2
S1665,18,65.2,66.97,96.81,96.64,92.98,4.64,58.02,68.23,9.1,5.5,5,1,1,1,1,1
S1666,23,50.43,93.71,89.45,61.93,84.42,2.3,83.21,95.73,22.7,4.2,10,1,1,0,3,0
S1667,21,91.68,87.29,82.34,65.51,93.76,5.57,58.96,92.78,8.5,7.1,7,1,0,0,0,1
S1668,21,54.37,47.59,79.8,65.8,55.24,2.54,61.09,76.44,20.6,7.0,1,0,1,1,4,2
S1669,21,81.54,76.62,46.23,90.3,72.78,9.4,76.57,83.84,26.7,7.0,8,1,0,0,3,1
S1670,20,75.2,99.75,56.29,54.95,61.46,6.29,64.46,85.02,5.9,4.8,5,1,1,0,3,1
S1671,18,76.33,75.73,40.34,72.78,86.06,2.92,83.08,82.05,5.7,8.7,6,0,1,0,4,1
S1672,18,96.34,87.15,48.24,71.38,98.51,2.16,97.79,58.04,29.7,6.7,2,0,0,0,4,1
S1673,21,51.58,86.14,66.35,53.66,90.77,7.17,57.44,84.64,21.8,6.8,9,0,0,0,2,1
S1674,19,88.67,61.02,48.79,70.54,51.76,7.08,78.53,50.16,8.5,6.7,3,0,1,1,2,0
S1675,21,52.6,62.31,94.1,75.67,65.83,5.97,96.16,85.5,12.7,6.6,5,1,1,0,4,0
S1676,20,51.91,83.44,88.34,53.26,51.43,6.14,58.83,77.74,29.6,8.7,10,0,1,1,4,1
S1677,22,71.49,70.0,44.3,75.49,52.01,6.04,68.34,62.99,10.7,7.0,8,1,1,0,4,1
S1678,20,53.15,74.23,54.93,97.96,53.98,3.6,56.18,90.19,23.8,6.4,1,1,1,0,0,2
S1679,19,89.46,82.77,89.14,98.95,63.82,9.37,82.1,70.26,11.0,7.8,4,1,0,1,1,0
S1680,21,76.48,86.65,88.18,76.58,65.21,4.79,83.46,74.29,15.0,5.3,5,1,1,0,0,0
S1681,18,51.45,56.29,96.73,75.75,70.02,0.2,83.21,51.38,27.0,5.0,6,1,0,1,1,2
S1682,24,52.03,48.81,99.85,64.28,70.25,3.48,77.11,70.07,5.7,6.2,3,0,1,0,2,2
S1683,23,80.63,57.51,98.58,99.86,88.57,1.3,87.31,58.37,12.7,4.1,4,1,0,1,4,0
S1684,21,90.31,70.45,64.61,63.71,57.07,3.63,51.79,63.81,17.2,5.5,3,1,1,0,0,2
S1685,19,71.89,60.53,55.02,72.65,57.89,6.08,97.88,62.61,20.6,6.1,4,1,0,1,4,0
S1686,18,77.73,74.1,85.5,50.15,81.33,0.23,61.1,52.3,5.7,6.9,7,0,1,1,4,1
S1687,20,89.99,43.21,57.96,67.46,78.59,8.7,56.08,73.02,15.3,6.7,9,1,1,1,4,0
S1688,22,80.53,70.59,88.38,53.57,57.7,6.1,97.06,76.13,13.6,5.8,9,1,0,1,0,2
S1689,22,61.24,62.08,72.04,87.19,92.61,2.95,91.52,78.55,5.7,5.7,5,0,0,1,4,0
S1690,24,80.65,72.08,87.64,78.05,66.45,3.11,88.24,73.11,13.9,4.0,6,1,1,1,2,1
S1691,21,81.41,65.35,56.55,78.61,68.35,4.66,55.24,93.48,28.3,8.4,9,1,0,0,1,1
S1692,20,86.71,57.05,70.48,64.33,71.02,2.48,90.38,51.88,11.9,5.2,4,0,0,0,3,0
S1693,24,81.04,94.25,73.84,90.74,66.14,0.04,80.45,80.69,19.6,5.8,7,1,1,1,2,1
S1694,23,98.46,51.09,96.59,50.16,77.87,0.27,86.6,93.31,12.5,4.1,3,1,0,1,1,1
S1695,23,59.86,80.88,56.0,66.68,69.43,3.58,98.9,52.05,7.7,8.8,9,1,0,0,3,0
S1696,24,97.55,95.48,96.2,82.97,62.97,1.24,59.72,74.82,12.2,6.5,9,1,1,0,4,1
S1697,19,76.92,72.32,88.29,95.4,95.22,0.22,75.22,79.45,16.8,4.1,10,1,0,0,2,0
S1698,22,83.6,92.58,83.85,61.73,65.42,8.59,87.67,59.55,12.4,5.3,5,0,1,1,3,1
S1699,20,54.97,47.49,87.21,77.06,84.92,2.74,71.68,62.63,20.6,8.4,4,0,1,1,3,2
S1700,21,69.03,69.63,76.33,76.9,67.36,5.03,52.73,89.28,28.7,5.9,10,0,0,1,3,0
S1701,18,88.47,67.42,54.64,93.71,71.76,1.79,55.57,78.37,6.7,7.4,10,1,0,0,4,2
S1702,21,85.35,40.49,51.37,52.53,61.8,0.47,80.1,65.79,22.9,7.1,9,1,0,1,1,2
S1703,21,52.01,66.6,91.98,71.22,87.62,7.45,64.25,88.24,5.0,6.4,5,1,0,1,1,2
S1704,20,77.33,62.14,83.51,59.12,86.86,1.25,56.89,87.34,5.0,8.2,1,0,0,1,2,1
S1705,22,54.41,80.19,52.79,51.08,51.11,0.26,66.99,67.27,8.3,4.2,2,1,1,0,4,0
S1706,20,99.79,96.3,76.91,57.35,53.01,5.87,60.05,74.43,17.0,8.6,10,1,0,0,1,0
S1707,18,94.86,45.15,66.85,98.82,96.12,0.13,51.2,83.23,6.2,7.6,7,1,0,0,2,2
S1708,24,51.05,59.65,49.52,60.74,94.44,4.36,57.59,67.16,23.1,8.3,3,0,1,1,1,2
S1709,20,92.93,66.64,71.91,96.75,75.3,2.89,94.15,81.45,5.7,4.1,1,0,0,0,0,1
S1710,19,95.97,67.31,56.89,60.26,74.67,3.19,50.6,62.55,17.4,4.4,9,1,0,0,4,0
S1711,21,67.68,86.49,45.77,96.56,90.62,0.04,88.69,64.6,21.9,5.0,4,1,1,1,0,0
S1712,22,85.98,66.6,68.02,82.73,56.92,9.64,87.67,65.53,10.9,7.0,3,1,0,0,1,1
S1713,23,72.11,41.63,75.41,55.66,82.68,5.17,78.21,96.8,19.5,4.5,5,0,1,1,1,0
S1714,18,82.76,82.61,42.81,79.1,73.8,5.73,60.42,91.68,11.5,8.7,1,0,0,1,0,2
S1715,23,67.02,93.09,64.13,65.93,87.17,6.66,93.9,78.26,10.4,7.7,1,0,0,1,4,2
S1716,21,66.13,70.83,55.46,69.16,51.51,7.98,73.75,78.19,25.5,8.0,1,1,0,1,2,0
S1717,20,71.22,74.87,41.84,72.01,79.64,6.08,58.66,52.81,13.3,6.9,7,0,1,0,3,2
S1718,23,57.28,49.78,47.54,71.14,77.84,7.62,71.45,82.48,25.3,7.2,7,1,1,1,0,0
S1719,19,91.56,53.24,48.34,83.21,92.04,4.49,59.75,66.41,10.4,5.1,9,1,1,0,4,0
S1720,20,67.43,54.11,50.97,88.42,83.84,3.71,68.8,80.61,13.9,8.6,5,0,0,0,4,1
S1721,21,70.01,65.84,88.2,66.46,94.01,8.23,74.83,92.01,7.6,7.2,2,1,1,0,3,1
S1722,23,94.7,95.69,66.37,96.22,94.36,8.65,68.0,52.27,17.4,6.1,9,0,1,1,2,0
S1723,24,74.83,71.31,48.83,96.92,70.41,1.38,82.85,80.35,14.5,8.4,4,1,0,1,2,2
S1724,18,77.21,51.53,46.02,52.03,56.87,5.43,96.8,78.21,5.1,8.3,5,1,0,1,1,1
S1725,23,97.82,55.97,57.88,50.75,81.51,6.84,67.41,60.34,16.6,4.0,1,0,1,0,1,2
S1726,24,94.34,63.04,87.88,71.25,93.69,0.84,67.79,82.32,6.9,8.6,2,1,0,1,0,0
S1727,24,58.47,77.4,61.87,79.53,53.75,9.3,86.92,77.74,25.9,5.8,8,1,0,1,2,2
S1728,23,73.66,66.4,49.59,63.9,77.9,5.2,76.53,88.37,17.3,6.1,2,1,1,1,0,0
S1729,22,98.56,63.55,64.25,62.97,55.75,6.45,71.44,55.53,22.3,4.4,8,1,0,0,1,2
S1730,23,68.62,73.88,73.32,83.92,51.35,1.78,90.69,72.18,25.5,8.4,1,1,0,1,0,0
S1731,21,68.58,54.51,41.78,80.09,83.98,2.64,94.55,99.9,6.3,6.7,9,1,0,0,3,1
S1732,24,59.75,44.73,77.66,58.36,84.09,1.21,79.53,84.46,13.4,8.5,9,1,1,1,0,1
S1733,18,55.72,41.46,63.71,94.23,80.03,2.64,59.26,84.21,5.6,7.9,9,1,0,1,1,2
S1734,21,87.02,55.08,40.58,84.0,92.96,4.92,73.31,65.89,6.2,8.5,6,0,0,0,1,2
S1735,19,88.5,45.5,80.43,68.13,54.04,8.34,75.22,54.69,5.9,8.7,2,0,1,0,3,1
S1736,20,98.45,60.18,82.74,84.18,55.26,5.34,71.61,97.47,16.9,8.4,1,1,0,1,3,1
S1737,23,88.67,86.38,77.73,55.63,93.23,2.44,63.12,55.27,16.3,5.0,6,1,0,0,2,0
S1738,22,62.17,82.98,60.52,73.41,75.16,0.45,73.62,99.64,6.5,4.4,4,0,0,0,3,1
S1739,18,52.01,76.66,71.78,58.45,63.65,6.22,72.33,56.29,11.6,7.1,8,1,1,1,3,0
S1740,22,99.27,91.15,63.23,52.07,86.91,4.2,60.47,58.55,11.1,4.8,8,0,0,0,2,1
S1741,22,67.02,56.92,82.04,66.92,94.72,9.84,95.17,65.42,12.4,8.3,2,0,1,0,3,0
S1742,22,65.6,93.1,75.01,57.54,84.48,7.8,94.27,75.62,21.0,8.7,2,0,0,0,4,0
S1743,23,95.3,63.95,44.91,81.68,89.6,8.08,87.98,89.52,22.4,4.6,4,1,0,1,4,0
S1744,18,79.25,64.05,78.59,83.7,64.12,0.12,70.05,98.55,13.5,5.2,9,1,1,1,4,2
S1745,18,60.74,64.32,81.23,57.43,64.44,7.78,68.52,67.94,24.7,7.1,6,1,1,1,3,0
S1746,24,94.45,45.89,62.24,51.23,93.21,1.95,85.82,51.02,15.4,7.6,7,0,1,1,1,1
S1747,22,99.67,98.53,92.55,89.64,80.74,5.86,80.41,80.83,18.1,6.6,3,0,1,1,1,1
S1748,24,54.33,48.31,90.58,50.1,61.71,4.47,80.03,85.54,8.6,5.8,7,0,1,1,2,1
S1749,24,93.11,60.45,50.51,67.2,76.21,5.72,56.21,69.87,10.8,5.5,3,1,0,1,1,0
S1750,20,69.53,59.16,94.26,74.73,84.29,1.33,80.91,59.17,23.2,7.3,2,0,0,1,1,2
S1751,23,76.2,44.48,66.45,90.93,60.93,4.57,95.09,65.3,29.4,7.7,2,0,0,1,2,0
S1752,23,95.74,49.14,83.42,91.93,82.75,0.37,54.29,82.79,22.6,5.4,9,1,1,1,4,2
S1753,21,98.67,42.69,88.85,86.25,52.11,0.41,66.96,74.71,6.4,5.6,7,0,1,0,2,2
S1754,24,63.11,57.54,70.31,62.36,65.18,6.58,75.45,87.17,8.6,6.3,5,0,0,0,1,1
S1755,23,60.64,92.0,63.95,86.01,83.7,9.52,84.3,60.91,16.1,6.3,3,1,1,1,1,1
S1756,22,54.03,60.37,94.93,62.33,57.47,7.77,54.48,92.1,23.3,8.2,8,1,1,0,2,1
S1757,19,78.09,47.42,53.85,60.73,61.11,4.69,93.64,57.79,9.1,6.2,2,0,1,1,3,0
S1758,22,50.68,78.74,55.42,77.36,93.95,0.56,52.03,66.5,23.8,8.9,3,1,1,0,1,1
S1759,18,70.59,99.8,61.7,83.94,83.72,0.45,92.88,79.56,18.9,5.6,5,0,1,1,1,1
S1760,23,53.67,53.94,91.57,52.65,74.95,1.58,51.38,86.84,24.4,7.5,1,1,0,1,2,0
S1761,23,70.26,56.77,96.33,53.0,60.54,9.76,57.68,63.31,18.9,7.8,6,0,0,0,1,0
S1762,21,52.0,98.31,53.2,89.21,67.07,3.99,90.02,97.41,20.1,7.2,2,1,1,0,3,2
S1763,24,91.76,50.73,91.83,92.97,78.72,8.43,93.01,85.31,11.2,5.8,7,0,1,0,3,2
S1764,19,60.49,70.67,55.49,80.22,57.77,7.05,99.11,60.88,23.0,5.3,7,1,0,1,2,0
S1765,23,66.42,54.38,98.24,71.44,74.09,6.05,55.79,86.29,26.1,7.0,1,1,0,1,0,0
S1766,21,93.5,95.94,75.84,92.27,70.45,9.48,76.32,84.82,26.8,7.3,4,1,0,0,4,2
S1767,21,87.31,98.89,40.43,86.44,73.83,2.3,53.86,87.63,5.7,5.3,1,1,1,1,3,1
S1768,19,60.95,88.88,42.05,78.98,55.28,4.55,57.82,95.79,20.6,5.7,10,1,1,0,3,2
S1769,22,53.59,58.89,48.85,65.99,55.32,8.65,58.72,85.59,29.7,8.3,7,1,0,1,4,1
S1770,22,85.78,64.21,51.25,59.9,98.21,5.52,53.17,67.6,19.7,8.1,5,1,0,0,2,2
S1771,22,69.54,54.54,86.06,70.93,98.97,2.46,94.65,89.53,9.3,4.9,8,0,1,1,1,1
S1772,20,88.3,93.45,53.37,64.34,71.31,2.09,56.32,84.79,26.9,8.7,1,0,0,1,2,2
S1773,24,72.26,94.87,98.15,66.96,89.45,7.53,81.47,78.71,11.6,7.1,10,1,0,1,0,1
S1774,24,67.3,65.13,78.17,75.78,82.79,0.13,81.29,67.69,6.1,6.5,4,1,0,0,0,2
S1775,22,72.56,79.39,81.55,58.45,55.85,9.14,59.93,96.05,15.8,5.0,9,0,1,0,4,0
S1776,19,87.43,49.93,53.07,90.31,64.83,0.18,99.92,75.64,7.5,7.7,10,0,0,0,0,2
S1777,20,95.11,66.1,93.56,57.28,65.68,6.31,67.37,81.41,7.9,8.6,1,1,0,0,0,0
S1778,24,52.49,77.89,80.07,74.05,79.79,6.05,95.25,70.77,16.6,4.3,3,0,1,1,4,2
S1779,22,76.21,63.12,91.86,87.3,79.0,5.78,97.41,89.04,20.3,6.6,2,0,1,0,4,0
S1780,20,51.64,61.46,97.39,74.25,96.18,4.74,97.45,67.05,27.6,8.4,9,1,1,0,4,2
S1781,19,73.42,40.06,47.54,68.05,89.5,8.52,87.64,90.53,22.6,8.8,10,1,1,1,4,2
S1782,22,94.26,88.26,45.8,73.74,92.84,6.59,62.69,55.4,26.1,4.4,5,1,1,1,4,0
S1783,18,68.08,93.36,88.2,92.43,94.56,7.82,56.03,85.45,15.3,8.0,6,0,0,0,3,0
S1784,23,96.62,98.17,91.97,99.52,90.06,1.16,78.49,73.84,13.0,5.4,8,1,0,0,1,0
S1785,19,81.53,83.16,75.03,81.56,66.64,0.5,68.0,84.94,19.8,6.7,9,1,1,0,4,1
S1786,21,96.71,72.93,61.96,89.67,60.75,0.29,91.55,76.57,22.4,7.9,8,0,1,1,1,2
S1787,21,87.86,56.16,79.16,50.72,78.59,1.47,87.25,56.72,19.2,6.7,8,1,0,1,0,1
S1788,19,55.17,99.96,58.34,94.02,84.48,6.67,63.82,73.85,11.6,4.6,1,0,0,0,3,1
S1789,21,61.56,75.39,54.3,97.7,69.33,4.94,50.85,98.23,14.2,7.0,10,0,1,0,4,1
S1790,24,69.71,80.87,69.29,78.76,92.42,7.52,61.87,87.74,16.2,4.6,1,0,1,0,3,1
S1791,19,58.51,80.94,52.97,87.69,98.03,1.92,78.36,65.01,5.4,5.7,8,0,0,0,2,0
S1792,18,74.75,90.72,69.02,75.64,78.47,3.67,53.95,97.21,27.0,6.8,1,0,1,1,1,0
S1793,19,73.57,40.58,97.4,64.31,72.83,8.88,82.91,88.95,17.8,9.0,5,0,1,1,4,1
S1794,22,97.81,53.21,90.39,92.61,92.14,9.36,83.58,68.22,23.8,7.6,4,1,1,0,1,1
S1795,22,71.69,79.93,96.5,79.84,51.21,9.22,58.47,80.18,9.3,5.5,5,1,1,0,1,0
S1796,20,89.28,93.71,88.38,78.97,56.45,8.18,79.82,71.33,18.9,8.4,8,1,0,1,2,0
S1797,21,97.1,81.12,61.29,82.96,92.28,6.88,80.35,54.83,28.2,5.1,10,0,0,1,1,1
S1798,23,93.85,64.81,88.72,92.8,86.6,9.14,73.9,90.3,10.4,5.9,8,1,1,0,0,1
S1799,21,60.43,61.69,95.37,86.6,70.81,7.14,97.66,59.55,13.6,7.2,4,0,1,1,1,0
S1800,24,74.8,84.28,96.82,60.56,94.44,9.54,55.41,72.9,14.7,6.1,8,1,1,1,2,0
S1801,19,67.39,84.47,80.99,73.34,67.57,0.25,70.33,85.13,14.6,7.6,10,0,0,1,2,2
S1802,23,69.99,76.42,52.68,99.01,81.69,9.22,94.15,96.61,20.0,7.3,5,1,0,1,4,2
S1803,23,68.04,57.49,42.38,77.73,81.72,5.56,69.32,53.14,14.8,7.3,4,0,1,0,0,2
S1804,21,91.32,95.51,48.83,96.91,59.22,1.12,71.23,69.66,21.9,6.1,7,1,1,1,1,2
S1805,23,72.61,73.11,97.93,90.67,64.24,2.15,83.41,80.73,17.1,4.3,3,0,1,0,2,1
S1806,23,76.18,87.43,67.73,83.3,95.8,8.52,83.28,88.97,8.9,8.4,5,1,1,1,2,0
S1807,22,99.12,52.86,91.3,67.47,59.17,5.06,51.15,96.05,28.7,4.4,5,0,0,1,1,1
S1808,18,53.0,60.64,67.9,65.22,58.68,9.83,72.78,50.02,11.0,6.3,5,1,0,0,1,2
S1809,19,74.4,92.47,79.65,82.17,73.98,1.18,66.68,81.39,19.1,5.5,2,1,1,1,4,2
S1810,21,88.7,43.01,41.45,71.63,54.61,4.13,81.38,50.35,6.5,5.5,10,1,1,0,4,1
S1811,22,57.56,70.74,54.99,89.94,94.73,3.32,77.79,89.36,28.0,5.1,7,0,0,0,0,1
S1812,24,80.58,68.9,66.18,88.02,55.01,5.16,82.54,57.48,28.2,5.4,10,0,1,1,4,0
S1813,24,61.97,85.07,77.84,65.61,80.83,6.33,82.69,94.73,14.1,8.8,7,0,1,0,4,2
S1814,20,93.37,56.91,50.29,85.14,66.99,6.62,62.74,57.76,8.0,8.9,8,0,0,0,3,2
S1815,23,66.35,53.14,85.87,74.73,90.21,0.01,62.32,88.22,24.2,6.9,7,0,0,1,1,1
S1816,23,66.45,95.57,61.86,66.16,79.49,0.89,68.51,64.47,11.6,6.6,1,1,0,0,4,0
S1817,21,79.91,74.3,89.05,70.65,69.42,0.35,62.1,77.86,22.5,4.2,9,0,0,1,3,1
S1818,18,59.18,46.28,45.88,94.77,99.19,8.65,84.14,80.42,27.9,8.0,4,1,1,0,3,1
S1819,18,64.24,51.58,80.79,67.98,53.31,3.13,80.14,60.34,19.8,4.9,1,1,0,0,4,1
S1820,21,70.83,99.93,57.6,64.37,78.89,3.67,60.82,64.93,26.5,4.7,10,0,1,1,2,2
S1821,21,67.68,51.74,87.72,67.59,99.48,4.5,94.21,55.38,10.6,6.1,2,1,0,0,4,0
S1822,22,76.24,76.63,64.13,60.73,84.55,8.49,73.03,50.26,27.8,5.7,8,0,1,1,4,1
S1823,24,79.98,65.21,79.92,77.23,86.99,0.14,56.35,61.97,10.7,4.5,8,0,1,1,1,1
S1824,21,78.33,93.14,96.06,57.37,51.6,1.19,60.65,75.8,10.6,4.7,9,0,0,0,2,0
S1825,24,82.71,85.31,41.24,90.87,51.07,6.85,76.99,85.68,27.0,9.0,9,1,0,0,0,2
S1826,20,65.39,75.82,40.67,61.28,51.81,9.64,66.92,89.68,18.9,7.7,10,0,0,1,4,1
S1827,24,56.32,40.64,86.22,79.9,99.59,6.43,92.56,53.49,25.0,7.0,8,0,0,1,4,1
S1828,22,88.04,92.79,78.78,56.25,98.98,2.61,74.74,63.62,25.1,5.5,4,0,0,0,1,2
S1829,23,92.54,66.68,57.58,98.92,66.73,5.2,95.76,88.51,21.2,6.1,10,1,1,0,0,2
S1830,23,62.85,95.89,69.66,72.73,64.55,9.75,55.09,74.04,9.7,7.1,7,0,0,1,3,2
S1831,24,70.35,69.73,42.52,91.11,57.3,5.28,83.43,59.11,22.3,7.9,9,1,0,0,2,1
S1832,23,74.93,81.65,51.55,88.43,66.46,3.74,94.29,69.61,6.6,8.7,6,1,1,1,0,2
S1833,23,76.67,44.16,65.47,85.68,68.51,3.83,64.65,63.5,10.0,4.6,6,0,0,0,4,1
S1834,19,82.97,84.71,90.04,91.37,87.41,9.67,56.78,52.53,21.1,5.0,1,1,1,1,3,2
S1835,20,52.08,60.28,68.78,55.02,93.31,7.19,72.83,88.18,27.7,6.8,10,1,1,0,1,1
S1836,22,86.07,61.08,75.18,83.92,87.34,6.87,98.07,64.58,24.3,8.7,9,0,0,0,4,2
S1837,22,53.1,47.12,92.43,63.29,82.32,2.32,81.67,97.26,13.3,6.3,2,0,1,0,1,1
S1838,23,73.41,48.81,58.53,89.29,88.3,5.59,82.2,94.41,25.6,7.2,3,0,0,1,2,0
S1839,18,91.38,51.15,82.04,97.84,86.92,3.57,83.58,85.81,29.2,5.5,5,1,0,0,1,2
S1840,22,72.56,59.69,91.7,95.07,73.79,2.4,51.99,66.33,13.3,8.1,5,0,1,1,0,2
S1841,20,57.45,93.52,52.16,55.75,66.79,8.96,72.28,64.0,9.7,7.0,5,1,0,1,0,0
S1842,21,99.25,62.1,61.39,68.48,64.14,3.83,53.88,73.76,9.9,5.9,4,1,0,0,2,1
S1843,20,94.46,83.46,98.79,68.22,83.97,2.83,65.79,67.73,15.0,6.7,5,1,0,0,2,0
S1844,23,88.57,44.96,98.99,56.11,97.97,9.32,91.08,95.06,6.3,7.5,3,1,1,0,2,0
S1845,23,70.58,75.47,53.39,54.91,79.05,1.97,82.81,56.17,17.2,5.1,1,1,0,0,0,1
S1846,19,59.19,68.91,43.99,69.24,95.63,7.46,99.78,86.22,23.3,5.7,7,0,1,0,4,2
S1847,24,97.07,98.68,56.26,99.6,50.71,6.53,58.61,80.54,18.3,5.3,10,0,0,1,0,2
S1848,22,76.62,90.77,63.86,78.45,89.72,9.2,69.85,90.32,29.3,8.8,2,1,1,0,1,2
S1849,24,92.62,67.29,66.46,81.09,92.68,8.32,90.48,77.12,16.5,4.2,8,1,0,1,2,0
S1850,24,67.1,86.51,77.13,73.55,81.55,7.05,60.78,81.48,5.3,4.3,1,0,1,0,3,1
S1851,22,66.76,51.58,93.97,83.12,96.7,3.15,57.69,98.14,16.8,5.8,6,0,1,1,0,2
S1852,22,99.28,73.74,59.82,97.83,79.5,4.96,71.38,54.6,28.2,6.7,1,1,0,0,3,1
S1853,23,76.09,44.48,91.0,79.43,62.03,9.44,69.19,55.24,7.4,5.6,8,1,1,1,4,0
S1854,22,57.03,60.89,45.61,53.25,60.79,0.23,99.01,69.68,10.6,8.3,2,0,0,0,0,2
S1855,18,60.98,53.55,42.51,74.64,77.79,7.94,72.81,73.64,22.9,4.8,8,0,0,0,4,0
S1856,18,74.1,83.13,70.24,99.64,95.32,2.52,93.05,59.99,12.4,5.8,4,1,0,0,4,1
S1857,21,52.12,69.41,43.58,69.37,53.62,1.85,94.4,54.13,24.1,6.4,3,0,0,0,0,2
S1858,22,73.13,85.06,63.55,79.69,80.22,2.32,57.89,51.11,15.5,5.0,2,0,0,1,0,2
S1859,19,70.95,70.92,93.81,55.33,88.49,0.6,85.77,88.23,24.9,5.5,4,1,0,0,4,2
S1860,21,88.97,45.19,54.49,57.06,55.77,9.92,63.88,74.25,18.8,8.7,10,1,1,0,2,2
S1861,23,67.75,84.12,82.36,93.73,55.84,8.7,54.74,92.17,7.1,6.6,10,1,0,0,0,0
S1862,22,99.13,89.99,58.14,65.02,68.31,5.21,93.74,68.04,14.7,8.3,2,0,0,0,4,0
S1863,18,59.04,94.21,42.7,65.27,63.69,7.15,64.62,85.17,13.3,5.3,3,1,0,1,1,1
S1864,19,79.55,74.32,73.4,69.36,59.92,5.57,67.27,74.43,25.3,7.1,2,0,1,1,3,2
S1865,21,54.48,85.22,90.09,98.32,59.93,8.12,66.2,80.6,20.6,7.8,2,1,0,0,1,1
S1866,19,86.69,85.12,64.57,54.22,56.53,8.45,60.01,68.51,24.4,6.1,10,1,1,1,0,0
S1867,22,99.74,49.34,77.04,90.94,80.54,2.33,71.73,54.06,14.3,7.1,9,0,0,0,0,1
S1868,20,90.96,49.85,94.0,67.08,84.41,4.6,71.41,97.37,22.3,8.3,1,0,1,0,0,0
S1869,19,77.79,44.25,87.38,92.47,85.15,6.35,70.44,91.8,6.6,4.7,3,1,0,1,0,2
S1870,19,74.24,59.19,51.63,99.59,76.62,9.78,95.81,65.59,5.9,5.8,1,1,1,0,1,1
S1871,23,91.75,68.41,84.0,67.43,97.65,6.83,66.99,97.94,12.2,8.1,3,0,1,0,2,2
S1872,18,96.8,99.87,70.11,56.47,94.03,8.98,51.52,65.02,24.3,5.2,1,1,1,1,4,0
S1873,22,99.46,65.86,84.76,57.22,97.88,8.46,58.92,72.15,18.4,6.8,9,0,1,1,4,1
S1874,19,69.83,83.57,69.67,87.94,69.44,5.82,86.07,87.76,15.2,6.2,5,0,0,0,4,1
S1875,22,99.55,81.6,47.68,57.25,93.89,8.94,79.54,65.45,27.4,7.3,4,1,1,0,3,2
S1876,18,57.8,52.27,74.19,63.02,88.14,3.77,97.59,66.23,17.4,7.3,8,0,0,0,0,2
S1877,23,62.68,43.51,69.53,60.22,67.0,3.79,84.72,70.5,20.3,6.9,1,0,0,0,1,2
S1878,22,54.45,72.76,71.08,67.78,55.33,7.81,59.71,73.42,29.6,8.7,9,0,1,0,1,1
S1879,24,63.59,82.02,92.73,53.72,84.13,1.35,56.03,56.18,18.1,4.9,2,1,0,0,1,0
S1880,18,88.4,99.9,93.69,92.84,56.82,3.06,76.04,50.87,24.6,8.2,8,0,1,0,2,2
S1881,18,92.65,61.52,67.21,93.01,64.69,6.09,83.26,95.96,15.3,6.4,7,1,1,0,0,2
S1882,21,88.94,93.78,67.34,70.65,75.02,4.2,58.28,67.66,5.9,7.3,10,1,0,1,4,0
S1883,23,81.55,62.92,70.91,80.6,83.99,9.41,80.08,55.08,25.9,5.4,2,1,0,1,4,1
S1884,23,75.7,81.36,71.18,82.1,96.31,9.59,93.25,87.96,28.6,4.5,10,0,0,0,0,1
S1885,24,85.44,75.9,97.02,87.46,79.66,5.03,86.38,64.75,15.9,7.9,10,0,1,0,4,0
S1886,22,69.54,43.18,78.96,76.03,83.57,5.39,83.21,59.08,17.6,5.3,6,1,0,0,4,2
S1887,20,92.07,44.7,56.65,75.52,65.5,7.25,89.47,98.13,15.6,6.0,5,1,1,0,0,1
S1888,24,83.86,41.25,71.89,81.57,84.36,4.57,55.2,96.03,29.9,4.2,7,0,1,0,1,2
S1889,21,84.89,62.25,77.63,85.15,71.89,1.9,60.19,55.29,27.6,7.3,2,1,1,1,3,2
S1890,23,76.8,84.75,78.39,67.33,92.85,7.47,51.9,94.96,6.0,7.4,10,1,0,1,0,0
S1891,18,94.26,50.37,75.12,66.52,69.62,7.38,57.25,94.54,24.5,8.5,9,0,0,1,4,1
S1892,23,62.6,76.35,50.66,63.49,73.41,2.45,95.66,81.72,20.0,8.5,3,1,0,0,4,0
S1893,24,69.06,57.33,42.02,77.44,71.63,8.33,61.11,76.49,5.6,7.5,1,0,0,1,3,1
S1894,20,88.88,87.82,60.27,68.01,90.56,6.14,83.1,60.87,16.1,5.6,8,0,0,0,3,2
S1895,19,74.64,87.9,65.65,77.02,97.68,2.36,84.58,56.07,8.7,5.9,7,1,1,0,3,2
S1896,19,94.46,86.52,43.71,70.3,66.36,6.52,82.27,80.32,26.8,5.9,7,0,1,1,0,1
S1897,23,67.32,71.49,88.9,91.84,73.75,2.34,77.7,91.1,5.3,4.6,4,0,0,1,1,1
S1898,23,68.47,57.07,60.64,53.66,85.3,2.65,74.31,84.43,26.8,8.7,10,0,1,0,3,2
S1899,21,94.44,88.57,94.82,78.61,94.77,8.48,71.0,59.04,28.5,8.1,3,1,1,1,2,2
S1900,23,73.22,51.17,49.26,78.78,74.69,9.29,95.84,64.5,6.8,4.7,9,1,1,0,1,0
S1901,20,75.81,57.39,43.42,69.19,55.44,2.57,50.48,77.32,23.0,8.7,3,1,0,1,3,2
S1902,23,66.64,51.04,68.94,71.05,68.43,9.28,52.67,81.25,18.7,8.2,7,0,0,1,4,2
S1903,22,63.83,80.45,51.35,90.01,77.52,2.39,74.63,53.61,28.9,8.6,7,0,1,0,0,1
S1904,24,82.8,81.17,96.24,64.03,70.88,1.17,66.53,80.7,25.0,5.4,10,1,1,0,4,0
S1905,20,55.99,79.15,40.62,93.57,59.33,0.58,70.41,86.82,22.4,5.7,7,1,1,1,4,0
S1906,21,93.96,64.94,64.76,94.82,51.85,2.42,99.89,59.07,28.1,6.3,1,0,1,0,0,1
S1907,22,88.96,46.01,95.6,82.53,84.37,3.85,88.76,62.31,9.0,5.1,10,1,0,1,1,1
S1908,22,59.54,94.67,63.07,88.64,99.64,9.28,93.87,62.94,14.4,6.3,2,1,0,1,4,0
S1909,24,84.7,70.46,45.59,80.65,95.96,2.42,68.43,96.99,26.1,4.0,2,1,1,1,1,1
S1910,19,80.13,64.42,58.17,76.26,84.16,3.65,61.98,70.35,7.5,8.4,3,1,1,1,0,1
S1911,20,59.23,75.33,69.88,98.33,92.08,7.34,88.4,76.53,28.4,4.8,4,1,0,0,3,0
S1912,24,63.66,51.57,51.11,64.13,62.79,3.02,90.38,86.22,23.6,6.5,1,0,0,0,4,1
S1913,22,70.45,47.95,67.99,57.71,81.12,6.84,77.49,68.57,16.0,8.6,5,1,0,0,4,1
S1914,21,84.96,64.33,90.18,64.37,53.03,4.32,94.8,55.28,13.5,8.1,1,1,1,1,0,0
S1915,24,81.94,53.63,92.36,80.73,85.36,1.96,98.37,82.72,8.7,7.9,7,0,1,0,0,0
S1916,19,76.61,54.66,42.96,59.26,98.49,7.34,73.55,83.36,7.3,7.0,7,0,0,0,3,1
S1917,22,88.42,93.55,49.65,95.44,93.04,0.27,61.13,63.03,15.6,6.2,2,0,0,1,0,2
S1918,24,87.9,71.85,56.52,70.55,76.72,2.92,75.86,51.76,26.1,6.2,4,0,0,0,2,2
S1919,20,80.89,69.01,75.69,92.5,89.44,3.56,99.48,83.27,18.3,4.4,9,1,1,1,2,1
S1920,19,89.35,81.37,61.66,62.46,97.19,4.58,64.65,85.17,16.3,4.3,1,1,1,0,0,1
S1921,20,66.71,97.09,90.64,65.66,60.8,6.8,80.88,51.3,13.0,8.2,10,1,0,1,3,2
S1922,20,94.06,46.73,83.0,52.96,89.66,4.59,84.7,84.66,8.9,6.0,6,1,0,1,2,0
S1923,20,80.75,90.01,46.03,62.89,63.49,5.94,60.7,96.95,29.8,4.3,10,0,1,0,4,2
S1924,24,91.12,75.04,77.47,74.52,93.85,5.96,79.42,58.94,5.6,7.3,1,0,1,0,3,2
S1925,19,77.31,48.77,46.78,97.31,54.92,3.73,65.73,76.07,12.8,7.4,6,1,1,0,0,0
S1926,24,60.92,57.83,55.3,69.45,58.91,9.34,92.71,84.84,24.2,5.1,1,1,1,0,2,1
S1927,24,77.12,68.94,50.67,81.99,86.03,9.56,85.74,61.5,18.0,6.1,3,1,1,1,3,0
S1928,24,68.56,81.47,50.38,71.39,58.74,5.82,91.31,87.58,12.8,6.9,4,1,0,1,4,1
S1929,22,84.87,54.56,76.98,52.34,57.9,0.72,59.98,93.4,29.8,7.0,10,0,1,0,0,1
S1930,23,73.79,72.09,73.82,75.18,77.77,4.91,51.73,90.73,20.5,6.6,5,1,0,1,1,2
S1931,18,91.81,81.08,50.56,53.3,91.75,1.84,92.53,62.94,12.4,5.8,7,0,1,0,2,0
S1932,22,83.9,66.92,99.41,94.18,63.42,4.83,69.34,90.21,26.2,4.3,2,0,0,1,4,1
S1933,19,84.23,91.78,65.31,87.65,92.06,1.88,58.99,70.67,8.8,4.1,6,0,0,0,3,0
S1934,18,60.86,92.17,45.82,68.93,90.4,7.04,54.59,63.32,16.6,6.3,4,0,0,0,2,1
S1935,18,99.21,68.24,47.23,82.01,78.96,0.8,75.83,58.4,26.0,5.0,6,1,1,1,2,0
S1936,18,92.08,98.38,75.03,55.6,82.33,9.53,57.51,95.45,29.6,8.7,7,1,0,1,0,0
S1937,23,89.45,44.54,98.74,85.13,52.02,1.95,78.33,71.34,14.6,7.2,7,1,0,1,4,1
S1938,24,66.51,40.2,74.32,91.14,68.36,6.61,86.37,93.29,8.5,6.9,5,1,0,1,2,0
S1939,21,76.78,62.84,96.94,91.09,63.17,9.17,76.75,57.98,19.2,6.0,7,0,1,0,2,1
S1940,19,56.86,76.07,66.65,64.21,57.5,2.48,95.18,88.35,28.6,5.6,3,0,1,0,4,1
S1941,23,76.92,77.75,66.15,63.19,69.48,9.34,57.78,55.5,21.6,4.9,10,0,1,1,3,0
S1942,23,57.29,68.59,70.0,76.07,67.75,3.89,74.7,50.88,20.1,4.3,5,1,0,1,0,2
S1943,21,77.65,47.49,81.85,98.39,86.44,9.61,58.16,99.75,12.7,7.2,5,0,0,1,2,0
S1944,18,82.44,50.23,62.06,96.03,79.9,9.71,93.8,53.68,20.2,7.9,2,0,0,0,4,1
S1945,24,69.51,91.13,91.83,67.98,95.66,1.88,96.61,73.08,27.1,8.3,4,0,0,0,1,1
S1946,21,74.93,92.07,41.76,88.99,57.27,8.31,70.0,93.92,14.4,7.6,2,0,1,1,3,1
S1947,21,93.78,80.43,66.39,96.07,52.99,1.93,65.29,90.97,11.1,8.5,9,1,0,0,0,0
S1948,23,55.43,79.85,70.66,63.05,76.73,2.26,63.97,73.56,17.0,8.9,9,0,0,1,1,2
S1949,19,89.59,75.86,76.42,91.51,50.05,0.84,92.99,80.54,14.4,8.8,1,0,0,0,3,2
S1950,20,58.54,52.18,56.56,63.39,89.39,1.57,84.12,81.49,16.7,7.0,2,1,0,0,2,1
S1951,24,51.84,65.7,65.65,67.16,75.3,6.32,94.03,55.49,7.4,5.1,8,1,1,1,0,1
S1952,21,59.28,81.75,69.07,59.94,74.4,4.49,55.88,64.25,13.4,4.5,3,1,1,1,3,2
S1953,24,88.25,72.24,81.21,75.35,68.12,7.91,73.8,65.05,25.7,9.0,3,0,1,0,3,1
S1954,21,70.26,41.11,86.41,92.17,68.75,3.32,83.81,68.91,15.0,5.5,10,0,1,1,3,1
S1955,18,93.63,97.21,84.27,76.4,71.56,9.69,94.85,63.7,29.2,4.2,6,0,0,0,3,1
S1956,24,76.24,90.69,60.49,56.17,50.8,0.5,69.1,62.57,22.7,6.0,5,0,1,0,1,1
S1957,18,51.11,55.63,99.97,62.59,54.18,0.63,65.65,67.74,14.2,7.7,4,1,1,1,0,2
S1958,23,85.84,76.99,90.92,78.14,75.25,7.01,95.65,68.96,11.3,8.5,7,0,1,1,2,2
S1959,18,55.51,95.39,55.6,79.16,57.51,8.88,52.38,74.36,22.1,6.4,1,0,1,0,0,2
S1960,24,89.47,45.76,51.71,78.85,88.94,7.96,73.98,58.68,12.6,5.5,1,1,0,1,1,0
S1961,22,58.41,70.18,58.84,53.85,63.72,4.9,72.93,89.42,28.2,7.9,1,1,0,0,0,2
S1962,24,67.27,67.37,67.14,87.68,54.89,2.7,57.3,93.03,7.9,6.5,8,1,0,1,1,1
S1963,21,88.06,64.61,91.05,95.47,61.76,0.13,69.75,62.41,5.7,4.4,9,0,0,0,1,0
S1964,18,97.71,90.14,86.7,75.53,67.85,5.09,86.13,56.17,10.5,8.4,3,0,1,1,1,1
S1965,19,68.57,62.84,91.07,85.94,51.77,4.76,68.34,86.12,20.2,7.3,1,0,1,0,1,1
S1966,22,91.47,43.82,56.32,95.7,57.08,3.44,65.48,96.21,25.9,4.2,9,0,0,1,3,0
S1967,23,59.54,43.95,75.61,82.13,66.19,5.78,89.09,51.76,9.3,4.0,3,0,1,0,0,1
S1968,20,90.36,42.56,56.99,83.72,65.52,7.29,99.44,50.72,19.6,4.4,9,1,0,1,4,1
S1969,21,82.87,64.55,46.54,86.07,90.02,7.01,88.97,59.17,8.6,8.1,4,1,1,0,1,0
S1970,21,59.64,83.1,81.05,63.03,92.16,2.63,92.32,84.24,19.1,6.4,1,0,0,1,1,2
S1971,19,65.13,52.22,48.58,79.13,59.67,5.85,96.98,98.24,5.5,5.7,5,0,0,0,0,1
S1972,20,56.59,78.79,80.06,92.11,56.2,1.49,90.09,87.52,18.9,5.2,7,0,0,1,3,2
S1973,20,69.15,81.23,78.88,64.81,81.71,1.22,99.02,78.65,18.0,6.5,6,0,1,1,2,1
S1974,23,60.18,55.31,88.61,94.86,90.23,7.86,87.36,85.03,6.1,4.4,4,0,0,0,1,1
S1975,23,82.2,76.03,48.37,81.02,98.19,6.94,83.08,61.53,22.2,7.1,10,1,0,1,3,1
S1976,22,99.73,81.09,87.01,71.16,50.34,7.68,84.67,84.43,19.3,5.9,8,1,0,1,3,0
S1977,21,50.6,68.0,99.96,81.16,70.68,1.52,95.0,66.07,20.6,8.3,10,1,0,0,4,2
S1978,18,77.05,60.2,91.06,70.09,86.7,9.15,84.15,61.12,18.2,7.8,10,0,1,0,1,1
S1979,23,78.68,77.15,85.11,91.9,91.43,1.33,88.06,61.83,23.0,4.1,1,0,1,1,3,2
S1980,19,95.71,98.67,79.73,74.12,53.11,8.7,60.8,83.39,18.1,4.8,4,1,1,1,4,1
S1981,19,75.3,65.61,65.31,95.06,84.03,3.52,95.63,88.36,28.1,6.4,7,1,0,1,3,0
S1982,19,77.19,63.5,83.83,75.49,64.45,1.05,72.36,79.09,28.6,7.3,6,0,0,1,4,2
S1983,24,73.58,67.86,83.45,83.02,53.73,2.87,58.05,53.19,23.2,7.6,1,1,0,0,4,0
S1984,23,63.45,44.57,77.89,99.89,74.46,1.81,89.99,51.9,27.8,8.1,5,1,0,1,4,2
S1985,23,52.8,73.19,87.78,57.35,57.91,4.91,67.82,60.86,28.1,4.2,6,0,0,0,3,2
S1986,19,70.43,59.72,66.93,86.84,86.85,9.5,59.21,64.32,11.5,4.1,10,1,1,1,2,2
S1987,23,52.63,47.29,47.28,56.94,87.06,3.28,62.81,70.24,29.8,7.0,9,1,1,1,0,1
S1988,24,77.52,67.98,73.54,91.94,92.1,6.12,51.75,53.8,11.7,7.6,5,1,0,1,4,0
S1989,18,65.36,40.2,55.9,79.82,68.88,8.92,54.53,86.26,5.5,7.9,5,0,0,0,1,1
S1990,18,76.68,64.11,63.07,96.91,50.67,6.3,79.63,85.57,29.1,4.8,8,1,0,1,0,1
S1991,22,56.71,46.34,41.04,93.3,62.99,3.62,93.31,67.33,10.6,8.8,6,1,0,1,2,0
S1992,21,96.63,41.46,62.97,53.74,73.39,9.91,72.43,78.15,19.6,5.1,10,1,0,1,0,2
S1993,18,94.73,89.47,88.53,56.87,84.7,1.87,81.3,55.05,29.3,5.3,8,0,0,1,0,0
S1994,22,59.5,94.97,72.56,80.06,69.1,5.23,90.49,70.76,6.2,4.8,6,0,1,1,2,1
S1995,20,67.17,52.46,40.59,75.92,76.8,7.97,67.84,92.88,11.7,4.2,9,1,0,0,1,1
S1996,21,80.67,72.36,68.19,58.43,76.21,0.01,82.72,83.03,20.2,8.0,8,0,1,1,4,2
S1997,18,54.78,56.68,57.49,56.47,58.25,7.02,67.52,55.2,24.1,4.0,8,1,1,1,3,1
S1998,24,67.73,69.61,68.65,78.2,81.15,2.66,82.14,92.38,25.2,6.3,1,0,0,0,1,1
S1999,20,62.56,66.2,64.28,52.45,71.96,1.7,60.88,84.03,27.1,4.5,4,0,1,0,1,1
S2000,22,95.78,56.14,95.92,93.69,90.4,2.74,98.89,72.65,9.2,4.2,2,1,0,0,4,1
S2001,18,92.63,82.02,42.47,90.35,84.53,9.67,53.81,84.6,14.3,8.7,7,1,0,0,1,1
S2002,18,78.99,47.59,81.02,89.27,55.57,8.92,75.26,58.64,22.9,8.1,10,1,0,1,1,1
S2003,23,76.02,43.18,91.06,50.8,74.44,2.14,64.31,77.52,22.9,6.0,6,0,0,0,0,0
S2004,20,96.54,86.06,97.55,52.38,85.12,1.17,80.04,80.9,12.7,6.3,7,1,1,0,0,1
S2005,18,96.62,79.96,50.66,77.49,54.35,3.64,71.42,96.39,12.6,8.3,5,0,0,0,2,2
S2006,19,98.47,69.91,71.88,99.72,89.62,5.92,65.33,53.34,13.0,8.0,3,0,1,1,2,2
S2007,24,56.27,68.07,42.62,67.12,61.1,8.67,62.5,68.74,27.3,7.5,4,1,1,1,2,0
S2008,23,58.03,69.84,69.95,67.22,75.15,9.66,59.12,96.84,27.7,6.7,10,0,0,0,3,1
S2009,23,83.84,66.22,47.53,56.71,97.03,7.51,89.14,60.86,5.4,7.0,1,1,0,1,4,0
S2010,18,77.07,63.57,90.27,83.72,78.57,5.99,61.11,90.66,13.1,6.0,5,0,0,1,3,0
S2011,24,50.92,69.98,46.83,82.33,71.2,1.42,88.68,50.08,14.8,6.6,6,1,1,1,3,2
S2012,23,53.1,71.71,70.8,55.07,50.34,0.74,74.25,51.29,29.6,6.7,7,0,0,0,2,2
S2013,21,94.4,81.51,71.27,73.37,56.67,5.96,53.61,66.38,28.6,8.3,8,0,0,1,4,0
S2014,20,93.44,82.67,98.3,83.35,78.93,5.39,58.27,88.43,20.7,5.1,5,1,0,1,3,1
S2015,21,67.86,62.66,79.3,74.68,74.69,8.46,94.65,55.21,6.1,5.2,1,0,1,1,0,2
S2016,22,94.55,64.81,57.27,83.72,68.19,3.23,80.14,69.14,9.8,5.1,5,1,1,0,3,1
S2017,21,79.68,62.42,54.45,90.81,96.16,0.4,59.22,56.57,15.9,6.9,1,0,0,1,0,1
S2018,24,90.3,72.19,47.69,84.29,66.62,4.24,85.19,61.18,29.0,7.5,8,0,0,0,3,0
S2019,19,71.37,67.2,85.39,80.81,76.86,9.69,91.16,75.15,7.4,5.2,2,0,0,1,4,0
S2020,23,55.67,93.38,81.45,92.68,78.44,7.96,66.53,65.96,24.8,7.4,2,1,0,0,0,1
S2021,24,71.69,81.78,76.59,95.03,76.37,0.34,77.83,60.6,9.8,7.1,6,1,1,1,0,2
S2022,23,72.86,93.92,42.45,69.44,73.88,8.75,64.67,69.67,17.7,5.6,9,1,1,1,2,2
S2023,19,77.55,82.55,85.77,58.66,66.85,4.72,54.0,85.05,24.2,5.1,5,1,0,0,0,2
S2024,23,55.28,98.26,78.51,90.89,95.44,3.65,69.98,55.97,22.3,8.4,6,1,1,0,3,2
S2025,21,99.57,78.14,97.83,60.69,72.54,3.47,87.57,73.98,24.4,6.8,3,0,1,1,3,1
S2026,22,62.21,97.81,75.23,96.45,76.42,5.95,72.93,63.74,25.3,7.5,9,0,0,1,2,2
S2027,18,59.93,49.49,58.24,51.14,82.82,5.31,70.26,68.93,12.6,8.6,4,1,1,1,1,2
S2028,19,76.34,43.15,62.89,96.06,53.38,6.57,68.3,91.08,14.1,5.0,6,0,0,1,0,0
S2029,21,76.86,74.75,50.55,79.46,89.06,5.74,72.95,96.49,25.4,5.8,4,0,1,0,0,2
S2030,24,71.99,99.01,83.37,88.74,75.63,1.44,65.91,62.15,6.0,6.2,6,0,0,1,0,0
S2031,21,88.59,65.06,82.46,69.92,82.86,2.57,80.61,81.5,17.9,5.2,1,0,1,1,3,2
S2032,21,75.83,52.72,52.04,99.59,88.6,8.41,53.18,83.83,28.0,8.2,1,1,0,0,4,0
S2033,18,80.48,71.29,49.51,61.38,93.7,6.63,90.37,92.12,27.1,4.4,1,0,1,0,4,1
S2034,20,86.19,78.93,44.62,63.22,69.61,4.48,58.66,94.95,25.1,5.2,10,1,1,1,4,2
S2035,23,51.25,58.91,94.72,52.57,90.57,1.83,81.67,73.4,5.5,5.0,2,1,1,0,2,0
S2036,23,78.53,82.89,53.98,97.02,62.94,0.08,72.49,99.13,27.2,8.8,7,0,0,0,2,2
S2037,24,94.21,98.51,60.65,72.8,83.02,3.12,88.67,98.54,27.8,7.1,3,1,1,1,3,1
S2038,22,50.87,93.82,56.83,83.74,55.14,0.55,91.31,75.32,21.6,7.6,1,0,1,0,4,1
S2039,24,70.26,57.5,64.82,84.37,51.0,4.82,60.21,77.1,12.5,4.5,8,0,1,0,1,1
S2040,20,96.31,59.6,82.84,93.73,54.79,8.22,83.86,83.39,17.2,5.0,8,0,1,0,0,1
S2041,23,67.66,62.29,92.24,83.25,65.97,2.85,59.5,68.69,24.1,8.0,4,1,1,0,4,2
S2042,22,72.94,63.67,50.96,78.1,51.55,8.48,56.2,83.1,25.3,6.8,7,1,1,1,1,1
S2043,24,99.08,46.02,81.18,85.52,81.52,7.05,96.51,75.71,13.6,4.2,2,1,1,0,0,2
S2044,22,59.97,85.72,61.15,87.55,65.83,1.25,58.22,51.77,13.2,6.8,6,0,0,0,0,1
S2045,21,53.26,61.92,98.83,59.3,86.82,6.45,61.41,92.64,23.4,6.4,9,0,1,0,2,2
S2046,19,92.97,92.79,57.94,55.48,52.3,1.52,56.52,97.02,22.2,4.8,7,0,1,0,1,1
S2047,21,93.42,95.62,40.43,53.74,60.84,6.55,73.51,51.31,17.8,7.0,6,1,0,1,4,1
S2048,18,73.6,41.47,70.94,68.7,70.4,1.43,95.98,89.46,15.5,4.9,10,0,0,1,4,0
S2049,23,75.71,99.31,49.04,74.9,69.13,3.93,63.2,69.29,21.4,8.1,2,0,0,0,3,1
S2050,22,91.79,82.6,42.67,80.78,56.55,5.67,77.09,79.28,5.8,7.1,4,1,0,0,1,2
S2051,24,86.93,71.22,81.9,97.9,99.71,0.5,70.57,75.0,6.9,8.4,6,1,0,1,0,0
S2052,19,63.26,63.37,83.94,66.54,64.22,1.53,66.8,77.57,19.3,6.1,5,1,0,0,2,1
S2053,24,50.84,71.11,67.64,88.04,86.05,3.2,78.61,74.76,10.3,6.6,5,0,0,1,3,1
S2054,23,73.99,59.48,80.61,76.57,61.0,4.62,77.94,92.67,24.4,7.8,4,0,0,1,2,0
S2055,22,92.95,77.36,72.29,61.0,93.89,8.58,67.97,84.18,24.3,6.7,8,0,1,0,0,2
S2056,22,94.79,45.58,77.79,80.77,69.39,1.87,92.53,70.63,22.7,6.9,8,1,0,0,0,0
S2057,21,97.81,77.27,75.8,98.36,95.05,3.47,52.66,84.43,27.6,6.8,5,1,1,0,2,0
S2058,19,93.98,56.52,79.95,56.22,67.09,4.76,54.26,98.25,8.5,6.5,7,1,0,1,3,1
S2059,19,79.0,41.06,51.98,75.36,50.43,2.96,99.54,54.02,11.5,8.0,2,1,1,1,0,2
S2060,23,72.23,73.16,56.12,52.58,75.85,6.26,87.38,69.4,11.3,6.4,3,0,1,0,4,2
S2061,22,88.74,74.71,66.4,66.06,76.24,2.57,90.2,93.52,24.6,8.5,10,0,0,0,4,0
S2062,19,86.99,65.59,66.77,81.03,55.99,7.72,80.14,86.95,18.0,8.0,9,0,0,1,4,0
S2063,19,76.91,44.34,86.46,92.05,61.75,5.05,70.99,96.75,11.3,7.5,7,0,0,0,3,1
S2064,24,54.37,93.6,62.04,86.52,89.17,0.86,81.46,51.99,8.4,8.5,6,0,0,1,3,1
S2065,23,96.3,76.69,49.75,73.14,51.84,6.27,54.63,93.14,27.3,6.7,7,0,0,0,1,0
S2066,21,72.78,46.94,55.09,95.46,74.48,5.69,87.89,89.59,22.3,8.1,6,0,0,1,1,0
S2067,24,68.17,70.66,52.88,65.14,76.52,3.39,77.04,90.75,18.2,5.2,2,0,1,1,4,2
S2068,24,81.48,69.84,83.9,87.7,84.44,0.11,97.84,79.86,29.1,4.4,3,1,1,0,2,0
S2069,20,83.69,43.62,68.22,73.7,51.87,2.01,81.87,52.6,26.2,7.4,5,1,1,0,2,1
S2070,18,60.53,76.41,82.52,94.93,79.28,4.06,57.58,76.96,9.5,5.5,2,0,1,0,4,0
S2071,20,91.85,88.5,64.97,89.87,50.15,2.0,73.88,70.39,17.7,7.2,3,1,0,1,1,2
S2072,19,64.5,84.94,93.38,95.07,63.26,5.77,52.89,76.35,17.2,4.4,7,0,0,0,3,2
S2073,22,59.33,52.18,99.01,60.71,74.98,7.12,87.27,87.01,26.1,8.8,2,0,0,1,2,2
S2074,18,70.32,91.74,80.19,83.41,95.56,8.56,75.09,79.8,8.7,6.6,6,1,1,1,3,2
S2075,18,86.53,60.55,91.83,86.92,56.33,6.47,68.48,64.63,16.3,4.0,10,0,0,1,4,2
S2076,22,98.27,96.79,70.48,87.12,58.46,6.89,98.43,79.98,20.9,6.4,5,0,0,1,3,1
S2077,18,90.46,44.3,96.08,75.2,83.46,6.08,97.03,54.16,28.6,7.9,3,0,1,0,2,2
S2078,22,97.02,69.17,89.9,50.56,68.74,9.85,97.64,50.27,27.5,8.3,8,0,0,1,1,1
S2079,18,57.03,75.83,99.51,63.07,81.17,2.61,61.05,70.08,18.3,6.3,6,0,0,0,2,1
S2080,24,53.56,54.86,77.39,66.17,99.87,2.66,86.43,87.86,20.2,4.6,9,0,0,0,0,2
S2081,23,77.89,86.28,86.75,92.6,99.34,1.26,97.27,91.13,26.3,8.5,1,0,1,1,3,2
S2082,23,64.51,77.61,72.57,92.04,67.69,4.86,78.54,77.49,23.6,8.9,3,1,1,1,3,1
S2083,20,91.4,41.09,55.55,55.23,75.2,0.96,60.71,93.4,27.0,4.3,10,1,0,1,3,1
S2084,24,83.6,76.5,61.29,97.49,95.23,2.7,90.89,56.3,27.4,4.4,8,0,1,1,4,2
S2085,18,98.54,69.49,93.64,59.12,54.61,4.83,94.0,98.21,25.8,6.8,1,1,0,0,4,1
S2086,21,62.74,51.76,43.36,70.72,72.62,9.58,85.16,96.09,5.2,6.7,8,0,1,1,2,0
S2087,22,74.29,99.74,75.49,60.76,68.88,9.64,64.68,79.96,12.8,6.9,10,0,1,1,1,0
S2088,24,75.06,93.83,62.35,93.02,64.74,7.44,59.53,52.94,15.1,5.6,5,0,1,1,0,1
S2089,18,61.96,57.55,63.2,87.47,99.71,3.89,81.21,72.71,21.9,4.3,8,0,0,1,1,1
S2090,23,79.5,72.46,93.07,67.68,86.68,8.65,74.14,58.96,12.7,6.9,10,1,1,1,1,1
S2091,23,72.16,58.99,91.23,84.09,69.44,8.75,83.44,81.42,13.1,4.8,7,1,1,0,0,0
S2092,22,72.34,86.53,75.93,59.22,91.45,9.1,55.58,59.5,15.0,5.7,9,1,1,1,4,1
S2093,21,68.14,95.82,56.38,69.11,74.48,6.4,56.8,74.09,28.9,6.9,7,1,1,1,3,2
S2094,18,50.85,61.53,68.53,68.86,93.64,2.02,68.14,60.28,15.9,5.0,4,0,1,0,4,0
S2095,18,76.1,88.34,64.5,61.9,63.32,0.91,62.94,59.09,8.5,6.7,1,1,0,0,3,1
S2096,21,66.76,69.9,61.22,93.82,61.18,9.15,80.97,62.4,5.2,7.6,2,0,0,1,3,0
S2097,21,50.07,63.79,46.17,83.94,62.36,0.56,68.38,51.46,10.9,4.3,2,0,1,0,4,0
S2098,21,65.4,96.31,72.59,64.0,76.92,2.96,84.2,85.81,28.5,7.1,1,1,0,0,1,0
S2099,23,63.93,70.62,58.11,62.11,64.57,4.87,88.44,65.34,28.9,6.5,10,0,1,0,3,2
S2100,22,69.67,68.04,79.65,50.9,57.36,0.22,59.36,84.91,18.2,4.5,7,1,0,1,4,2
S2101,24,56.59,80.35,59.15,67.33,99.73,9.07,95.99,82.67,21.2,7.5,4,1,1,1,1,2
S2102,21,75.38,55.67,65.87,76.34,95.02,2.87,89.36,53.31,24.9,5.6,10,1,1,0,0,0
S2103,22,84.62,59.49,43.14,63.89,81.75,0.29,81.34,65.6,6.4,4.9,7,1,1,1,3,1
S2104,20,81.51,95.92,99.55,85.02,94.58,9.94,95.45,78.34,14.4,5.4,8,1,1,1,1,0
S2105,18,90.19,80.71,70.46,70.59,96.77,3.11,63.29,95.92,21.1,6.7,6,0,1,0,3,1
S2106,18,72.6,89.6,41.45,65.82,83.81,8.77,71.09,70.07,27.5,6.9,8,1,1,1,1,1
S2107,19,75.95,56.27,72.47,96.95,75.93,4.53,54.29,75.24,23.2,4.8,2,1,1,1,0,2
S2108,20,90.52,72.63,92.22,63.14,94.1,6.63,72.81,87.51,13.8,8.7,1,0,0,1,3,1
S2109,24,71.39,98.28,86.35,69.91,78.39,2.41,75.32,90.16,27.7,5.6,9,1,0,1,4,1
S2110,21,85.08,59.12,82.05,69.11,56.34,5.03,80.8,96.17,21.6,5.3,9,1,0,1,1,2
S2111,21,71.73,49.63,48.37,62.06,68.34,2.58,53.2,74.86,25.8,4.9,9,0,1,1,0,1
S2112,24,70.89,70.65,79.46,60.87,72.3,9.51,51.62,59.69,14.6,4.6,4,0,1,1,3,2
S2113,23,88.01,63.27,85.98,65.12,96.77,0.61,70.99,88.22,5.1,8.9,9,1,0,1,0,0
S2114,20,58.74,49.57,74.35,93.21,82.96,2.75,59.46,56.28,9.2,7.4,9,0,0,0,0,1
S2115,21,66.93,93.31,93.56,88.35,93.76,8.93,87.94,70.92,28.2,7.9,5,1,0,1,3,2
S2116,19,61.21,99.44,56.62,84.05,87.88,4.8,83.44,81.41,5.8,6.0,1,0,1,0,3,0
S2117,22,67.96,74.11,54.53,72.86,65.49,6.0,66.29,84.59,19.9,6.1,8,1,0,0,1,0
S2118,18,61.52,86.48,92.17,75.39,85.94,6.52,52.29,86.65,15.2,8.9,1,1,1,1,4,2
S2119,20,78.97,91.54,77.52,63.36,59.76,0.71,59.12,59.68,15.7,5.0,3,1,0,1,0,1
S2120,18,89.91,82.06,40.09,53.72,70.41,0.18,84.58,99.08,15.0,5.6,3,0,0,0,3,1
S2121,22,89.33,42.65,61.19,66.55,90.3,9.38,99.51,58.92,6.7,5.0,5,1,0,0,0,1
S2122,20,68.23,49.46,91.47,74.78,80.6,2.72,66.32,54.8,8.1,5.4,5,0,0,0,1,1
S2123,22,99.44,44.26,41.64,52.87,91.27,3.8,90.1,83.2,6.6,7.3,5,1,1,1,1,2
S2124,21,79.69,40.59,40.19,54.41,62.74,6.82,93.35,95.5,6.3,5.5,4,1,0,0,1,0
S2125,24,69.97,58.36,56.88,63.15,87.49,2.36,52.41,77.97,7.1,8.4,1,1,1,0,4,1
S2126,21,91.78,63.54,94.84,68.35,60.12,7.33,95.81,79.77,22.4,4.2,4,1,1,1,2,2
S2127,24,86.49,54.46,94.09,69.67,77.27,4.58,73.31,76.92,7.9,5.8,10,1,1,1,2,2
S2128,21,87.46,43.88,71.13,55.89,71.68,8.57,98.21,52.14,11.5,8.3,8,0,1,0,2,1
S2129,22,59.81,71.79,73.19,61.29,77.82,2.79,76.93,84.07,21.4,7.1,5,0,1,1,4,1
S2130,22,73.42,56.4,59.92,63.08,56.78,2.04,61.76,67.91,7.8,7.9,7,0,0,1,4,0
S2131,22,93.09,87.76,54.62,53.38,68.06,8.32,98.73,96.78,27.8,5.6,1,1,0,1,0,2
S2132,18,75.2,40.48,88.91,66.3,83.35,3.26,62.17,59.34,16.9,5.8,5,1,0,0,0,2
S2133,22,84.17,90.55,46.38,53.61,77.93,4.12,94.12,65.11,29.1,8.4,10,0,0,1,1,0
S2134,21,79.4,97.29,69.24,85.17,77.45,7.94,58.66,75.24,9.8,7.7,8,1,1,0,4,1
S2135,19,92.12,82.97,78.06,69.3,75.54,6.36,83.74,73.87,5.8,5.9,5,1,0,1,2,1
S2136,22,64.23,84.02,46.22,66.34,97.19,4.42,70.56,70.02,19.8,5.1,1,1,0,1,2,1
S2137,19,78.77,96.01,71.18,56.33,96.73,2.5,98.6,65.72,13.2,4.5,2,0,0,1,0,1
S2138,24,56.16,52.54,74.65,61.33,68.01,7.64,59.24,57.36,19.3,8.3,6,0,1,0,1,0
S2139,21,84.51,99.67,84.55,61.64,67.59,1.8,70.44,91.05,16.8,7.5,2,0,0,1,1,2
S2140,22,86.6,86.41,54.09,99.26,77.74,9.28,81.99,72.44,16.4,7.0,9,0,1,0,3,1
S2141,18,52.14,83.59,57.6,91.77,54.78,1.5,98.88,78.65,26.3,7.9,9,0,1,0,4,0
S2142,18,83.79,61.67,74.17,50.76,65.15,8.05,65.19,77.33,9.8,8.6,2,1,0,1,2,0
S2143,24,70.73,72.75,98.99,80.84,61.54,4.24,69.84,78.77,17.5,7.8,1,1,1,1,2,2
S2144,19,56.2,79.24,53.05,62.8,61.17,1.86,73.09,85.24,15.4,6.1,7,1,0,1,0,0
S2145,23,71.0,77.22,99.15,55.22,81.93,4.02,62.64,81.47,21.8,4.9,7,1,0,1,0,2
S2146,18,59.71,82.3,82.86,85.28,69.22,2.22,90.87,63.7,6.3,7.6,3,0,0,0,4,1
S2147,18,70.78,44.94,89.56,56.58,58.56,1.36,54.6,77.69,18.2,5.2,2,0,1,0,0,2
S2148,18,69.22,61.34,45.38,72.19,94.38,2.39,85.24,62.23,17.0,7.9,9,1,0,0,0,1
S2149,21,86.92,66.04,58.03,81.61,93.71,8.67,76.7,79.44,29.3,5.7,9,0,0,0,2,1
S2150,18,88.71,55.64,43.46,77.72,93.12,1.06,62.1,71.6,23.9,4.8,6,1,0,0,4,1
S2151,20,80.35,50.36,62.29,98.88,69.54,9.73,74.64,51.97,8.9,5.3,7,1,0,1,2,0
S2152,22,51.13,48.34,98.88,89.29,52.85,0.05,91.5,86.7,17.7,5.3,2,1,0,1,2,0
S2153,24,96.55,61.98,46.32,88.71,55.34,6.58,72.27,63.73,24.6,5.9,6,1,0,0,0,0
S2154,18,84.31,69.61,73.74,67.78,63.8,8.57,56.09,96.01,18.1,5.3,6,0,1,1,2,1
S2155,23,51.71,43.78,40.36,50.42,61.0,9.34,52.04,64.03,13.9,5.1,8,1,1,0,4,0
S2156,23,90.94,96.79,82.76,86.72,93.7,1.44,88.89,99.83,14.4,6.0,9,0,1,1,0,1
S2157,18,60.01,85.91,51.83,99.99,99.32,6.98,66.52,73.15,14.2,8.3,2,1,0,1,4,0
S2158,18,78.96,83.85,47.78,70.29,90.83,1.07,96.56,51.32,5.5,4.4,7,1,1,1,1,1
S2159,20,73.33,50.37,60.22,99.28,86.49,3.53,80.86,53.81,23.3,5.5,9,1,0,0,4,1
S2160,18,70.99,76.23,86.26,57.09,79.43,7.32,71.81,54.1,20.3,6.8,6,1,1,1,4,2
S2161,18,94.49,71.78,46.4,64.83,88.5,3.46,78.22,52.81,11.7,8.4,7,0,1,0,3,1
S2162,22,71.87,98.95,53.79,58.54,97.35,3.13,72.86,63.39,20.8,5.4,9,1,1,1,4,2
S2163,23,53.77,84.86,40.51,73.76,80.07,1.16,95.29,66.23,12.7,5.7,10,0,0,0,2,2
S2164,20,97.33,74.55,98.1,89.85,57.73,0.66,72.9,55.56,11.1,8.0,4,1,1,1,2,1
S2165,23,96.03,91.05,75.53,67.03,58.19,1.15,55.2,71.91,23.5,5.9,2,1,1,0,0,0
S2166,20,84.22,49.31,83.19,95.31,79.19,8.75,79.85,68.27,25.2,8.3,2,1,0,1,1,0
S2167,23,73.39,40.91,79.08,77.24,66.67,0.11,81.15,81.82,20.6,6.3,1,0,0,0,0,2
S2168,18,54.64,81.41,48.66,73.27,95.51,6.93,88.27,59.79,24.6,6.8,9,1,1,1,4,1
S2169,23,89.54,45.9,75.7,89.35,80.58,7.69,96.66,95.7,14.1,6.8,10,1,0,0,4,1
S2170,23,53.77,46.93,47.88,55.07,83.82,5.68,72.15,75.8,6.8,4.6,4,1,1,0,2,1
S2171,20,53.43,84.68,64.07,88.69,50.29,7.31,67.6,81.19,20.1,5.8,5,1,1,1,4,2
S2172,24,76.87,56.23,74.14,62.15,74.94,6.52,74.54,51.98,11.4,5.2,4,1,0,0,4,1
S2173,19,58.01,77.72,73.53,64.04,71.56,4.56,95.01,77.95,24.4,7.4,4,0,1,1,2,0
S2174,20,50.39,95.04,47.14,79.97,85.29,3.83,99.0,68.41,14.0,8.7,6,0,0,0,1,2
S2175,20,71.16,58.99,42.07,95.1,69.13,9.41,98.56,96.21,21.8,5.1,6,1,1,0,4,2
S2176,20,56.86,53.03,87.89,78.92,98.83,9.72,61.48,94.28,18.8,4.5,1,1,1,0,3,2
S2177,21,58.03,46.39,83.56,82.45,83.51,6.51,74.84,81.88,25.4,6.5,1,0,0,0,1,0
S2178,24,53.85,47.83,44.91,88.83,83.0,1.97,62.97,88.39,25.8,6.0,7,1,1,0,1,0
S2179,21,60.25,43.73,47.64,62.97,95.97,4.48,68.4,82.23,6.7,4.2,1,0,1,1,2,2
S2180,21,85.77,45.26,93.56,91.36,99.76,4.97,51.58,50.85,12.4,8.6,1,1,0,0,0,0
S2181,20,90.45,65.92,86.15,70.9,59.89,7.58,58.03,85.16,26.8,8.7,6,1,0,1,4,0
S2182,19,72.63,59.25,99.77,58.78,90.53,6.68,69.85,58.85,15.1,8.3,8,0,0,1,4,0
S2183,20,75.33,82.39,55.24,67.51,58.12,5.15,68.24,84.13,17.9,5.4,7,1,1,1,0,1
S2184,18,51.63,92.21,69.27,62.31,72.85,6.8,63.94,50.53,9.6,4.6,6,0,0,0,4,1
S2185,19,53.47,87.09,54.19,61.44,55.01,0.24,61.52,65.55,18.8,7.0,7,0,0,1,3,2
S2186,21,62.88,71.84,77.37,64.13,81.17,7.77,87.45,75.85,11.6,5.4,2,0,0,1,0,2
S2187,23,77.19,46.15,46.92,59.05,73.43,2.12,64.73,66.66,25.7,5.0,6,1,0,0,2,1
S2188,23,86.98,82.59,47.63,83.39,81.43,6.56,85.33,84.7,10.0,7.2,9,0,0,0,0,2
S2189,24,80.25,61.77,44.31,79.0,83.9,1.14,68.43,76.14,14.0,7.8,4,0,1,0,1,1
S2190,22,69.61,45.14,81.62,82.42,80.97,1.14,90.1,97.98,7.4,6.6,2,1,1,0,2,1
S2191,24,55.92,90.55,69.64,67.19,64.7,0.36,58.36,67.89,19.7,5.6,9,1,1,1,1,2
S2192,19,89.04,60.29,77.06,88.49,91.85,9.1,57.88,86.09,28.5,6.6,8,1,1,0,2,1
S2193,21,68.19,53.09,92.76,56.48,77.58,6.05,83.98,91.79,9.3,7.0,8,1,1,1,0,2
S2194,19,86.8,92.29,84.42,78.56,74.49,3.62,95.75,62.68,5.5,4.3,7,1,1,1,1,0
S2195,19,75.65,94.13,67.7,63.77,99.35,7.88,57.15,87.71,15.6,6.2,8,1,0,0,2,0
S2196,23,86.93,60.34,99.06,76.38,64.18,6.26,53.69,69.67,23.7,7.0,3,0,1,0,4,1
S2197,20,95.36,61.29,67.38,66.18,76.4,6.2,96.73,56.44,29.4,4.6,6,1,0,0,1,1
S2198,18,96.05,74.78,46.75,89.53,84.12,4.87,55.87,50.18,6.3,6.2,7,0,0,1,3,0
S2199,22,76.76,84.01,99.56,94.56,56.26,0.08,62.52,87.19,24.6,5.7,5,1,0,0,2,0
S2200,21,75.58,43.79,41.37,87.13,67.71,2.58,96.47,59.31,14.2,8.3,2,0,0,0,4,1
S2201,19,63.28,75.6,72.99,58.78,90.08,1.09,90.15,52.56,8.8,6.4,10,0,1,0,4,0
S2202,22,96.79,97.17,58.55,63.74,61.84,6.62,67.14,74.86,9.8,6.1,7,1,1,0,0,1
S2203,19,72.9,55.73,70.21,95.97,74.66,2.49,97.73,67.33,28.1,5.2,2,1,1,1,0,0
S2204,23,56.38,94.53,73.52,71.86,81.53,4.5,78.4,84.59,25.2,8.8,9,0,1,1,1,0
S2205,18,71.64,97.01,54.41,97.06,83.56,3.53,53.61,55.37,12.8,8.8,9,1,0,0,1,1
S2206,23,56.35,56.15,73.41,69.62,86.42,1.43,85.15,56.63,28.5,5.8,10,1,1,0,3,1
S2207,22,75.13,85.25,85.36,97.59,93.3,9.58,76.86,70.21,7.6,8.6,6,0,0,0,4,1
S2208,21,78.06,54.33,55.99,96.29,69.64,9.33,78.63,76.02,13.1,7.1,4,0,1,0,2,1
S2209,19,66.89,84.26,63.01,83.03,85.33,0.85,99.71,91.21,21.3,7.9,10,0,0,1,3,2
S2210,18,53.58,87.85,56.09,50.44,86.61,8.27,57.63,79.28,30.0,4.4,4,1,1,0,3,2
S2211,23,97.18,54.83,89.23,70.02,65.01,4.88,82.84,95.13,16.6,4.1,5,1,1,0,3,1
S2212,22,88.67,82.95,83.5,95.56,98.41,7.74,72.94,60.89,25.3,6.6,7,1,0,0,2,2
S2213,23,91.94,88.73,92.27,94.26,93.26,1.51,63.59,79.81,27.9,4.4,8,1,1,1,3,0
S2214,19,68.34,61.51,50.2,59.37,64.49,1.32,84.68,82.76,5.2,8.5,10,0,1,1,0,1
S2215,19,88.04,50.06,44.41,69.96,83.75,8.91,83.41,86.29,12.2,8.1,8,1,1,0,0,2
S2216,21,74.27,45.52,47.16,91.78,85.89,8.98,92.82,99.43,7.5,7.6,7,0,0,0,0,1
S2217,18,60.05,74.52,49.66,78.89,71.57,4.66,93.94,73.4,24.4,4.2,6,1,1,1,3,0
S2218,20,56.22,98.69,71.98,92.36,93.19,8.7,78.09,68.47,19.2,6.3,2,1,0,0,3,0
S2219,23,67.25,89.38,98.25,91.33,84.51,6.67,66.28,92.61,7.4,4.4,8,0,0,0,4,1
S2220,19,56.88,66.15,61.43,95.37,82.91,1.85,76.48,58.84,15.5,8.6,4,1,1,0,1,2
S2221,22,99.91,72.2,97.51,55.86,61.04,3.29,67.96,51.85,17.8,7.1,8,1,1,0,4,1
S2222,23,52.46,56.77,42.29,57.26,70.39,1.36,63.87,72.18,22.4,4.8,5,0,0,1,0,1
S2223,21,72.06,49.78,95.61,54.14,71.7,7.74,77.58,62.36,24.5,6.8,3,1,1,1,1,0
S2224,21,72.6,68.92,50.87,96.76,86.68,9.85,82.9,69.83,7.2,4.6,6,0,0,1,4,1
S2225,19,65.03,67.81,94.75,73.76,80.92,5.46,79.53,99.3,17.2,4.7,2,0,0,0,2,2
S2226,19,78.57,71.32,43.37,53.22,54.29,6.56,97.72,67.42,9.0,4.4,6,0,0,1,2,1
S2227,19,57.5,97.17,96.89,66.08,65.38,7.46,64.93,85.4,23.8,8.4,6,0,0,1,2,1
S2228,24,89.2,76.23,52.05,67.57,73.65,2.24,68.62,62.52,21.4,6.7,1,1,1,1,0,0
S2229,20,66.62,76.35,58.16,90.48,86.84,3.36,83.38,65.17,23.1,5.6,10,1,1,1,1,0
S2230,19,79.57,47.68,69.46,86.77,87.18,4.12,80.02,62.16,6.9,4.0,5,1,1,1,0,0
S2231,23,85.78,99.79,62.84,84.47,74.53,5.95,50.09,78.61,17.8,6.4,5,0,1,1,2,0
S2232,23,94.45,86.37,80.05,51.09,55.85,8.5,65.61,61.31,26.0,6.6,8,1,0,1,3,2
S2233,24,91.79,92.63,98.49,95.53,64.65,2.54,62.69,85.92,22.8,5.7,7,1,1,0,0,0
S2234,24,80.42,64.86,76.39,60.78,62.73,4.71,92.0,84.01,26.5,6.4,9,1,0,0,1,1
S2235,18,69.42,70.13,83.29,81.45,89.05,7.52,93.31,71.06,10.2,4.5,10,1,1,1,0,0
S2236,22,75.16,71.33,45.28,53.09,59.0,0.87,64.19,51.28,12.2,8.6,3,0,1,0,1,2
S2237,19,88.44,51.65,77.67,54.08,73.25,5.13,55.1,51.13,16.0,5.3,1,0,0,1,3,2
S2238,23,93.88,81.37,67.23,50.48,83.54,1.44,60.26,76.64,18.1,8.7,7,1,1,0,4,0
S2239,24,55.19,94.18,93.15,78.3,98.24,5.39,58.83,91.96,11.3,6.5,9,0,1,1,1,0
S2240,23,69.24,49.82,63.29,81.47,99.96,7.68,61.87,79.94,14.5,8.3,10,1,0,1,1,0
S2241,23,88.81,45.18,80.77,52.52,97.65,2.37,61.73,71.78,22.2,6.9,10,1,0,1,2,0
S2242,24,71.58,84.29,53.69,64.52,85.91,8.49,73.99,94.11,21.1,8.2,7,1,0,0,2,1
S2243,20,66.61,56.39,55.56,92.57,87.32,3.35,65.98,59.85,7.8,4.1,10,0,0,0,3,1
S2244,24,70.57,77.43,62.57,55.07,87.96,1.91,77.99,67.97,29.6,4.9,7,1,0,1,0,2
S2245,24,80.14,81.75,58.24,60.83,93.13,4.65,67.21,78.27,19.1,5.8,10,0,0,0,4,0
S2246,22,99.99,59.31,55.23,71.22,97.59,8.76,90.73,64.58,17.1,5.5,6,0,0,1,4,0
S2247,24,74.65,88.91,42.98,92.11,72.29,0.69,97.54,99.89,29.2,8.7,5,1,0,0,3,1
S2248,21,60.42,73.0,90.2,62.74,70.83,3.28,70.2,72.62,8.5,6.0,5,0,0,1,4,0
S2249,24,58.14,92.14,43.86,99.86,73.02,6.53,52.47,52.59,18.6,8.9,8,0,0,1,0,1
S2250,23,52.12,85.8,93.24,67.76,82.99,3.58,61.98,58.8,25.1,7.3,9,1,0,0,2,2
S2251,19,77.94,92.11,47.53,69.32,88.77,0.71,55.09,76.62,15.0,8.2,4,0,1,1,3,2
S2252,23,77.23,41.21,43.92,56.11,93.53,3.32,67.24,77.5,23.4,6.0,10,0,1,1,4,0
S2253,22,60.26,54.61,73.78,84.01,72.81,8.21,82.26,99.21,27.5,5.0,1,1,0,1,3,0
S2254,21,84.77,45.4,70.15,62.17,68.17,9.68,75.95,80.0,11.5,4.3,5,1,1,1,3,0
S2255,24,87.06,66.52,69.47,81.44,99.17,0.4,62.14,83.33,11.0,7.3,4,0,0,0,1,1
S2256,20,62.95,93.4,74.47,61.16,61.59,5.69,88.36,60.69,14.0,8.9,4,1,0,1,1,1
S2257,18,67.2,68.05,57.22,69.39,61.1,1.05,56.57,55.34,15.5,4.6,1,1,0,0,3,2
S2258,24,99.52,90.98,79.78,92.83,85.77,6.8,61.41,80.1,7.8,7.9,3,0,1,0,1,1
S2259,19,68.71,59.63,70.14,86.95,58.98,0.08,83.8,93.24,10.8,5.8,3,0,0,1,4,0
S2260,18,88.04,60.37,60.08,57.73,69.97,0.15,59.86,79.37,26.8,9.0,8,1,1,1,3,2
S2261,20,72.64,93.73,89.59,80.39,64.62,7.77,83.94,72.14,19.2,8.4,6,0,0,1,1,0
S2262,22,89.67,65.55,83.66,81.43,58.44,0.74,98.85,78.91,11.7,5.2,6,1,1,0,4,1
S2263,22,88.45,87.39,63.62,54.53,78.99,3.05,91.57,73.44,28.6,7.8,6,1,1,1,2,1
S2264,20,83.39,54.2,90.86,73.29,68.68,9.58,58.0,57.09,24.4,7.7,8,0,0,0,2,0
S2265,23,92.74,96.93,95.22,63.03,73.11,9.85,76.02,87.06,14.1,7.8,5,0,1,1,3,0
S2266,20,96.96,74.47,72.21,73.36,59.79,1.61,71.12,76.65,24.1,4.4,3,1,1,1,0,2
S2267,24,79.0,85.56,52.9,88.85,88.39,5.61,99.58,69.97,19.9,8.0,1,1,0,0,4,1
S2268,19,61.87,45.37,94.95,57.91,65.74,5.59,98.22,77.98,22.1,5.3,8,1,1,1,3,1
S2269,21,69.93,69.56,51.37,56.17,67.14,4.52,56.36,62.06,13.0,7.0,10,1,1,1,1,2
S2270,24,87.92,94.06,42.91,63.47,62.61,9.25,95.44,71.4,10.2,4.6,4,0,1,1,2,2
S2271,24,82.54,92.62,59.65,97.61,71.72,7.54,59.67,81.12,11.3,6.8,3,1,1,0,1,1
S2272,24,58.89,42.81,83.62,87.39,73.18,7.65,65.97,61.31,7.1,8.5,8,0,0,0,4,2
S2273,18,52.56,58.22,95.4,50.97,76.48,2.7,67.67,87.45,16.8,4.9,10,0,1,1,3,1
S2274,18,84.15,66.6,78.24,70.05,98.38,4.34,64.34,76.05,15.2,8.3,7,1,1,0,2,1
S2275,22,62.55,50.34,97.11,62.87,95.23,4.87,92.66,93.09,5.1,6.2,8,0,0,0,4,2
S2276,24,74.98,83.8,45.54,81.91,80.47,2.99,66.5,92.36,26.4,5.6,2,0,1,1,2,2
S2277,23,87.34,51.07,43.65,72.96,51.95,0.95,90.84,74.73,22.0,4.3,8,1,1,0,2,2
S2278,22,78.13,60.8,76.25,98.22,80.61,1.26,99.72,59.77,16.2,6.6,4,0,1,1,3,1
S2279,19,54.17,79.8,97.97,60.95,54.48,1.81,92.04,86.83,29.2,5.0,2,0,0,0,3,2
S2280,20,59.28,68.93,70.16,79.39,85.52,2.04,67.31,70.93,28.5,8.7,4,1,0,1,0,1
S2281,18,60.97,84.31,43.09,85.01,69.5,2.42,85.56,79.73,7.4,5.2,8,1,1,0,0,0
S2282,24,62.89,97.67,53.27,91.28,91.88,2.55,76.7,55.36,20.4,6.9,6,1,0,0,0,2
S2283,19,78.27,46.99,54.69,70.35,97.13,4.56,89.33,81.58,25.4,6.8,3,1,0,1,0,1
S2284,22,75.2,82.57,60.27,84.35,70.86,5.1,57.65,68.68,9.3,5.7,7,1,1,1,1,1
S2285,22,60.16,53.82,42.62,65.16,73.03,3.09,81.91,66.71,8.2,8.3,6,1,1,0,0,1
S2286,18,53.38,64.87,94.29,71.77,79.51,9.07,88.68,99.0,11.5,4.9,5,1,0,1,1,2
S2287,22,58.57,41.97,70.93,94.78,59.86,5.53,88.06,71.62,12.0,8.1,6,0,1,1,2,2
S2288,23,99.22,48.15,80.26,97.5,96.37,7.87,98.18,83.9,29.1,5.0,3,0,0,1,1,0
S2289,22,73.43,59.19,44.03,85.94,71.65,9.24,52.92,81.39,24.5,4.2,5,1,0,1,2,2
S2290,21,93.37,60.52,43.25,68.72,58.34,1.63,67.29,55.22,6.5,8.7,3,0,0,1,0,0
S2291,20,92.44,93.98,75.19,91.0,88.14,4.28,73.83,87.4,24.7,7.2,2,0,1,0,1,0
S2292,22,75.58,84.51,93.24,51.29,60.96,4.33,65.49,66.16,9.2,7.2,2,1,0,0,2,0
S2293,21,85.33,98.33,71.71,55.14,57.18,3.54,65.49,89.95,13.9,5.3,2,0,1,0,0,0
S2294,19,59.64,75.94,92.67,83.07,78.14,0.09,58.81,80.38,13.0,4.7,10,1,1,1,2,2
S2295,22,84.42,54.5,88.66,64.56,83.57,8.16,90.65,65.85,11.8,7.5,4,0,0,0,3,0
S2296,23,63.62,59.66,44.55,97.57,78.48,1.12,95.4,67.81,12.7,6.6,2,1,1,1,2,2
S2297,19,91.6,59.19,52.12,71.8,82.83,9.95,54.12,86.58,23.9,5.6,4,0,1,0,0,2
S2298,24,54.19,59.59,79.46,71.47,55.78,7.73,57.74,77.5,11.7,5.6,9,0,0,1,4,2
S2299,22,88.66,80.38,66.61,83.9,73.8,5.8,61.42,83.42,25.0,8.4,3,0,0,0,3,2
S2300,18,55.0,71.85,57.44,88.38,67.85,1.55,75.45,57.92,7.3,8.4,5,1,1,0,1,2
S2301,21,94.06,63.13,65.12,73.78,98.67,5.15,89.56,89.35,19.9,5.4,2,0,1,0,3,1
S2302,21,65.21,48.95,66.71,60.7,52.48,2.61,53.57,66.02,26.6,8.0,7,0,0,1,0,2
S2303,18,82.72,41.33,94.63,88.67,64.91,2.52,81.84,80.99,7.0,5.1,10,1,0,1,2,2
S2304,20,74.38,53.13,46.21,66.02,97.09,8.3,57.47,55.73,20.9,8.0,5,1,1,0,4,0
S2305,24,68.32,46.45,56.78,58.76,99.17,3.81,98.57,66.07,17.8,4.6,7,0,1,1,0,0
S2306,23,82.27,87.13,72.25,81.58,91.25,4.51,94.94,82.44,13.3,7.8,3,0,0,0,2,0
S2307,21,97.38,46.75,81.9,54.52,53.8,8.43,97.48,63.71,7.5,6.8,6,0,0,0,0,0
S2308,19,52.06,83.45,77.84,98.57,78.07,0.88,55.31,94.02,21.9,4.6,3,0,0,0,4,0
S2309,23,95.94,63.14,96.5,81.62,70.01,5.95,74.4,83.06,12.7,7.1,1,1,1,0,2,0
S2310,21,80.45,44.4,87.74,99.29,90.32,5.78,58.26,93.51,13.5,5.0,8,0,1,0,4,2
S2311,24,90.37,88.76,73.42,66.94,52.75,4.25,80.02,69.77,22.9,5.0,9,0,1,0,2,2
S2312,20,69.19,74.78,52.88,98.56,59.86,8.3,61.64,51.7,28.6,6.2,5,1,1,1,3,0
S2313,24,73.59,54.15,67.05,57.28,74.46,9.43,88.53,78.81,13.3,8.8,1,0,1,1,0,1
S2314,19,93.44,93.68,81.6,52.03,57.88,4.65,82.2,66.96,23.7,8.5,2,0,1,0,1,1
S2315,24,70.74,42.72,90.28,51.65,84.64,4.56,78.58,72.41,28.9,8.1,8,0,0,1,1,2
S2316,23,76.73,52.11,97.58,73.24,91.04,5.02,91.26,84.06,7.4,8.3,7,1,0,1,0,2
S2317,19,51.01,85.12,76.33,54.15,85.23,7.23,75.01,85.03,18.2,6.5,4,1,1,0,1,1
S2318,18,57.93,82.56,71.62,75.61,72.01,6.68,63.49,51.38,5.3,5.9,3,0,1,0,4,1
S2319,22,82.08,57.36,41.06,66.38,93.92,2.23,81.04,88.47,25.6,8.4,4,0,0,0,1,0
S2320,18,85.85,43.72,44.33,66.78,56.88,0.64,97.85,74.68,12.2,4.4,5,1,0,1,0,1
S2321,23,79.13,91.48,49.37,81.78,63.02,9.49,80.06,77.83,13.3,9.0,4,0,0,0,3,0
S2322,22,57.17,58.82,43.29,58.15,74.48,2.61,81.48,64.9,22.2,6.8,9,0,1,1,0,2
S2323,18,72.27,51.74,64.05,88.33,53.07,6.39,96.74,71.04,24.7,6.7,1,1,1,0,0,2
S2324,22,67.75,70.96,60.21,79.1,54.78,8.28,75.76,85.52,15.0,5.5,1,1,1,1,2,0
S2325,21,74.78,94.61,78.24,95.75,69.87,3.0,99.82,88.84,21.6,4.9,10,1,0,0,1,2
S2326,24,93.52,42.61,72.14,68.24,97.19,6.35,57.98,69.36,28.9,7.4,7,0,0,1,1,2
S2327,19,88.79,85.95,75.76,99.14,95.42,1.08,76.85,84.56,27.2,5.8,3,0,0,1,2,0
S2328,22,54.2,74.35,68.32,78.79,73.3,9.7,60.65,62.9,22.5,5.5,4,0,1,1,4,1
S2329,21,94.52,65.53,56.66,98.67,57.11,0.58,72.67,91.6,28.6,4.8,1,0,0,1,4,2
S2330,24,73.59,84.64,97.17,51.35,58.91,4.38,58.53,80.49,26.9,6.7,2,1,1,1,2,1
S2331,24,87.19,97.95,45.18,86.4,68.88,5.37,61.13,88.76,23.2,6.9,5,0,1,0,1,1
S2332,20,57.0,53.75,96.33,90.83,60.5,7.9,60.54,73.86,27.9,6.2,4,0,1,1,4,2
S2333,18,83.54,48.62,58.67,52.66,54.15,1.21,66.0,61.46,25.4,4.1,3,1,0,0,4,1
S2334,20,61.82,94.77,70.76,78.95,83.69,4.41,56.73,71.46,17.6,6.5,2,1,1,1,3,2
S2335,23,71.92,80.14,46.53,90.1,79.07,3.0,90.47,69.07,17.6,5.4,1,0,1,0,4,2
S2336,21,50.84,66.28,44.26,78.05,64.56,3.12,61.03,66.64,5.2,4.7,1,1,1,1,1,0
S2337,20,57.58,74.4,65.77,53.19,88.95,7.79,70.83,60.61,5.8,6.9,1,1,1,1,3,2
S2338,20,54.6,84.74,84.5,84.67,88.8,0.05,50.8,87.96,23.7,7.4,7,0,0,0,3,0
S2339,24,61.99,86.38,56.16,53.03,74.55,7.49,55.24,54.32,18.9,6.6,1,0,1,1,1,0
S2340,21,55.0,95.19,73.74,90.87,54.83,8.1,94.81,94.38,24.0,7.1,2,0,1,1,2,0
S2341,24,84.6,65.61,56.72,52.15,95.92,9.01,91.86,58.75,28.7,7.0,2,0,1,1,0,0
S2342,19,51.45,57.6,63.32,56.87,83.43,6.27,92.05,98.99,16.3,4.6,8,1,0,0,4,0
S2343,22,80.89,78.38,94.39,63.76,62.35,3.33,70.57,99.42,7.2,5.1,5,1,0,1,2,1
S2344,23,57.04,64.94,91.35,81.67,80.52,4.27,57.08,69.92,20.7,4.0,4,0,1,0,0,0
S2345,23,97.26,75.68,70.96,98.82,70.25,9.7,55.39,99.39,7.5,8.9,3,0,0,1,1,0
S2346,18,96.65,65.2,54.29,55.89,81.77,8.81,80.28,93.45,20.5,5.1,8,1,1,1,4,1
S2347,24,61.28,49.18,51.59,57.14,73.69,4.64,91.41,54.12,18.2,8.1,10,0,0,1,2,0
S2348,22,80.72,68.17,97.25,68.44,74.27,9.43,95.01,97.37,22.8,7.9,6,0,0,1,0,1
S2349,18,51.4,81.46,52.16,91.81,86.79,8.23,64.44,52.13,13.8,7.5,7,0,0,1,1,1
S2350,23,96.59,87.96,88.49,73.36,80.69,9.01,66.05,59.1,8.6,6.2,5,0,1,1,3,0
S2351,22,76.15,69.6,62.14,66.08,54.0,6.83,55.04,79.23,10.9,6.9,5,1,0,0,3,2
S2352,20,52.16,49.91,99.14,78.06,53.27,8.58,88.72,54.04,22.1,4.9,10,0,0,0,3,2
S2353,19,67.12,64.88,62.09,63.03,65.25,8.92,63.78,58.09,17.0,4.5,8,1,1,0,1,0
S2354,20,53.84,87.18,61.09,70.06,71.51,0.92,74.05,97.67,18.5,5.8,1,0,1,1,0,2
S2355,19,69.65,64.77,78.25,66.63,63.76,9.65,96.44,99.73,13.1,8.1,3,0,0,0,1,0
S2356,24,83.5,81.79,97.69,90.21,82.57,3.34,87.61,89.91,25.9,6.8,7,1,0,1,3,0
S2357,21,73.49,70.43,98.57,96.21,59.76,4.4,52.64,75.76,30.0,7.8,3,0,0,0,1,1
S2358,18,69.19,54.47,82.43,87.98,85.21,7.92,50.41,95.02,12.8,8.5,9,1,0,0,4,0
S2359,18,55.96,87.77,85.28,71.95,88.66,6.65,89.37,55.59,23.0,6.8,2,0,0,0,0,0
S2360,21,62.25,45.05,73.8,75.22,56.22,8.93,77.63,97.14,9.3,5.8,1,0,1,1,4,2
S2361,22,55.01,71.49,85.35,56.25,82.54,4.01,86.02,67.58,23.6,8.3,7,0,0,1,3,1
S2362,21,90.37,52.53,91.59,87.34,98.07,3.73,57.84,93.07,15.8,5.1,9,0,1,1,0,1
S2363,24,56.76,44.02,69.17,79.82,59.64,0.32,93.6,83.42,20.1,4.1,4,0,0,1,4,2
S2364,23,79.77,70.18,77.19,95.12,95.47,4.63,88.67,98.01,10.9,4.3,9,1,0,0,1,0
S2365,21,67.14,69.97,72.24,60.03,80.3,7.24,94.54,93.23,26.3,6.9,3,1,0,0,2,1
S2366,19,61.3,82.41,73.75,87.99,79.55,3.01,67.05,94.39,9.3,8.5,8,0,1,1,1,1
S2367,23,81.97,84.69,93.4,84.23,52.6,4.63,63.79,81.59,28.2,6.8,9,0,1,0,3,2
S2368,21,72.85,83.67,61.34,63.29,87.42,2.19,57.59,91.66,6.5,6.0,5,1,0,1,2,1
S2369,18,70.01,64.57,52.49,83.37,73.91,7.73,96.5,87.86,12.2,6.9,5,1,0,1,0,0
S2370,20,79.64,77.9,67.38,96.22,86.06,0.61,58.84,58.08,19.1,7.4,5,0,1,0,2,2
S2371,19,74.56,74.62,52.49,95.92,90.46,7.05,55.97,82.43,26.5,7.8,9,0,1,1,0,0
S2372,24,65.17,65.29,69.9,85.98,76.19,3.79,59.63,57.41,19.4,5.7,9,1,1,0,4,1
S2373,19,77.95,75.83,94.21,52.4,63.18,0.42,88.57,93.47,10.4,5.9,3,0,0,1,4,2
S2374,22,83.47,96.83,77.05,93.61,57.08,8.53,94.48,53.3,26.5,4.1,4,1,1,1,4,0
S2375,20,51.33,51.57,91.33,82.89,58.03,4.88,90.55,99.35,19.9,7.2,6,0,0,1,4,1
S2376,19,73.29,94.35,49.97,65.52,93.35,5.99,78.16,70.03,10.8,7.9,8,1,1,1,4,0
S2377,21,52.88,43.21,94.05,59.36,56.18,7.32,99.69,58.53,19.0,6.6,2,1,1,1,2,0
S2378,19,59.32,58.5,76.11,55.81,69.23,6.55,53.44,96.78,21.9,5.9,4,0,1,1,0,2
S2379,19,78.03,57.29,41.91,52.51,66.71,7.31,93.36,52.27,22.0,5.7,5,1,0,0,4,0
S2380,19,93.31,77.58,77.99,87.71,93.27,7.62,71.39,73.51,23.1,7.2,6,0,1,0,4,1
S2381,22,94.14,47.87,97.08,61.79,73.88,5.89,72.76,88.51,27.4,5.7,1,0,0,1,0,1
S2382,19,53.5,92.94,44.75,51.21,99.82,3.66,56.38,65.84,25.6,7.0,6,0,0,0,2,1
S2383,19,70.96,89.71,74.95,69.86,86.85,2.43,51.67,76.44,20.2,8.6,10,0,0,1,4,1
S2384,22,79.15,79.12,94.93,74.13,92.55,9.03,65.83,85.02,5.8,5.7,7,1,0,1,2,0
S2385,23,57.35,67.5,40.58,58.46,54.93,9.7,58.74,97.6,23.7,4.3,9,0,1,1,4,1
S2386,20,88.27,95.98,77.85,52.2,62.66,3.58,74.17,55.14,29.4,8.4,8,0,1,0,2,2
S2387,24,87.21,89.84,68.49,59.46,56.77,1.12,57.37,57.86,12.6,5.4,3,0,1,0,3,0
S2388,23,95.17,69.96,60.82,83.96,73.18,2.23,56.9,75.44,20.2,8.9,5,0,1,1,4,2
S2389,18,50.42,82.11,77.65,54.11,85.91,6.71,93.85,70.92,24.2,8.2,1,1,0,1,4,1
S2390,22,60.83,74.02,43.16,77.75,58.45,1.73,96.06,70.54,21.0,6.1,9,0,0,0,1,2
S2391,22,91.36,75.28,85.18,57.32,56.51,7.8,98.21,64.85,28.1,7.1,10,1,0,0,1,1
S2392,19,83.53,59.86,40.27,59.78,80.73,9.23,84.03,78.03,16.8,5.4,7,1,0,0,2,0
S2393,19,94.72,67.73,58.42,69.65,61.52,9.64,88.55,94.16,18.3,4.4,3,1,0,0,1,2
S2394,24,52.86,44.69,70.24,55.04,73.97,0.09,91.79,58.05,6.0,6.6,6,0,0,1,2,0
S2395,18,79.85,61.44,62.62,58.66,52.56,9.58,82.95,60.76,27.5,6.1,10,0,0,0,4,1
S2396,19,78.45,81.75,58.45,67.45,84.03,7.4,66.51,83.54,11.6,8.8,1,0,1,0,4,0
S2397,21,51.78,97.19,89.85,66.48,77.07,0.84,57.82,52.81,29.5,7.0,3,0,0,1,3,2
S2398,19,75.68,97.78,96.09,87.46,82.37,4.15,61.86,83.69,10.1,7.7,1,1,1,1,3,2
S2399,19,80.48,73.34,92.42,53.74,63.77,7.0,92.02,65.72,11.3,4.7,7,1,0,0,1,2
S2400,21,59.56,76.4,71.35,93.02,63.93,9.57,84.8,67.89,17.1,7.6,3,0,0,1,4,1
S2401,18,63.67,51.14,93.05,90.81,90.07,1.64,72.79,70.28,21.5,4.3,5,0,0,1,2,2
S2402,21,82.02,81.72,95.25,88.3,85.93,1.28,51.47,67.48,16.0,7.1,5,0,0,1,1,2
S2403,22,73.42,44.24,64.55,65.47,78.99,4.72,63.31,92.06,13.8,8.2,9,0,1,0,3,2
S2404,21,92.9,57.08,57.01,91.14,81.41,9.68,86.44,97.3,18.5,6.4,1,0,1,1,0,0
S2405,20,67.12,80.1,45.9,59.14,54.7,9.71,75.62,77.4,29.0,5.1,3,0,1,1,2,1
S2406,22,63.33,58.62,68.75,56.22,92.81,2.28,71.78,79.09,29.0,6.2,4,0,0,1,0,1
S2407,19,99.24,42.99,96.78,52.25,88.5,3.19,65.68,53.52,13.2,8.2,4,1,1,1,1,1
S2408,24,95.56,89.91,73.65,96.97,79.52,9.08,80.35,85.66,22.0,7.6,8,1,1,0,1,1
S2409,22,51.45,58.62,80.05,65.4,95.93,7.35,98.32,79.2,23.0,7.0,8,1,0,0,0,2
S2410,18,88.54,43.79,46.77,95.88,58.43,9.72,95.06,52.52,21.3,7.5,4,1,1,0,1,1
S2411,18,55.52,44.49,48.61,63.63,84.33,8.93,51.52,59.92,7.8,8.2,10,0,0,0,1,1
S2412,21,51.37,55.11,67.87,95.38,98.15,2.15,74.05,60.1,18.5,4.8,9,0,1,0,4,2
S2413,22,63.68,50.68,97.08,95.2,65.5,7.6,66.47,58.55,24.1,8.2,9,0,1,0,2,2
S2414,19,63.47,86.46,61.65,96.18,50.76,0.49,75.53,82.93,10.0,8.0,3,0,0,1,3,2
S2415,18,90.97,59.3,92.65,74.81,86.74,8.18,80.31,96.42,13.7,6.4,9,0,1,0,4,2
S2416,23,85.53,88.28,47.22,93.3,50.35,6.02,60.0,88.15,10.1,6.0,8,1,0,0,1,0
S2417,19,99.08,50.43,77.02,97.54,93.63,9.56,89.08,73.87,27.2,8.7,4,0,1,1,3,1
S2418,23,85.58,69.57,76.04,66.23,52.82,9.6,73.75,70.2,26.5,8.1,10,1,1,0,1,2
S2419,20,70.91,81.28,91.59,70.94,82.64,0.51,99.6,69.32,9.2,8.9,5,0,0,1,2,1
S2420,23,84.95,79.12,40.2,85.96,68.86,1.61,51.26,80.06,24.0,7.2,2,1,1,1,1,0
S2421,18,99.97,76.07,51.4,65.02,60.17,4.84,59.49,67.96,14.1,4.2,7,0,0,0,0,2
S2422,21,85.51,95.49,53.18,87.69,94.91,8.79,84.48,61.31,22.2,4.8,2,1,0,0,0,0
S2423,20,88.08,53.71,97.0,53.69,87.31,8.14,84.76,80.14,17.3,8.1,1,0,1,1,0,1
S2424,22,96.92,69.62,49.22,76.17,67.02,9.64,79.11,69.54,16.8,7.2,10,0,0,1,0,0
S2425,19,55.68,93.04,42.22,56.12,64.21,6.18,98.6,50.71,27.0,5.0,5,0,1,1,3,1
S2426,18,85.24,44.67,72.07,64.67,86.8,2.57,70.77,51.11,20.9,4.1,8,0,1,1,0,1
S2427,20,92.54,43.35,71.71,62.93,91.83,0.25,70.85,63.71,10.9,5.3,4,1,0,1,1,1
S2428,20,97.72,54.0,90.64,91.95,85.79,2.23,95.52,75.62,7.8,4.7,1,0,0,1,4,1
S2429,18,60.55,77.98,96.93,59.68,82.0,6.75,76.92,67.71,28.3,8.4,4,1,0,1,1,1
S2430,22,75.2,55.59,72.31,90.42,61.4,9.26,67.69,51.2,8.8,8.4,9,0,1,0,1,2
S2431,22,84.03,51.41,95.8,89.7,92.64,3.21,85.95,61.16,23.4,8.2,8,1,1,1,1,2
S2432,21,62.37,67.53,83.51,74.94,87.48,8.76,80.98,54.82,17.4,4.5,9,0,0,0,1,0
S2433,24,80.02,76.82,55.87,61.69,75.86,3.95,65.32,97.43,8.5,4.7,7,0,1,0,4,0
S2434,23,62.88,54.91,95.71,61.34,75.58,3.08,64.9,65.64,24.4,4.7,6,1,0,0,0,2
S2435,22,66.67,58.04,80.05,73.25,78.46,5.09,69.78,50.74,27.6,5.3,6,0,0,1,2,1
S2436,21,72.08,76.81,64.85,50.44,91.41,4.42,53.58,83.03,8.0,4.4,1,0,1,0,3,1
S2437,23,76.46,96.74,80.81,76.57,87.11,9.14,97.13,61.62,6.7,8.9,3,1,1,1,4,2
S2438,20,72.47,80.48,64.08,97.64,92.81,4.68,59.15,78.34,26.2,8.3,2,0,0,1,4,1
S2439,18,74.66,86.97,46.85,57.74,75.36,2.77,59.69,57.54,17.5,4.3,7,1,1,0,4,0
S2440,22,64.93,62.01,83.14,78.67,81.23,8.43,82.35,99.2,21.9,4.7,10,0,1,1,3,1
S2441,21,57.95,56.34,89.45,98.09,92.73,9.99,86.21,98.51,16.0,5.3,6,1,1,0,1,1
S2442,20,52.37,67.26,83.73,93.03,61.62,6.48,86.84,82.8,15.3,7.9,3,1,0,1,3,0
S2443,22,59.8,88.43,53.75,92.52,72.2,2.5,68.75,85.36,12.5,7.6,4,1,0,0,4,0
S2444,19,79.1,67.38,97.4,91.09,81.03,2.39,93.67,71.29,19.1,7.2,1,1,0,0,1,2
S2445,24,89.31,90.8,41.52,65.45,95.76,0.58,77.2,98.11,9.0,8.6,4,0,1,0,4,1
S2446,20,58.46,99.33,59.96,94.53,50.79,0.77,71.93,71.19,22.9,4.2,2,0,1,1,2,0
S2447,22,55.43,44.32,55.61,97.07,60.63,9.15,90.52,61.97,18.7,4.8,5,1,0,1,0,0
S2448,20,87.46,42.72,42.89,74.79,61.72,0.96,62.18,55.77,26.2,4.9,9,0,1,1,0,0
S2449,18,65.26,48.98,64.34,67.73,66.33,4.84,93.01,60.41,28.0,4.3,9,0,1,1,4,0
S2450,18,97.57,63.06,77.39,70.71,64.09,6.98,76.94,78.61,27.5,7.1,1,0,0,0,1,0
S2451,24,85.72,47.86,92.95,66.71,79.51,8.5,95.0,62.25,20.0,5.0,6,1,1,0,2,0
S2452,18,66.34,92.24,99.38,60.62,94.28,1.71,60.08,82.71,13.0,6.4,2,0,1,0,2,2
S2453,23,64.48,41.39,88.49,80.92,81.85,4.38,96.8,69.11,13.9,7.4,1,0,1,0,1,1
S2454,19,76.18,58.95,68.12,78.13,62.08,2.51,84.39,94.34,21.3,7.0,9,1,0,0,1,1
S2455,18,53.96,51.08,83.42,73.13,93.19,2.56,80.92,77.92,22.8,5.5,2,0,0,1,2,1
S2456,19,55.88,95.89,90.62,54.79,81.6,3.04,71.1,81.13,9.0,6.1,6,1,0,1,0,1
S2457,18,58.79,80.17,67.92,89.84,60.95,5.87,97.82,77.83,29.9,5.7,6,1,1,1,0,1
S2458,23,88.74,94.72,87.1,58.75,68.08,0.17,72.2,94.28,7.7,8.3,3,1,1,0,2,1
S2459,20,75.69,98.34,68.96,55.73,89.5,4.09,74.93,53.17,20.2,6.1,6,0,1,1,3,1
S2460,22,50.53,69.83,63.19,81.15,86.95,1.87,89.07,53.37,18.3,4.3,4,0,1,0,2,2
S2461,22,83.68,54.06,71.57,69.93,78.83,9.67,64.24,85.09,19.8,7.1,8,1,1,0,4,0
S2462,18,71.18,51.62,80.55,52.99,57.24,5.83,64.57,88.4,18.3,5.0,4,1,1,0,3,0
S2463,22,75.54,53.38,83.61,67.78,90.16,8.68,88.76,71.68,6.4,5.7,7,1,1,0,1,0
S2464,18,60.71,82.52,61.4,88.59,65.38,1.96,56.43,67.62,29.9,5.6,10,1,1,1,2,2
S2465,18,77.59,42.43,74.28,80.76,88.58,8.1,91.15,63.9,29.5,4.4,2,1,1,0,2,0
S2466,24,98.96,43.08,94.59,68.14,82.38,4.15,81.26,61.72,18.1,8.8,6,1,1,1,3,2
S2467,21,53.67,76.49,98.58,59.59,63.21,1.78,76.95,95.6,10.2,6.7,10,0,1,1,2,2
S2468,21,64.2,78.52,53.63,81.59,60.62,7.61,61.46,64.76,9.6,4.8,5,1,1,0,4,2
S2469,24,62.15,79.92,51.57,94.38,56.55,7.62,89.32,82.4,6.4,6.8,1,1,1,0,0,2
S2470,21,62.43,62.31,80.6,82.31,62.1,9.96,90.25,89.35,20.3,6.3,5,1,0,1,2,0
S2471,19,68.94,88.36,64.88,90.65,57.89,7.81,74.15,51.1,17.0,5.7,6,0,0,0,0,1
S2472,21,90.91,72.02,41.45,76.08,80.85,1.45,69.46,51.69,15.4,6.4,2,0,0,0,1,0
S2473,18,95.64,46.33,60.81,85.9,79.94,3.23,62.31,66.66,18.1,7.3,7,0,0,0,1,2
S2474,23,60.11,87.83,88.4,94.81,79.31,4.52,87.71,84.8,26.8,5.0,1,0,1,1,2,2
S2475,23,77.15,97.18,87.85,88.66,82.09,1.27,81.97,63.04,6.8,6.7,1,1,0,1,1,2
S2476,20,81.84,43.6,69.68,95.49,90.74,7.88,60.33,50.07,18.6,8.1,1,0,0,0,2,0
S2477,21,76.09,63.48,68.35,71.56,95.68,5.27,89.72,64.41,22.5,5.1,2,1,0,1,0,1
S2478,23,71.7,69.25,74.77,95.21,61.52,9.44,94.11,54.51,29.3,6.6,1,1,1,1,3,0
S2479,21,59.6,48.79,53.16,81.08,79.39,5.89,52.96,60.97,23.5,8.8,7,1,0,1,2,2
S2480,20,74.41,92.06,71.56,93.5,53.92,5.23,88.62,66.66,18.7,8.0,5,1,1,0,3,1
S2481,23,70.06,57.05,40.66,51.97,56.01,0.71,92.64,56.4,24.2,7.0,7,1,0,1,0,2
S2482,18,89.78,86.98,68.53,82.89,82.72,1.49,99.58,85.32,29.9,7.7,5,1,1,1,0,1
S2483,19,88.18,80.26,60.16,92.4,74.33,8.5,61.88,62.8,27.2,6.6,8,0,0,1,3,1
S2484,24,56.7,75.88,80.49,58.71,87.92,9.91,68.55,83.05,7.2,8.9,10,0,1,1,2,2
S2485,24,54.43,51.53,78.3,83.09,71.28,4.15,98.31,79.95,19.4,4.8,8,0,0,1,3,0
S2486,24,95.41,53.24,62.85,91.25,56.38,8.1,54.7,94.9,24.7,7.6,9,0,1,1,2,0
S2487,21,76.78,42.84,40.44,64.4,93.6,6.28,76.19,54.4,21.8,4.0,3,0,0,0,2,1
S2488,23,92.89,54.44,55.14,70.26,54.14,9.59,75.34,60.73,15.4,4.6,2,1,0,1,3,2
S2489,23,52.91,60.73,78.0,78.48,59.45,2.38,80.33,93.26,13.1,7.6,7,0,0,1,0,2
S2490,20,76.33,89.99,44.34,75.96,63.85,5.45,66.54,91.11,20.7,7.8,7,0,1,0,4,2
S2491,18,76.97,61.98,46.46,51.96,99.76,4.09,96.3,59.61,15.3,4.2,3,0,1,1,1,0
S2492,22,93.04,85.28,78.82,54.93,70.84,5.42,63.5,55.39,14.8,5.7,2,1,1,0,4,1
S2493,23,54.88,66.37,85.35,55.02,75.09,2.69,82.48,92.81,25.9,4.6,10,1,1,0,0,2
S2494,19,62.02,87.09,59.29,63.11,88.48,4.98,74.8,58.91,12.9,8.5,2,1,0,1,1,0
S2495,20,70.33,98.58,69.38,62.29,81.82,6.25,63.33,93.56,21.1,6.3,3,0,1,0,3,0
S2496,23,93.29,54.39,96.74,87.11,92.07,0.81,59.44,98.06,26.8,6.2,8,0,0,0,4,0
S2497,23,96.94,91.74,96.73,78.64,74.32,7.43,97.83,61.04,20.5,8.1,8,0,1,1,2,2
S2498,20,99.64,77.31,58.45,88.2,98.61,7.07,78.06,92.02,17.3,7.5,1,0,0,1,0,1
S2499,20,97.96,89.04,88.6,53.49,89.84,8.8,80.21,71.19,5.9,8.6,9,0,1,1,0,2
S2500,21,50.3,79.1,75.64,74.26,70.07,4.26,89.14,89.44,22.0,8.7,5,1,1,0,0,0
S2501,23,52.39,65.44,98.53,66.19,69.06,0.62,54.06,70.37,29.9,5.6,5,0,1,0,4,0
S2502,22,57.38,53.68,68.66,92.5,96.47,4.61,85.69,53.52,25.2,7.2,2,1,0,0,2,1
S2503,19,67.44,44.2,86.48,85.39,84.22,1.38,58.26,85.63,20.9,6.7,5,0,0,0,4,0
S2504,18,91.5,72.13,86.09,93.46,81.07,6.47,87.02,57.53,16.7,7.0,6,1,0,0,2,0
S2505,18,94.63,99.42,69.85,52.32,87.89,0.47,57.07,96.35,10.6,7.1,7,1,0,0,1,0
S2506,22,59.34,84.28,87.74,86.04,78.04,3.74,91.62,70.89,22.3,4.3,1,1,1,0,3,1
S2507,20,80.98,59.64,55.66,77.0,57.96,0.83,84.05,54.1,9.4,8.5,3,1,0,0,0,0
S2508,20,95.87,89.63,47.34,91.25,65.96,0.03,69.29,61.42,27.2,4.7,4,0,0,0,2,2
S2509,20,73.19,86.14,65.51,75.36,77.9,9.61,67.94,93.13,13.8,6.1,7,0,1,1,4,0
S2510,23,55.18,56.9,96.62,77.01,50.91,9.96,57.45,66.05,15.0,5.5,8,0,1,0,4,0
S2511,20,72.89,40.86,70.04,52.59,71.87,5.56,95.2,92.82,10.4,6.8,5,1,0,1,0,0
S2512,20,68.79,47.09,78.12,83.43,87.79,2.39,55.93,58.61,17.0,8.8,7,0,0,1,0,0
S2513,23,78.88,92.64,77.45,63.66,58.21,9.11,73.6,73.41,22.0,6.1,2,0,1,1,0,2
S2514,23,71.93,90.19,47.95,50.98,53.23,9.23,61.83,93.91,12.6,7.0,8,0,1,1,1,2
S2515,22,50.87,57.71,63.42,53.32,91.8,8.55,99.82,52.42,22.5,4.7,2,0,0,0,3,2
S2516,21,99.7,57.11,82.42,97.86,80.86,5.44,79.29,65.21,20.5,6.3,3,1,0,0,2,2
S2517,23,77.18,87.57,98.32,67.3,58.83,0.75,57.48,95.49,14.3,8.6,3,1,0,1,0,2
S2518,19,73.68,96.26,50.08,93.4,90.32,0.88,83.38,79.83,12.8,8.7,6,0,1,1,2,1
S2519,20,97.73,86.75,64.63,97.98,82.91,8.97,99.58,85.81,26.5,6.7,10,0,1,0,4,2
S2520,21,57.79,76.33,45.71,97.16,66.71,8.76,80.25,92.11,5.3,7.8,6,0,0,0,3,1
S2521,18,59.46,54.56,54.54,94.09,68.81,4.34,72.87,76.18,22.9,4.0,1,1,1,1,3,2
S2522,22,90.4,71.54,62.61,94.74,57.79,3.28,64.66,92.27,15.4,6.7,10,1,1,0,2,1
S2523,21,63.04,54.01,72.44,64.45,91.76,6.44,54.61,81.94,22.9,7.7,2,1,0,1,4,0
S2524,23,89.96,88.48,53.83,57.57,75.45,8.07,61.41,84.28,17.7,5.6,5,0,1,0,4,2
S2525,20,63.58,63.22,53.65,81.96,77.85,7.32,77.68,57.64,7.1,8.5,9,1,1,0,1,1
S2526,20,51.66,90.02,86.67,74.41,94.17,6.16,87.69,96.95,29.6,7.9,6,1,0,1,0,0
S2527,20,75.85,62.9,97.76,54.94,50.79,2.32,93.9,89.8,7.2,7.8,6,1,0,1,4,2
S2528,21,59.83,89.45,59.42,83.88,53.35,2.63,89.69,62.71,9.0,4.1,1,1,0,0,0,1
S2529,20,87.89,60.0,81.28,78.14,58.08,7.24,56.27,79.0,15.5,4.9,8,1,1,1,0,0
S2530,23,82.06,66.41,55.48,93.15,51.5,8.03,88.67,68.82,28.6,7.6,9,0,1,0,2,1
S2531,21,96.18,76.93,95.68,80.46,82.91,1.16,79.08,83.02,12.3,6.8,5,0,1,0,0,2
S2532,20,89.15,44.22,80.37,78.7,81.69,1.87,73.46,99.69,19.2,6.9,10,0,0,0,2,0
S2533,18,59.04,96.89,88.16,72.04,60.54,6.8,78.64,52.29,18.0,4.1,3,0,0,0,3,0
S2534,18,90.01,74.42,42.96,73.14,57.47,3.89,50.4,97.63,13.3,6.2,10,1,1,1,4,0
S2535,19,82.09,70.47,75.91,97.72,57.28,5.63,53.39,53.62,22.4,7.9,5,0,1,0,2,2
S2536,20,83.45,90.36,71.66,56.92,97.66,6.15,76.29,73.04,17.5,7.3,5,0,0,1,1,0
S2537,20,91.61,91.95,57.58,72.31,84.68,7.76,58.68,74.11,19.5,6.9,1,0,0,1,2,1
S2538,21,78.69,71.34,55.75,82.79,79.27,8.06,77.28,63.44,10.3,7.5,9,1,0,1,0,2
S2539,21,73.3,95.64,74.8,71.65,66.12,2.8,67.71,78.33,28.2,8.3,10,0,0,0,1,0
S2540,24,81.83,43.88,82.39,64.16,71.65,5.41,95.37,91.7,7.8,8.2,2,1,1,0,0,2
S2541,20,64.9,46.79,41.99,64.37,54.47,1.24,97.48,64.7,22.3,6.3,5,1,0,1,1,2
S2542,19,59.13,75.81,74.04,61.68,99.91,8.42,98.99,53.52,27.1,5.5,1,1,1,1,2,0
S2543,20,80.83,61.24,50.23,67.2,87.75,8.45,94.95,81.61,7.1,5.8,7,0,1,1,0,0
S2544,23,61.69,67.85,48.42,93.58,81.07,3.0,99.29,87.59,5.7,6.6,7,1,0,1,2,0
S2545,21,54.0,59.68,77.39,75.26,79.39,1.61,85.31,97.73,13.3,4.4,5,0,1,1,4,1
S2546,20,50.03,64.28,58.65,62.01,75.22,0.7,98.03,57.98,24.7,7.0,10,0,0,1,1,0
S2547,21,80.42,89.36,66.45,69.23,62.87,5.75,82.09,95.07,22.9,6.3,10,0,0,1,3,1
S2548,20,68.11,75.61,61.6,55.29,61.32,0.91,90.46,74.11,25.6,7.8,2,1,0,1,3,0
S2549,22,87.62,99.84,78.9,95.2,77.48,6.81,56.6,61.79,14.9,5.4,8,1,1,0,2,2
S2550,21,68.76,87.21,68.21,70.41,53.51,6.78,84.13,98.14,29.8,4.3,3,0,0,0,1,2
S2551,19,74.3,56.42,97.81,99.02,53.72,6.14,96.56,61.92,14.2,8.5,5,1,1,0,1,0
S2552,22,70.35,55.86,61.14,67.38,78.04,8.77,77.0,86.67,25.1,4.3,6,1,1,0,2,0
S2553,23,82.53,60.15,84.42,91.82,95.99,3.78,59.34,89.24,13.8,8.6,6,1,0,0,3,0
S2554,20,67.81,90.6,55.44,62.82,95.71,9.02,76.34,71.53,10.5,6.5,8,0,1,0,4,2
S2555,24,98.19,41.64,70.53,53.81,50.54,0.37,85.35,84.5,13.4,4.3,1,1,0,0,3,2
S2556,23,96.81,53.81,73.15,51.59,55.37,1.13,88.49,78.62,9.8,4.6,5,1,0,0,0,2
S2557,21,92.4,94.3,59.75,80.31,79.15,4.12,76.19,59.6,8.2,6.7,7,0,1,0,3,0
S2558,22,96.02,78.39,68.31,65.58,92.42,5.94,60.87,87.99,14.1,4.1,5,1,1,1,0,0
S2559,23,72.46,53.61,56.76,72.18,97.72,0.32,96.33,96.4,8.7,8.6,8,0,1,0,0,2
S2560,19,76.82,53.15,40.36,90.93,93.03,5.67,88.68,74.43,17.6,8.0,2,1,0,1,4,1
S2561,24,87.1,91.76,52.94,62.41,83.88,3.07,63.53,99.72,5.9,6.5,5,1,0,1,4,0
S2562,21,84.81,93.63,82.0,65.43,60.03,8.87,90.59,71.4,15.8,8.6,4,1,0,0,3,0
S2563,22,94.53,55.37,86.26,92.27,53.63,5.33,67.39,73.99,29.0,5.3,3,1,1,1,2,1
S2564,23,85.82,65.23,56.81,74.64,52.38,5.88,65.62,83.69,14.0,8.3,2,1,0,0,3,2
S2565,22,99.89,90.08,64.48,91.38,80.6,9.46,93.15,59.29,8.4,8.0,8,1,1,1,4,0
S2566,22,67.43,86.26,42.24,68.72,51.81,7.64,93.66,95.1,12.6,6.9,4,0,1,0,0,1
S2567,23,91.65,88.83,54.22,69.92,86.96,4.38,69.92,90.06,24.8,5.6,10,1,0,0,0,1
S2568,18,84.88,71.1,86.75,58.36,85.62,4.77,50.45,93.62,12.8,6.8,10,1,0,0,2,2
S2569,20,84.57,94.69,76.36,95.82,53.98,6.48,59.33,80.48,14.6,8.8,4,1,0,0,3,1
S2570,21,66.29,59.56,52.35,94.84,95.33,2.0,95.46,94.19,24.7,4.4,4,0,1,1,2,2
S2571,21,89.28,49.4,55.45,99.21,76.1,0.89,94.94,84.0,11.5,5.0,9,0,1,0,2,1
S2572,24,95.02,82.52,89.01,70.12,95.22,3.11,72.67,75.58,17.0,7.2,7,0,0,0,3,0
S2573,24,60.93,72.36,52.55,90.93,95.08,7.78,65.21,96.59,6.6,7.4,10,1,1,1,1,2
S2574,24,81.27,91.28,60.05,70.75,59.85,2.57,65.14,71.99,9.4,4.8,3,1,1,1,3,2
S2575,21,69.61,44.87,79.86,72.71,69.03,1.31,94.86,75.03,10.2,8.0,5,0,0,0,2,1
S2576,22,99.48,90.62,73.67,91.5,56.73,2.19,66.24,58.48,16.6,8.6,4,0,0,0,1,0
S2577,24,73.94,57.6,67.65,58.87,88.75,6.79,75.58,97.38,25.5,4.4,1,0,1,0,2,1
S2578,23,61.42,79.29,93.98,61.02,75.21,6.14,86.55,61.05,13.9,8.9,4,1,0,0,2,1
S2579,20,69.09,42.41,53.18,65.74,96.44,6.88,60.47,60.07,14.5,5.4,7,0,1,1,2,1
S2580,19,82.69,76.57,84.49,89.41,60.41,3.22,62.69,55.06,12.5,5.5,5,1,0,0,0,0
S2581,21,53.8,83.04,49.54,68.63,84.42,9.01,67.9,72.67,13.0,4.2,6,1,0,0,3,0
S2582,23,80.18,62.13,76.94,67.91,99.46,4.52,82.71,63.68,15.1,6.5,6,1,0,0,4,1
S2583,20,96.56,52.92,92.24,99.94,83.27,5.14,90.87,87.04,27.5,8.8,7,0,0,0,0,2
S2584,20,92.52,72.26,67.47,69.19,53.44,9.49,77.34,65.38,5.6,4.8,1,1,1,1,3,2
S2585,18,53.38,89.99,83.46,62.39,79.42,9.79,56.65,86.04,20.6,6.9,6,0,0,1,0,2
S2586,23,99.67,59.41,89.22,81.16,58.99,6.62,72.31,59.8,27.2,5.4,9,0,0,0,3,2
S2587,21,84.94,55.15,48.16,90.09,51.53,9.45,56.38,61.5,15.4,4.1,10,0,1,0,1,1
S2588,24,58.11,56.74,82.35,53.48,66.75,5.42,54.41,90.31,21.3,8.9,5,0,0,0,4,1
S2589,22,50.62,96.95,95.19,80.94,63.31,3.07,79.48,68.55,19.6,7.6,7,1,1,1,1,0
S2590,24,58.56,61.56,74.58,51.79,89.44,3.15,97.81,55.59,13.5,7.7,3,1,1,0,1,2
S2591,20,91.91,40.22,51.17,76.32,68.68,5.59,91.88,98.07,8.4,7.3,4,1,0,0,3,1
S2592,20,51.08,86.9,47.62,62.85,86.65,6.05,88.72,58.87,10.5,4.7,4,1,1,1,2,2
S2593,19,61.66,81.96,55.58,65.33,50.81,4.4,86.35,57.51,6.4,5.0,6,0,1,1,2,2
S2594,24,87.87,47.71,46.21,73.35,50.74,8.84,94.86,67.92,24.1,5.9,3,0,0,0,2,1
S2595,18,79.31,99.09,70.8,96.36,51.47,4.27,87.64,54.78,18.3,9.0,3,0,0,1,2,1
S2596,20,89.14,76.48,44.18,85.53,60.97,2.73,81.34,57.78,24.6,7.4,10,0,1,0,4,1
S2597,20,87.31,70.05,53.4,96.84,68.7,0.08,68.23,92.32,12.3,6.2,5,1,1,1,1,2
S2598,22,52.53,62.93,66.39,83.0,80.39,9.71,55.05,58.58,25.1,6.4,2,0,1,0,0,0
S2599,22,94.63,93.92,68.43,50.36,99.3,8.24,73.05,55.57,12.7,8.6,1,1,0,1,4,2
S2600,19,61.35,54.64,73.92,63.28,67.72,6.16,96.24,94.0,8.0,5.0,2,0,1,1,3,1
S2601,23,77.67,57.15,82.34,95.29,52.78,8.31,79.16,72.19,18.3,5.6,9,0,0,0,4,2
S2602,19,82.21,47.34,42.83,82.17,59.75,8.1,59.23,57.86,28.6,5.9,3,0,0,1,4,0
S2603,19,58.43,85.55,44.84,99.08,94.89,9.32,82.45,79.08,15.4,8.5,3,0,1,1,3,1
S2604,22,98.81,75.73,43.65,57.8,84.97,3.86,73.27,52.08,17.9,7.9,1,1,0,1,0,1
S2605,24,74.41,76.54,65.39,64.84,89.51,5.55,96.57,71.37,16.3,7.0,2,1,1,0,1,2
S2606,24,52.88,53.11,42.51,68.12,56.21,0.99,58.05,79.52,16.4,5.6,6,1,1,1,4,1
S2607,24,96.86,79.07,84.76,66.33,56.75,9.65,85.6,97.86,10.4,5.0,2,1,0,0,3,0
S2608,23,79.31,85.93,53.38,62.6,55.61,9.85,84.08,66.32,15.6,5.7,10,0,1,1,3,1
S2609,22,84.96,61.47,96.35,72.17,92.86,7.89,99.18,88.25,17.4,8.6,10,0,0,0,0,2
S2610,18,76.26,88.08,69.18,82.11,60.5,4.54,78.25,56.63,23.6,8.6,8,1,0,1,4,1
S2611,21,91.74,60.93,66.78,65.56,82.16,4.97,93.58,71.68,8.5,6.1,6,1,1,1,3,2
S2612,21,51.66,85.49,86.83,53.98,75.81,4.35,51.24,61.16,19.3,5.6,2,0,1,0,0,1
S2613,18,63.42,42.02,82.79,85.43,77.22,2.93,56.14,74.62,21.6,8.4,10,0,0,1,0,1
S2614,24,73.48,73.07,76.44,72.95,59.77,5.28,67.3,70.86,14.6,6.2,6,1,0,0,3,2
S2615,21,53.83,98.17,96.11,77.82,81.76,0.53,80.97,98.99,18.7,4.2,2,1,1,0,3,0
S2616,23,85.3,98.87,65.34,72.77,52.16,9.92,72.45,95.87,22.8,5.7,1,1,0,0,4,2
S2617,22,69.68,56.91,88.51,94.52,99.67,4.24,60.13,79.11,16.6,7.0,5,0,0,1,4,0
S2618,21,63.63,66.48,62.81,77.94,51.34,9.27,79.46,58.83,13.3,8.7,5,1,0,0,1,2
S2619,23,50.17,43.78,90.3,96.16,52.51,7.24,78.33,77.85,25.6,6.1,8,1,1,0,3,1
S2620,22,85.99,92.4,55.57,75.53,66.23,2.9,76.22,89.6,29.7,5.2,4,1,0,0,2,0
S2621,23,91.69,74.11,57.36,64.63,91.58,2.22,54.53,51.9,10.4,5.9,2,1,1,1,2,2
S2622,18,69.75,63.11,80.67,67.77,62.86,9.96,96.35,71.7,27.2,4.3,7,1,1,1,1,2
S2623,19,78.21,46.77,52.76,76.11,73.6,7.72,79.61,52.13,18.6,8.5,3,0,1,1,3,2
S2624,18,61.38,96.81,53.75,76.5,50.9,2.5,63.2,62.2,16.2,4.2,3,1,0,0,0,2
S2625,21,81.11,71.81,58.32,84.37,53.94,0.67,84.37,54.61,27.3,4.0,8,0,0,0,2,0
S2626,22,50.61,56.98,80.74,61.22,80.4,6.97,65.9,98.03,27.8,7.1,3,1,0,1,4,0
S2627,23,74.43,61.01,93.36,82.94,59.72,3.03,75.29,58.44,11.8,4.8,2,1,1,1,2,0
S2628,21,82.21,56.24,80.47,88.93,84.71,2.21,67.06,57.51,14.0,5.5,10,1,0,1,3,0
S2629,21,95.91,76.11,89.67,83.83,89.27,7.35,94.02,98.6,26.3,6.5,9,0,1,0,2,2
S2630,19,69.07,95.8,72.61,74.09,92.52,6.79,99.7,75.8,17.3,8.0,8,0,0,1,1,0
S2631,24,88.26,91.4,44.14,99.58,56.69,4.81,58.06,87.9,12.2,5.9,2,0,0,1,4,0
S2632,21,79.88,67.62,46.03,70.24,72.78,9.43,51.18,66.37,29.1,8.8,8,1,1,1,1,1
S2633,19,96.35,89.59,73.26,55.33,97.35,6.8,60.97,76.64,10.4,6.3,5,1,0,1,0,1
S2634,22,69.92,65.39,59.67,91.08,88.6,8.93,79.5,50.34,20.3,8.6,10,0,1,0,0,0
S2635,22,65.95,55.14,53.23,60.61,55.85,1.91,58.7,70.44,15.7,6.3,10,0,0,1,0,1
S2636,23,94.36,99.0,67.98,85.66,75.13,2.97,90.57,77.75,16.3,6.6,4,1,1,1,0,1
S2637,24,52.46,58.23,79.99,58.95,96.12,1.05,70.43,75.72,7.6,8.8,10,0,0,1,3,1
S2638,19,56.82,59.42,63.1,50.84,72.0,3.05,80.53,70.29,11.4,7.4,5,1,0,1,3,1
S2639,18,54.12,99.38,88.15,57.99,91.87,9.72,72.78,89.4,9.2,4.7,10,0,1,0,3,2
S2640,22,92.16,48.04,84.31,68.85,74.79,9.63,95.17,75.08,23.7,7.0,5,0,0,1,1,1
S2641,24,50.53,85.63,84.09,55.33,55.34,7.6,51.76,81.81,22.4,5.1,1,0,1,0,1,2
S2642,23,93.08,96.15,99.11,59.88,57.39,5.21,86.47,59.23,24.9,5.5,5,1,0,0,2,2
S2643,18,72.56,70.71,57.71,88.23,52.33,7.81,82.61,93.08,22.5,8.2,7,1,1,0,4,1
S2644,22,50.2,40.15,78.68,88.49,59.77,5.53,82.48,68.14,8.2,7.4,8,0,0,0,1,2
S2645,22,70.08,62.5,91.33,90.87,94.68,0.04,70.7,74.11,29.5,5.4,8,1,0,1,2,2
S2646,23,59.34,46.69,74.77,92.06,82.51,5.02,50.78,67.61,9.7,4.0,2,1,0,0,0,2
S2647,23,81.22,64.97,87.37,71.02,86.94,5.99,84.46,94.6,13.8,6.7,10,1,0,0,0,2
S2648,20,83.97,87.4,64.87,93.38,81.08,2.66,91.47,95.04,22.7,5.3,1,1,0,0,1,1
S2649,21,74.38,66.32,75.43,76.3,69.33,2.03,54.26,61.21,8.5,4.1,4,0,0,1,3,1
S2650,21,52.03,65.92,43.34,73.53,60.84,2.74,72.08,87.64,9.3,4.3,3,1,1,0,2,2
S2651,18,82.81,73.41,99.15,85.93,96.28,6.24,58.13,55.14,26.9,7.4,8,1,0,0,4,1
S2652,21,92.1,74.9,88.0,60.69,75.74,1.46,80.55,51.49,13.3,6.1,6,0,0,1,2,0
S2653,18,86.02,91.38,92.13,89.47,74.05,7.2,89.28,91.83,21.6,5.3,5,1,0,1,3,0
S2654,24,91.5,58.5,81.66,71.47,99.81,4.23,83.34,56.56,26.5,8.4,9,1,1,0,3,1
S2655,22,60.03,89.3,51.16,56.36,69.2,3.53,65.9,57.74,29.3,8.1,6,1,0,0,1,0
S2656,20,94.44,73.96,41.86,55.97,92.71,8.07,56.99,80.33,10.3,6.3,6,0,1,1,3,1
S2657,20,66.11,58.03,91.88,58.25,93.12,5.06,89.71,90.84,8.1,5.4,1,0,1,1,3,2
S2658,22,50.67,57.71,63.78,94.53,61.63,3.78,66.2,59.48,23.5,6.5,9,1,1,1,4,1
S2659,23,92.17,61.67,55.83,99.55,54.74,8.78,51.11,55.71,9.7,7.8,2,1,1,0,3,2
S2660,19,97.09,77.36,73.7,67.85,98.78,3.68,78.57,53.87,19.5,4.1,1,0,1,0,0,0
S2661,19,82.78,53.85,65.25,64.61,71.29,8.59,62.33,51.24,18.3,7.1,7,0,0,0,3,2
S2662,21,61.57,95.22,79.1,60.94,50.11,5.04,92.06,55.82,19.0,7.6,5,0,0,1,0,2
S2663,23,62.59,74.49,69.03,91.19,74.95,2.08,57.16,97.13,21.2,8.1,6,1,1,0,4,0
S2664,18,73.33,95.2,81.83,60.46,80.97,6.13,71.74,54.76,26.3,5.1,4,1,0,0,1,1
S2665,24,94.89,42.78,91.21,96.2,88.8,2.85,62.66,79.88,11.8,5.0,8,0,0,0,0,1
S2666,20,57.48,60.56,51.73,83.37,97.15,1.47,84.48,96.05,18.9,5.1,7,1,0,0,1,1
S2667,21,91.3,41.37,59.77,94.86,95.76,0.87,77.43,81.39,13.4,8.7,1,1,0,1,1,1
S2668,22,64.57,56.34,66.21,77.7,97.01,2.42,89.55,51.64,13.0,4.7,6,1,0,1,0,2
S2669,23,90.43,91.72,97.72,84.53,51.61,7.37,72.93,79.82,5.5,7.8,3,1,1,1,2,2
S2670,20,96.01,42.2,61.92,80.97,85.59,8.38,50.24,95.15,20.0,8.9,8,1,1,0,3,0
S2671,18,71.37,66.17,62.87,91.56,61.29,8.62,60.76,66.13,29.3,8.7,6,1,1,0,4,0
S2672,18,68.25,47.05,79.21,91.79,59.38,2.7,99.96,65.68,24.0,6.0,6,1,1,1,1,2
S2673,19,90.11,65.01,65.15,79.49,90.02,6.61,70.27,62.44,11.1,8.2,5,0,0,1,2,0
S2674,21,76.47,90.33,97.07,81.63,70.86,2.3,81.01,75.28,22.9,7.4,8,0,0,0,1,1
S2675,22,84.22,77.38,93.67,96.09,95.83,6.23,95.25,61.9,12.4,8.3,6,0,1,0,2,2
S2676,20,81.14,84.21,70.8,96.49,52.12,8.87,51.03,86.19,23.8,4.8,7,0,1,0,4,0
S2677,24,57.64,60.95,78.69,83.21,90.11,0.41,82.98,82.24,26.4,7.8,9,0,0,0,2,0
S2678,18,92.24,96.66,43.48,50.39,56.84,9.85,64.42,70.04,13.4,6.9,6,0,1,1,4,1
S2679,20,59.79,82.56,81.74,55.22,58.83,8.27,63.96,86.13,5.1,6.7,6,0,0,0,3,2
S2680,22,96.61,65.31,82.43,92.9,73.87,7.62,61.24,54.92,12.6,7.6,9,0,1,1,2,0
S2681,20,62.53,65.59,61.55,54.24,69.78,6.91,91.14,87.48,10.1,5.4,6,0,0,1,1,0
S2682,21,86.69,95.12,53.18,60.68,74.31,7.7,68.65,80.15,20.5,4.4,7,1,0,1,3,0
S2683,19,64.23,74.58,94.9,61.53,97.0,9.95,53.36,81.5,12.3,6.5,4,1,1,0,1,1
S2684,20,65.89,82.38,65.6,80.01,82.87,7.7,54.84,53.23,5.9,5.5,5,0,1,0,1,0
S2685,23,65.5,65.02,79.22,78.83,64.52,3.52,57.43,80.91,18.3,5.3,8,1,0,1,3,2
S2686,19,87.39,53.42,42.0,64.47,58.65,6.14,94.95,74.71,26.9,9.0,10,1,1,0,3,1
S2687,22,77.84,83.41,64.84,60.38,71.0,3.37,71.37,74.29,16.3,5.0,10,0,1,1,4,2
S2688,19,94.15,76.47,89.04,88.23,72.58,9.7,95.8,66.09,14.4,5.2,5,0,0,1,2,1
S2689,20,65.37,70.08,63.25,96.77,80.06,9.0,90.87,50.38,9.5,5.7,4,0,1,0,4,0
S2690,20,84.6,77.44,76.19,52.64,63.3,5.68,91.89,71.13,14.7,6.5,8,1,1,0,0,2
S2691,23,87.65,52.5,52.59,56.66,88.38,7.81,64.34,70.05,13.3,8.3,5,1,0,1,0,0
S2692,18,57.57,87.64,64.99,82.11,54.92,9.1,63.57,71.14,29.9,4.9,2,0,1,0,4,2
S2693,23,70.03,96.89,95.66,90.22,78.02,2.44,78.0,80.6,5.8,7.1,10,1,0,1,4,0
S2694,20,74.14,93.47,73.99,89.56,81.18,5.79,70.9,65.0,11.0,5.8,8,1,0,0,2,0
S2695,24,67.78,59.29,94.12,85.98,60.34,4.82,75.45,63.47,6.7,8.0,8,1,0,0,3,2
S2696,19,66.11,64.36,94.12,94.37,91.3,7.72,52.66,74.89,26.4,7.0,7,0,0,0,0,1
S2697,23,84.32,88.5,96.65,60.87,80.77,3.79,98.58,79.62,15.4,8.0,9,1,0,0,3,2
S2698,23,60.79,75.71,93.72,55.36,82.29,7.09,52.91,78.37,24.9,8.3,9,1,1,1,1,1
S2699,24,85.47,72.87,40.2,80.77,74.89,4.03,58.94,94.08,22.3,8.6,4,1,0,1,1,2
S2700,24,96.75,95.6,96.04,91.11,95.48,1.11,83.91,88.46,28.2,9.0,7,1,1,1,3,2
S2701,24,78.26,72.16,48.25,79.1,84.7,1.07,57.78,52.61,5.6,7.1,1,1,0,0,1,2
S2702,18,80.57,70.9,42.4,98.15,69.09,1.19,55.34,78.17,10.2,7.2,1,1,0,0,0,1
S2703,20,53.45,42.52,43.32,89.78,61.93,0.33,57.68,70.89,22.6,4.7,3,1,0,1,0,0
S2704,20,93.22,44.17,60.93,85.04,53.55,5.33,53.1,68.05,19.6,4.5,6,0,1,1,1,1
S2705,22,64.27,40.45,77.25,53.01,58.27,6.72,62.57,97.89,22.4,6.4,10,0,0,1,0,0
S2706,18,80.75,94.79,64.14,55.39,99.63,1.27,63.56,72.84,19.4,7.5,8,1,1,0,1,0
S2707,22,98.96,64.5,41.53,89.24,70.34,6.12,74.93,85.97,19.5,5.2,5,0,1,1,2,2
S2708,22,79.78,68.11,68.59,59.91,94.93,5.98,71.94,98.35,28.3,5.6,3,1,0,1,2,2
S2709,22,86.24,90.72,66.53,51.44,58.53,1.47,73.69,57.55,28.0,7.5,2,1,1,1,3,0
S2710,21,72.27,76.55,85.41,95.54,71.27,4.04,80.8,52.73,5.9,5.1,10,1,0,0,1,1
S2711,22,53.02,76.57,56.78,94.54,98.03,7.55,61.55,65.68,15.3,6.6,8,0,1,0,2,2
S2712,23,89.88,57.79,53.05,60.92,54.56,0.17,56.74,52.22,17.8,6.7,9,1,0,1,2,0
S2713,19,51.75,90.03,55.36,89.01,79.7,1.47,93.94,55.84,13.9,8.6,7,1,0,0,0,2
S2714,23,85.03,49.95,58.22,52.4,95.96,9.96,81.7,99.59,6.2,6.0,6,0,1,0,3,1
S2715,23,51.15,43.19,75.95,64.25,97.48,7.34,53.03,98.01,16.8,5.1,10,0,0,1,3,2
S2716,20,93.12,51.5,68.29,81.18,92.3,4.64,98.05,84.56,29.4,4.9,2,1,0,0,2,0
S2717,21,57.88,56.06,60.21,88.16,92.8,6.3,84.65,87.65,6.8,5.5,2,0,1,0,2,0
S2718,22,75.71,56.94,62.46,50.52,82.61,8.46,57.59,57.02,25.4,5.4,6,0,0,1,3,2
S2719,20,79.86,80.23,62.26,66.31,61.02,8.42,98.46,79.76,9.9,7.8,9,1,0,1,0,1
S2720,18,72.88,53.07,98.34,60.72,86.53,3.25,68.27,57.72,19.4,7.0,9,1,0,1,4,1
S2721,18,67.04,80.6,53.98,99.94,98.92,4.91,99.23,68.92,14.7,7.4,9,1,0,0,0,0
S2722,20,73.39,45.47,89.08,83.55,76.3,6.38,55.16,67.27,13.7,7.2,3,0,0,1,4,2
S2723,19,65.57,48.83,82.49,70.28,63.03,0.72,58.0,80.7,26.8,6.4,3,0,0,1,3,0
S2724,20,71.91,70.53,40.33,53.78,78.67,9.46,82.87,53.98,29.3,8.6,9,0,1,0,3,1
S2725,20,67.95,95.31,99.59,79.93,84.53,4.33,51.11,55.17,14.7,8.1,5,1,0,0,3,2
S2726,21,78.31,91.57,85.39,82.09,60.41,3.71,50.93,80.5,21.0,5.1,3,0,1,0,1,1
S2727,18,61.9,98.13,80.95,90.82,85.96,9.07,89.6,81.81,18.9,6.1,7,0,1,0,1,0
S2728,18,99.43,79.03,64.32,64.43,79.37,1.18,58.39,66.99,6.9,5.4,6,1,0,0,1,2
S2729,22,75.04,80.55,73.31,99.07,80.62,0.39,95.94,57.34,6.0,7.7,10,1,0,0,3,1
S2730,23,59.71,77.5,55.2,71.97,65.3,6.85,71.29,94.3,24.3,5.7,3,1,0,0,2,2
S2731,20,73.85,77.37,42.13,64.8,57.76,3.85,93.68,52.65,14.9,7.2,6,0,0,0,3,2
S2732,20,93.32,48.83,90.16,67.42,81.17,7.64,70.89,85.87,12.7,5.5,10,1,1,0,4,1
S2733,19,51.09,72.62,93.79,75.98,79.31,0.69,76.51,57.0,29.6,4.9,9,0,1,1,0,0
S2734,24,83.98,63.16,49.75,96.84,66.9,3.84,65.83,81.87,7.1,4.0,2,0,1,0,4,1
S2735,24,77.4,66.55,87.22,86.76,64.79,2.35,82.9,83.18,11.7,9.0,5,1,0,1,0,1
S2736,18,58.48,71.42,84.47,78.86,67.36,7.4,65.91,90.21,26.4,5.1,10,1,1,0,4,2
S2737,19,90.87,47.7,50.7,58.14,74.49,2.27,61.16,69.75,15.4,8.2,5,1,0,1,0,2
S2738,21,68.44,61.57,65.31,57.47,98.74,4.58,54.05,51.09,19.6,8.1,6,1,0,0,2,1
S2739,22,64.69,43.81,65.37,75.11,88.18,8.19,52.88,90.55,6.2,5.2,2,1,0,1,0,1
S2740,19,91.41,98.78,85.6,86.44,92.59,9.15,65.3,72.2,28.0,6.1,6,0,0,0,3,0
S2741,18,81.93,47.11,90.26,87.55,75.28,7.23,86.82,92.35,8.4,8.2,1,0,1,0,4,2
S2742,21,94.91,55.51,45.69,61.3,76.31,4.29,60.28,88.8,10.3,7.4,10,0,0,1,1,1
S2743,20,81.49,93.48,73.78,55.0,60.22,5.72,64.96,74.92,8.9,5.8,7,1,1,1,2,0
S2744,21,87.04,68.96,85.7,69.22,86.05,6.9,95.26,99.97,17.4,8.7,1,0,0,0,4,2
S2745,23,91.82,48.14,87.17,95.91,71.08,8.75,81.96,73.1,25.4,5.7,2,1,0,0,2,0
S2746,19,52.74,63.05,48.88,77.27,87.12,8.89,95.99,84.83,11.7,5.1,4,1,0,0,1,1
S2747,18,88.8,46.95,71.53,66.0,70.45,9.31,95.56,83.49,8.6,4.7,5,0,0,0,1,2
S2748,19,80.69,52.01,91.45,66.18,55.43,8.11,53.17,75.9,15.2,7.5,10,0,1,0,1,0
S2749,20,53.48,43.12,59.11,56.6,58.65,1.47,97.75,79.27,29.5,4.1,1,1,1,0,1,1
S2750,24,75.43,66.29,65.51,73.66,90.58,7.48,52.56,89.93,5.3,8.2,1,0,1,0,1,0
S2751,20,54.12,88.4,88.26,89.57,62.93,8.15,96.28,78.58,17.6,5.5,5,1,1,0,3,0
S2752,18,86.8,75.16,45.36,98.43,63.22,8.78,77.34,72.51,21.7,5.8,6,0,0,1,0,1
S2753,23,77.33,76.38,91.57,75.08,96.47,9.25,76.66,83.1,25.2,8.0,3,0,1,1,1,2
S2754,22,97.68,52.04,58.67,58.36,82.88,5.09,85.66,51.78,23.7,8.1,5,0,0,1,4,1
S2755,21,59.16,60.63,40.09,84.15,55.72,6.55,93.96,55.46,6.9,6.0,2,0,1,0,4,2
S2756,21,80.3,90.71,54.05,87.84,57.18,0.1,80.85,56.27,16.5,6.8,8,0,1,0,1,0
S2757,20,60.58,45.27,45.37,53.58,63.62,5.73,71.27,71.29,7.0,7.4,3,1,1,1,2,0
S2758,19,80.7,91.48,45.54,92.51,79.7,4.73,55.59,93.59,20.5,7.4,3,0,1,1,1,1
S2759,24,86.13,69.02,81.57,91.47,87.64,9.62,89.46,82.16,6.9,6.7,9,0,1,0,3,0
S2760,19,86.12,90.23,52.84,73.63,63.72,9.02,56.41,98.63,6.2,8.2,4,0,1,0,0,0
S2761,23,90.75,59.08,96.08,78.02,93.53,7.98,86.32,52.0,12.7,8.2,10,1,0,0,4,2
S2762,22,92.68,60.33,70.99,85.67,55.46,0.57,76.4,86.1,28.5,8.2,3,1,1,1,1,1
S2763,19,53.86,85.1,67.61,83.84,60.38,4.02,69.29,65.71,22.7,5.3,5,1,0,1,0,2
S2764,21,67.16,87.1,66.06,50.83,98.52,6.96,80.65,51.16,5.1,5.3,6,1,1,1,0,1
S2765,24,84.36,53.78,81.56,56.12,56.74,0.3,88.62,91.3,12.1,4.7,10,1,0,0,1,0
S2766,19,74.93,98.37,67.14,58.13,94.41,2.36,97.06,58.13,5.4,8.1,1,0,0,0,0,0
S2767,24,59.53,45.07,47.72,87.78,85.2,8.88,63.23,60.7,12.4,4.3,7,0,1,1,4,1
S2768,22,77.64,44.11,92.81,72.0,53.65,1.3,97.36,67.02,22.1,4.7,4,0,0,0,1,1
S2769,21,70.37,75.73,65.7,77.28,74.19,0.51,98.05,89.42,24.0,8.6,9,1,1,1,2,1
S2770,24,69.5,83.36,44.44,88.63,75.95,5.81,90.68,81.23,25.1,4.6,2,1,1,1,1,0
S2771,19,90.49,97.65,71.76,67.05,96.61,9.46,94.07,63.24,27.7,4.6,2,0,0,0,4,2
S2772,21,70.38,64.3,78.84,87.44,71.06,8.35,84.62,58.42,14.1,8.5,10,1,0,0,1,0
S2773,20,51.32,41.52,56.53,72.11,72.34,9.75,51.95,55.48,26.6,5.6,2,1,1,0,1,0
S2774,20,52.9,76.17,88.02,68.86,55.62,7.54,78.75,57.49,23.2,8.4,10,1,0,0,1,0
S2775,23,92.81,57.38,80.19,66.65,81.96,4.37,87.36,93.41,18.4,5.9,10,0,1,1,3,1
S2776,20,98.03,65.98,79.02,98.25,60.54,9.47,97.09,96.13,28.9,5.9,8,0,0,1,3,0
S2777,19,84.42,69.31,65.25,88.6,53.88,4.27,78.52,98.4,28.7,4.7,2,1,0,1,4,2
S2778,22,68.22,43.87,97.71,51.01,99.85,3.5,89.71,91.74,27.4,8.6,4,1,1,1,0,1
S2779,21,96.93,69.16,56.45,97.87,63.48,4.48,85.25,94.37,10.1,7.8,10,1,0,0,1,0
S2780,24,83.14,65.58,74.66,88.77,57.05,8.14,64.04,90.81,10.2,5.1,1,1,1,1,1,0
S2781,18,92.22,82.75,58.54,57.46,84.97,9.18,57.74,97.9,27.5,7.6,4,0,1,1,3,0
S2782,20,88.29,78.74,84.69,53.82,91.08,3.58,87.55,92.28,14.9,4.5,6,1,1,1,2,0
S2783,20,68.96,51.11,42.87,65.41,53.2,4.62,61.69,73.1,24.9,6.6,6,0,1,1,3,1
S2784,18,73.94,52.37,42.75,81.21,55.27,8.98,62.23,66.16,22.2,5.3,3,0,1,0,0,1
S2785,24,59.31,55.06,88.65,80.83,54.51,0.47,82.2,79.21,24.1,8.3,9,0,0,1,1,1
S2786,24,64.6,50.74,66.06,63.79,52.35,7.84,89.45,80.41,5.7,6.6,5,1,1,0,1,1
S2787,18,88.91,79.43,60.47,72.28,82.97,4.54,79.12,78.75,15.7,8.6,9,0,1,0,4,1
S2788,24,94.7,99.67,76.45,60.59,79.42,3.77,94.25,85.34,26.4,6.9,2,0,0,1,2,0
S2789,19,86.22,79.13,82.11,52.53,83.14,4.47,60.57,84.95,17.2,6.5,3,1,0,0,4,1
S2790,24,73.26,76.4,52.07,75.85,75.28,4.19,62.62,54.36,22.3,7.5,7,1,0,0,2,0
S2791,21,54.33,64.6,51.13,67.35,90.88,7.57,81.85,64.28,23.9,7.9,5,1,1,1,2,2
S2792,24,52.85,58.75,97.49,77.14,77.33,9.28,91.47,94.49,8.0,4.1,9,0,0,1,2,2
S2793,20,68.72,94.66,75.38,97.33,95.94,4.91,76.97,79.5,8.9,6.6,2,1,0,0,2,0
S2794,22,73.19,98.14,63.41,57.17,74.28,8.33,50.52,66.43,23.1,7.9,9,0,1,1,4,0
S2795,19,80.46,69.81,88.09,50.1,89.53,7.32,83.85,92.52,6.4,6.0,8,0,1,0,1,1
S2796,19,50.32,57.41,71.51,53.84,70.37,3.31,90.68,62.45,13.5,4.2,5,1,0,0,1,1
S2797,24,99.49,86.21,54.5,73.14,71.76,5.87,63.83,70.46,28.0,4.1,1,0,0,1,4,2
S2798,22,68.2,47.95,52.4,85.35,92.45,6.67,52.71,63.81,19.4,8.0,10,0,0,1,3,2
S2799,22,92.4,85.94,63.81,79.04,55.38,0.23,75.9,93.57,27.8,5.0,1,0,0,1,0,0
S2800,23,76.75,89.14,91.59,74.74,78.25,3.96,52.11,86.41,12.7,4.9,7,0,1,1,2,2
S2801,22,56.52,47.49,43.69,67.7,86.32,9.93,70.8,73.01,20.9,5.4,2,1,0,0,4,0
S2802,24,89.88,98.61,53.11,65.5,87.52,6.37,50.89,96.62,12.2,4.5,1,0,0,0,2,0
S2803,24,85.49,99.13,93.59,68.81,79.57,3.34,61.25,96.37,7.8,4.3,3,1,1,0,2,2
S2804,18,76.37,96.2,47.3,80.58,72.4,2.5,69.44,85.58,29.8,8.4,2,0,1,0,2,0
S2805,20,75.73,69.76,77.78,58.39,63.04,2.09,55.59,94.6,9.4,5.5,3,0,0,1,4,0
S2806,23,54.37,54.76,52.81,88.57,95.47,4.02,55.71,85.97,9.7,6.9,9,1,0,0,1,0
S2807,24,82.79,74.92,76.35,78.76,68.49,1.93,91.35,81.41,26.0,8.3,9,0,0,0,3,0
S2808,18,95.56,65.2,62.99,63.46,89.95,1.35,52.07,71.04,25.1,8.9,9,0,1,0,3,1
S2809,23,54.66,52.36,46.1,75.06,51.58,3.64,84.45,63.67,29.4,7.4,6,0,1,0,4,2
S2810,20,63.18,65.42,74.95,98.14,61.61,6.07,90.72,53.01,6.8,8.8,3,0,0,1,0,2
S2811,23,95.12,79.83,80.98,51.02,67.28,1.46,56.54,90.04,7.4,6.1,6,0,1,1,3,0
S2812,18,64.22,44.25,80.82,59.98,83.58,0.44,59.77,56.11,16.2,7.9,3,0,0,1,3,2
S2813,21,82.7,60.01,78.22,72.42,65.97,0.35,82.07,70.52,19.8,8.7,8,1,0,0,2,2
S2814,24,76.74,41.07,70.01,81.92,52.07,2.67,65.78,61.73,6.0,4.3,5,1,0,0,4,1
S2815,20,79.82,84.97,71.17,60.61,58.69,1.9,73.82,72.73,9.0,5.6,2,1,1,1,1,1
S2816,19,70.79,78.44,78.14,96.57,62.96,5.39,91.8,65.75,22.6,7.7,5,0,0,1,4,1
S2817,20,65.0,43.76,81.42,82.13,58.8,4.56,56.9,91.48,21.7,5.6,3,0,1,0,4,1
S2818,20,52.43,97.88,79.29,93.87,60.19,3.25,80.98,98.91,7.2,4.1,2,0,1,0,3,1
S2819,20,87.21,41.36,75.22,66.47,88.45,8.34,97.12,97.08,28.3,8.0,10,1,1,0,2,0
S2820,21,87.3,75.4,49.35,91.45,70.6,5.05,52.87,81.12,11.4,4.8,10,0,0,0,4,2
S2821,24,83.54,86.58,52.64,68.91,70.26,0.92,53.0,98.96,27.2,5.6,8,1,1,0,1,1
S2822,18,82.18,87.27,55.61,62.64,98.33,2.96,77.74,70.04,28.1,8.6,9,0,0,1,2,1
S2823,24,62.19,42.06,95.18,95.58,72.34,9.73,98.0,76.12,17.3,5.0,3,0,1,1,2,2
S2824,19,51.12,94.38,85.56,54.61,96.38,9.77,61.02,62.84,15.3,8.5,10,0,0,1,1,0
S2825,18,90.44,95.11,73.17,97.14,64.95,2.55,66.54,94.9,12.0,6.1,4,1,1,1,1,2
S2826,23,74.56,73.68,55.12,72.93,70.03,1.67,54.93,58.99,25.2,8.6,7,0,1,0,1,1
S2827,23,65.34,68.92,46.65,99.63,69.81,4.96,68.11,80.52,9.9,8.4,7,1,1,0,4,0
S2828,23,55.1,42.69,93.93,76.98,77.3,4.81,52.22,89.97,20.6,6.1,2,0,1,0,2,0
S2829,18,53.14,73.72,93.56,87.87,79.21,4.1,69.45,79.77,19.2,8.6,1,0,0,1,2,0
S2830,22,67.44,64.56,46.64,50.35,62.41,5.29,77.77,53.94,11.2,7.2,3,1,1,1,0,2
S2831,21,90.24,86.37,87.83,74.83,89.68,2.32,98.75,80.57,29.6,6.4,2,0,0,0,0,2
S2832,22,95.94,64.23,66.8,86.87,74.83,1.15,90.92,88.35,26.2,6.7,8,0,1,1,0,2
S2833,24,94.84,81.01,59.44,89.14,50.35,5.7,91.1,59.39,5.5,4.3,5,0,0,0,4,1
S2834,23,96.0,46.08,84.35,57.9,79.57,9.33,61.41,86.85,15.6,8.0,9,0,0,0,4,0
S2835,21,95.39,47.98,76.86,70.95,89.9,1.38,54.36,93.93,14.0,5.5,7,1,1,1,1,1
S2836,18,76.36,48.38,86.8,70.95,62.52,7.05,80.15,99.32,27.1,5.4,1,1,1,1,4,0
S2837,23,60.97,42.73,44.46,55.18,51.89,4.38,76.06,70.5,11.6,7.6,6,0,1,0,2,0
S2838,18,89.9,72.48,59.12,72.15,90.36,2.94,75.83,51.26,30.0,5.9,4,0,0,1,2,0
S2839,21,60.69,87.64,59.16,90.35,98.81,8.53,55.45,70.95,10.0,6.6,10,1,0,1,3,0
S2840,18,63.36,76.62,59.79,65.01,53.83,4.56,74.69,83.01,11.1,6.1,1,0,1,1,3,0
S2841,18,61.66,74.5,70.15,71.63,96.9,5.83,57.52,94.57,21.7,6.5,2,1,1,1,4,0
S2842,19,75.75,80.84,56.98,98.05,67.96,4.43,71.11,96.91,9.0,5.1,1,0,0,1,3,0
S2843,24,66.09,60.38,66.66,51.59,97.07,0.81,53.11,95.48,27.2,8.4,10,1,0,1,4,2
S2844,22,57.71,61.72,62.07,79.58,82.44,5.95,92.84,82.9,7.7,7.1,5,1,1,1,1,2
S2845,22,72.66,58.86,84.12,87.17,94.51,4.19,50.66,84.13,29.6,5.2,5,1,1,1,1,1
S2846,22,93.7,82.73,76.21,88.04,89.29,0.87,96.97,50.12,26.9,4.5,4,1,1,1,3,0
S2847,20,78.53,49.7,79.22,85.8,51.4,5.96,93.14,68.19,26.0,6.7,1,0,0,0,4,1
S2848,19,93.92,40.78,52.64,86.32,53.27,0.1,87.63,95.34,15.2,6.3,1,0,0,1,3,2
S2849,23,59.79,75.77,59.53,52.95,76.29,2.09,99.13,84.48,17.8,8.7,7,1,0,0,2,1
S2850,23,58.35,96.54,41.27,76.71,56.48,7.81,52.69,73.4,16.4,5.2,10,1,1,0,4,1
S2851,23,78.78,76.56,46.5,89.15,73.05,0.38,82.08,55.21,29.7,8.4,9,1,0,0,0,0
S2852,22,73.17,86.98,55.9,54.7,97.73,6.47,92.47,62.32,5.9,7.8,7,1,1,1,2,1
S2853,24,83.01,80.37,43.93,50.6,64.74,9.5,56.33,77.75,14.5,6.4,4,0,1,1,4,1
S2854,22,89.73,69.85,76.16,90.73,74.45,1.71,79.24,94.88,29.2,8.4,4,1,1,1,3,1
S2855,24,87.57,83.1,99.89,85.61,69.21,4.17,69.7,54.79,14.2,8.3,9,1,1,0,3,2
S2856,19,97.11,89.45,46.05,70.61,81.49,5.75,71.79,57.69,15.0,7.6,6,1,0,1,3,0
S2857,24,69.91,53.48,89.27,97.02,59.69,4.5,95.63,82.75,20.8,4.5,10,1,0,0,4,0
S2858,18,60.32,60.17,47.13,88.33,63.0,6.2,76.93,64.71,27.7,4.8,2,1,1,1,3,0
S2859,22,77.55,53.42,80.19,98.39,92.94,4.04,54.66,58.49,12.4,7.0,1,1,0,1,4,0
S2860,23,55.54,67.13,78.59,96.47,90.57,1.49,96.86,58.92,28.7,5.2,6,1,0,1,4,2
S2861,18,64.44,93.1,94.16,74.06,89.46,0.89,59.26,74.63,12.1,6.8,1,0,1,0,3,0
S2862,22,60.39,60.71,46.84,87.74,88.55,7.44,94.63,79.19,25.4,6.8,3,1,0,0,1,1
S2863,21,69.83,62.47,58.93,83.46,72.97,2.39,98.55,95.22,11.9,6.9,6,1,0,1,1,2
S2864,20,55.56,91.62,45.45,90.57,86.44,8.47,93.89,76.49,6.8,6.8,5,1,0,1,2,1
S2865,22,51.59,70.92,64.44,89.38,69.36,7.43,83.86,84.56,25.3,5.9,9,0,1,0,4,2
S2866,21,82.84,72.13,94.7,57.66,55.04,0.49,87.18,59.03,16.3,5.1,6,0,1,0,3,0
S2867,19,80.51,91.65,86.89,61.69,69.67,2.01,84.99,85.67,14.8,6.6,3,0,0,1,3,0
S2868,21,85.42,69.43,83.37,63.29,57.93,2.92,73.03,82.43,15.7,6.5,10,1,1,0,3,2
S2869,19,83.02,80.89,71.98,90.92,69.54,5.94,63.72,60.81,20.3,5.4,4,1,0,0,1,0
S2870,22,55.71,45.14,93.01,90.54,64.87,8.1,64.25,83.47,11.6,4.3,5,1,1,1,0,2
S2871,19,64.55,50.72,66.97,74.77,79.96,0.6,86.56,60.57,10.9,5.0,4,0,0,1,4,0
S2872,21,56.48,64.26,48.98,79.04,68.08,2.5,81.3,79.68,17.1,6.8,3,1,1,1,2,2
S2873,24,92.15,69.69,90.26,91.35,85.28,3.76,79.24,83.44,5.9,6.7,9,0,0,1,2,0
S2874,20,87.35,97.94,56.78,65.63,75.61,1.83,82.63,84.67,21.1,4.7,9,0,1,0,2,0
S2875,18,60.08,98.24,43.22,52.51,95.97,5.45,88.74,95.46,25.6,7.0,5,0,1,1,4,2
S2876,18,67.07,91.07,47.56,74.13,54.55,4.78,87.42,97.39,23.2,6.1,1,0,1,0,4,1
S2877,20,98.33,58.94,76.54,95.69,84.39,3.16,55.27,90.51,16.7,7.3,1,0,0,1,2,0
S2878,23,79.71,97.84,76.42,89.52,83.62,5.17,68.15,93.94,19.1,8.4,7,1,0,0,2,2
S2879,18,90.06,81.36,55.61,68.33,97.53,3.56,63.2,50.97,5.7,5.5,3,1,1,1,3,0
S2880,22,63.23,63.58,83.63,53.24,68.58,3.43,76.91,68.13,27.8,5.7,8,0,0,0,0,0
S2881,23,60.5,82.1,86.42,81.85,65.27,2.65,53.07,51.99,19.0,7.4,6,1,0,1,1,1
S2882,22,89.2,40.99,95.23,91.72,58.62,5.4,88.12,61.24,12.9,8.7,6,1,1,1,4,2
S2883,21,84.29,48.77,75.1,83.25,63.26,4.44,55.33,69.09,12.3,6.4,6,0,0,1,0,1
S2884,21,84.05,89.78,86.77,71.25,75.09,1.96,63.57,93.38,21.5,4.8,6,0,1,1,2,0
S2885,23,77.63,78.73,85.19,56.17,91.89,0.13,89.14,75.59,19.6,8.7,3,1,0,1,2,2
S2886,23,78.18,61.85,55.47,95.54,64.21,1.51,52.58,82.44,9.7,6.3,6,1,0,1,2,1
S2887,23,86.78,70.04,58.61,63.8,57.89,0.43,83.01,68.14,15.2,6.3,3,1,1,1,2,2
S2888,23,63.5,94.31,68.71,61.21,63.61,4.32,96.22,80.15,21.9,6.7,5,1,0,1,3,0
S2889,19,67.64,77.89,41.14,90.8,55.05,2.25,80.88,90.78,12.4,5.3,1,0,1,0,4,0
S2890,24,93.58,63.89,57.84,99.06,96.33,4.2,85.63,65.06,17.7,7.9,2,1,0,1,2,1
S2891,23,65.44,47.22,68.43,83.01,93.63,3.29,89.61,96.61,11.4,7.2,2,0,0,0,2,0
S2892,24,77.32,57.62,46.48,81.24,65.42,5.38,61.11,60.67,6.8,8.8,9,0,0,1,4,2
S2893,23,85.13,98.7,47.58,65.97,62.35,7.24,79.05,95.97,14.7,5.0,5,1,0,1,1,0
S2894,21,100.0,66.24,67.79,51.02,95.27,4.79,65.45,51.41,23.3,7.1,1,1,1,1,3,1
S2895,22,71.76,68.31,83.86,59.59,50.09,0.62,62.47,77.14,10.3,6.6,2,1,1,0,3,0
S2896,24,71.4,69.92,90.02,79.22,80.03,0.18,59.62,99.26,23.9,8.5,6,0,0,0,0,1
S2897,21,92.13,93.05,72.78,57.57,95.8,2.13,79.27,80.49,21.7,4.2,6,0,0,0,3,1
S2898,18,90.28,76.24,68.48,94.19,75.43,4.25,89.73,77.74,17.7,7.8,2,0,1,0,0,1
S2899,19,86.55,81.62,63.06,59.41,50.15,0.45,93.79,84.12,29.3,7.1,3,0,0,0,1,1
S2900,19,73.16,63.36,51.58,76.11,60.94,3.28,71.43,64.47,27.1,7.0,4,1,1,1,4,2
S2901,22,66.2,41.75,48.79,75.6,96.12,8.87,68.64,52.7,19.1,8.4,10,0,1,0,2,1
S2902,23,80.44,95.86,87.51,80.2,50.85,0.9,84.37,62.55,18.9,6.9,1,0,0,0,0,2
S2903,21,93.81,96.95,67.9,66.37,69.74,9.49,89.02,58.81,11.9,7.6,10,1,1,0,3,2
S2904,18,94.19,96.95,87.42,93.68,89.49,8.57,62.67,96.18,28.0,7.2,2,0,0,0,2,2
S2905,21,55.42,96.62,82.24,72.22,91.9,8.32,64.86,92.61,27.4,4.3,7,0,1,0,1,0
S2906,23,71.42,88.91,51.63,85.01,73.88,8.64,76.67,65.89,23.6,4.6,6,1,0,0,4,1
S2907,23,73.24,81.08,70.62,81.8,61.62,0.8,72.22,91.8,8.2,5.7,5,0,0,0,0,1
S2908,20,98.88,90.67,66.64,55.86,79.99,1.51,85.29,60.59,22.6,7.4,8,0,1,1,3,0
S2909,21,83.9,76.03,65.43,81.13,63.19,1.34,75.22,59.98,11.3,4.1,3,0,1,0,2,1
S2910,22,70.36,48.06,72.55,77.54,62.76,1.11,55.58,88.38,9.7,7.9,8,0,1,0,2,0
S2911,21,51.3,63.47,98.92,94.93,90.38,3.28,58.3,66.35,24.0,5.0,5,1,1,1,2,1
S2912,19,78.27,98.28,88.77,94.04,57.71,8.3,95.1,53.24,29.0,6.8,9,0,0,1,4,2
S2913,18,54.8,61.07,94.22,57.55,50.28,2.52,61.37,86.0,7.7,5.0,9,1,0,1,0,2
S2914,24,91.72,92.07,41.78,54.08,66.84,2.44,52.5,99.48,9.1,4.9,7,0,1,1,4,2
S2915,22,87.63,45.59,48.42,64.73,74.55,6.76,86.57,78.3,10.5,5.7,3,1,1,0,3,1
S2916,20,73.03,60.05,45.09,99.33,85.25,0.97,84.2,63.18,29.1,8.6,4,1,0,0,0,2
S2917,18,71.46,61.06,55.79,51.08,89.06,3.6,80.0,68.65,22.4,5.2,6,1,0,0,1,0
S2918,18,94.87,43.1,66.51,83.64,83.18,2.95,75.11,82.43,22.0,4.2,1,0,1,0,1,1
S2919,24,64.42,47.15,78.52,80.43,81.33,8.47,98.48,85.07,17.6,8.4,2,0,0,1,4,1
S2920,19,62.45,51.59,70.05,82.33,83.29,5.15,55.99,94.32,18.4,6.2,6,0,1,0,4,1
S2921,19,96.96,90.27,94.19,60.91,63.58,6.46,75.51,95.44,12.3,7.1,9,1,0,0,4,2
S2922,19,90.46,43.8,96.39,61.34,69.12,1.29,78.2,93.06,8.9,8.4,4,0,0,0,1,2
S2923,22,91.03,57.92,49.81,71.53,80.82,9.29,51.12,82.42,24.5,7.8,3,0,0,0,1,0
S2924,21,59.76,40.61,91.17,54.79,53.28,3.22,70.6,72.49,16.8,8.0,8,0,0,0,0,0
S2925,18,57.16,81.74,68.9,53.73,64.77,7.07,89.14,83.97,11.4,6.4,7,0,0,0,0,1
S2926,21,51.3,77.22,67.2,54.42,70.32,9.55,73.55,83.33,20.8,7.4,2,1,0,1,4,0
S2927,21,61.85,78.7,87.1,78.65,76.67,5.09,93.76,60.9,10.2,8.8,10,1,0,1,2,1
S2928,19,88.71,62.46,45.59,69.89,74.32,5.08,82.24,75.38,17.2,8.4,4,0,1,0,0,2
S2929,21,62.0,52.5,92.95,64.68,85.91,1.17,88.3,60.41,9.8,7.1,10,0,0,1,1,2
S2930,18,86.46,83.22,80.25,65.79,73.67,3.9,90.22,94.96,24.0,4.4,6,0,0,1,3,1
S2931,18,62.6,88.67,92.52,60.36,95.21,8.52,84.48,66.16,13.0,8.9,2,1,1,0,2,2
S2932,23,69.76,48.32,99.67,70.58,69.02,1.35,87.47,90.27,16.0,5.1,6,0,1,1,1,2
S2933,20,99.16,69.21,71.08,60.15,76.27,9.18,84.77,68.86,23.9,5.8,9,1,1,1,2,2
S2934,22,62.24,54.92,45.6,84.9,50.16,6.67,77.52,88.19,21.5,4.7,4,1,0,1,3,1
S2935,21,68.82,50.09,49.99,56.2,65.52,4.21,78.33,61.05,15.0,4.8,10,0,1,0,4,0
S2936,22,65.05,84.06,59.42,97.41,93.33,5.46,59.49,88.19,6.8,8.0,7,0,0,0,2,1
S2937,22,55.48,72.29,46.21,54.49,66.68,1.5,91.37,58.98,28.0,4.6,9,0,1,1,3,1
S2938,22,74.49,52.97,88.92,97.17,62.66,2.17,65.61,74.54,5.2,4.9,8,1,1,0,3,2
S2939,24,68.93,58.6,57.81,91.66,77.18,2.86,76.79,55.68,23.4,4.9,2,1,0,0,2,2
S2940,23,84.74,98.0,98.55,84.04,53.94,3.85,62.48,76.39,28.6,5.9,9,0,1,0,2,0
S2941,22,90.88,90.92,82.16,95.62,76.58,9.16,84.79,91.04,12.7,7.5,8,1,0,0,2,1
S2942,23,77.21,92.8,50.41,56.96,65.18,3.68,98.76,87.78,6.9,7.2,5,0,0,0,2,0
S2943,18,51.61,67.6,68.56,58.82,69.16,5.24,90.1,52.54,11.2,7.6,9,0,0,1,4,0
S2944,24,80.95,77.43,68.01,62.61,89.57,1.62,80.95,74.61,12.8,7.6,6,1,0,0,1,1
S2945,21,52.77,62.61,69.55,62.24,83.1,7.36,78.38,92.61,16.3,4.0,9,1,0,1,0,0
S2946,23,80.82,44.66,72.14,65.54,72.31,5.6,74.49,82.51,18.1,7.4,9,1,1,0,4,1
S2947,20,84.25,64.06,41.87,78.78,78.88,4.4,60.25,52.96,23.1,7.4,3,1,1,0,2,1
S2948,22,59.89,75.64,81.18,51.41,88.34,9.47,67.4,66.28,27.5,4.3,7,0,1,1,3,0
S2949,24,90.97,57.23,69.23,69.11,87.29,8.91,70.32,77.83,16.6,6.1,4,0,1,1,4,0
S2950,20,95.55,90.88,87.46,62.32,59.27,6.6,97.23,58.63,23.7,4.4,4,0,1,1,0,1
S2951,18,90.65,49.07,88.92,80.33,65.05,9.22,71.28,84.1,8.2,5.0,7,1,0,1,0,2
S2952,18,65.26,62.03,53.83,99.26,67.41,5.65,79.31,81.74,13.2,6.4,6,0,0,0,4,2
S2953,19,79.33,47.49,42.91,75.88,59.38,8.27,96.12,60.12,8.0,4.1,4,1,0,1,3,1
S2954,22,95.74,64.29,82.19,71.28,50.61,4.09,75.92,77.52,22.3,4.5,5,1,0,0,3,2
S2955,19,66.03,42.38,98.67,68.41,58.7,0.87,62.57,90.59,27.7,4.4,6,1,0,0,3,0
S2956,24,91.0,56.35,66.8,89.25,90.41,9.94,69.05,68.74,27.2,4.6,4,0,1,1,1,0
S2957,20,50.47,64.04,55.58,53.6,77.3,1.66,68.78,62.35,13.2,4.2,8,1,0,1,3,2
S2958,21,50.18,68.69,49.4,97.99,67.08,2.52,85.74,85.06,10.9,7.1,4,1,0,1,0,2
S2959,19,87.99,72.62,57.25,70.9,80.42,1.63,64.81,53.54,11.9,4.9,10,1,0,0,2,1
S2960,18,88.07,56.5,59.68,65.69,86.99,3.37,86.51,91.63,12.2,8.3,4,1,0,1,2,0
S2961,22,89.45,71.38,65.43,98.7,67.72,2.89,94.46,97.17,7.1,8.4,10,1,1,0,0,2
S2962,20,96.5,70.54,79.32,96.79,73.3,6.01,66.8,98.24,8.3,7.5,10,1,1,1,3,2
S2963,23,55.9,58.97,56.39,82.1,53.21,9.96,56.77,71.63,10.4,4.3,1,1,1,1,2,2
S2964,24,61.6,89.81,43.06,50.93,79.85,0.53,81.93,81.16,5.2,8.5,6,1,0,0,0,2
S2965,24,95.19,72.74,62.4,87.43,67.82,7.78,68.04,92.87,6.2,6.1,1,1,1,0,3,0
S2966,18,58.86,59.94,91.34,66.78,71.68,1.28,76.7,61.17,22.5,4.9,9,1,0,1,1,1
S2967,23,84.11,96.84,69.9,69.41,71.13,0.2,81.71,51.39,20.5,7.9,5,1,0,0,2,0
S2968,24,76.52,90.71,97.89,57.94,81.62,6.39,70.39,69.23,28.6,5.7,2,1,1,1,3,1
S2969,21,54.16,98.96,70.22,76.17,78.62,8.73,96.23,94.22,15.0,6.5,9,0,0,1,3,2
S2970,22,64.26,81.53,56.55,87.23,71.11,1.76,69.98,75.25,16.1,7.7,8,0,0,0,2,2
S2971,21,76.02,62.69,51.6,63.65,50.85,3.42,65.37,76.51,6.7,4.5,4,1,1,1,3,1
S2972,24,92.62,56.85,81.67,96.94,81.05,1.69,94.28,84.57,8.8,4.8,3,1,1,0,4,2
S2973,21,85.38,79.8,72.18,59.74,93.98,9.07,56.82,78.73,22.3,8.8,4,1,1,0,4,0
S2974,24,81.09,98.85,76.24,53.31,88.48,2.7,56.21,52.72,10.9,7.6,10,0,1,1,1,1
S2975,22,74.8,77.6,85.31,82.22,99.08,4.45,96.78,78.04,24.3,5.2,4,0,1,1,0,2
S2976,22,64.93,92.9,83.55,92.47,56.95,8.95,60.45,82.4,22.6,6.9,9,0,1,0,4,2
S2977,23,55.96,59.75,42.6,97.66,61.13,5.53,57.42,82.08,23.7,4.9,6,1,1,0,4,2
S2978,21,70.45,64.42,88.15,88.36,76.96,9.33,76.76,86.42,22.3,8.3,4,1,1,1,1,1
S2979,20,51.43,94.38,71.96,59.98,61.79,9.26,52.34,76.0,22.7,6.2,2,1,0,1,4,0
S2980,23,60.55,85.41,63.5,98.88,51.73,4.62,81.0,95.0,18.7,8.0,9,1,0,1,4,0
S2981,22,71.62,98.88,72.25,95.97,70.11,5.82,72.65,73.21,22.0,8.9,7,0,1,1,2,2
S2982,18,70.93,86.49,76.75,58.16,64.38,2.3,82.02,75.91,18.2,8.9,5,1,1,1,1,1
S2983,24,52.21,66.91,48.97,77.94,63.19,9.91,64.2,89.02,10.2,4.7,2,0,0,0,3,1
S2984,23,79.45,71.86,65.04,77.78,97.66,2.78,95.27,91.66,10.4,8.7,1,0,1,0,3,1
S2985,19,77.48,94.03,60.14,72.13,61.92,7.83,63.53,82.42,15.1,5.4,7,1,1,0,0,2
S2986,20,53.91,73.1,61.02,99.21,56.47,3.13,81.88,56.32,5.3,5.8,3,0,0,0,0,0
S2987,24,97.16,55.32,45.48,52.98,56.27,3.13,97.25,66.6,27.2,4.3,8,0,1,0,4,1
S2988,23,54.97,66.14,49.59,81.36,90.32,1.04,70.04,51.01,11.7,7.2,4,0,0,0,4,0
S2989,22,92.74,70.98,49.71,60.27,85.74,5.6,58.07,64.77,6.3,7.2,5,0,0,1,3,1
S2990,22,50.02,45.8,62.39,76.37,56.47,2.45,53.42,78.51,15.6,7.9,3,1,0,0,1,1
S2991,20,94.11,84.63,93.67,88.99,60.99,1.48,98.15,90.26,25.4,8.7,7,1,0,1,2,0
S2992,19,50.99,46.56,52.36,62.34,87.37,2.27,88.19,79.28,14.9,6.1,4,0,1,0,0,1
S2993,23,87.89,64.3,64.97,69.67,63.73,2.51,95.95,51.99,11.6,6.0,1,1,0,0,4,0
S2994,23,68.08,88.28,58.7,97.54,99.08,5.04,84.94,62.96,18.6,7.2,5,0,1,0,0,1
S2995,21,86.91,68.05,87.24,88.07,77.03,3.86,67.12,78.9,19.4,7.3,2,1,1,1,3,0
S2996,18,70.09,90.52,43.01,78.64,59.6,0.75,56.15,85.45,24.0,6.2,7,1,0,0,1,2
S2997,22,53.55,60.51,51.79,61.1,92.94,5.36,96.47,93.32,25.0,8.6,2,1,1,0,3,1
S2998,23,88.38,97.46,52.64,71.27,65.97,7.88,74.48,98.38,22.7,4.3,4,1,0,1,2,1
S2999,23,53.56,52.57,99.58,88.7,64.44,5.74,69.83,94.59,5.1,7.8,2,1,0,1,1,0
S3000,24,96.11,42.3,74.25,91.03,66.37,9.75,78.89,73.37,5.1,5.0,7,0,0,0,2,0
S3001,24,52.55,92.35,48.34,62.23,88.41,0.99,55.33,87.35,29.4,6.5,3,1,1,0,2,0
S3002,23,73.97,85.13,56.33,83.1,58.66,8.21,65.46,62.03,11.6,8.3,2,0,0,1,1,0
S3003,19,86.15,53.92,50.07,54.75,69.09,5.06,81.89,53.19,12.1,5.6,2,0,0,0,2,2
S3004,18,69.66,99.08,47.48,51.16,51.54,5.22,55.01,52.75,23.3,8.5,2,1,1,1,0,1
S3005,23,60.86,70.14,87.83,77.43,91.33,5.19,56.76,62.07,19.5,6.3,6,0,0,1,4,1
S3006,20,87.95,97.06,69.75,61.22,67.04,3.25,75.53,51.88,16.6,7.5,8,1,0,1,1,1
S3007,22,89.21,70.3,77.87,53.95,62.41,3.25,81.17,92.51,7.9,7.6,7,0,1,1,3,2
S3008,21,96.13,68.31,59.88,86.49,78.99,6.32,59.35,74.5,7.0,5.3,10,0,1,0,3,0
S3009,24,68.81,66.95,73.22,74.9,85.25,0.45,51.65,90.55,22.6,8.5,1,1,0,0,4,2
S3010,20,75.31,60.09,55.45,89.81,90.64,5.89,97.92,96.99,8.1,4.6,3,1,1,0,3,1
S3011,22,68.16,72.02,58.48,83.2,67.39,7.25,51.37,99.7,15.9,7.0,8,1,0,0,4,1
S3012,24,62.85,67.15,79.13,86.49,90.62,3.56,50.1,96.86,23.4,8.6,8,1,1,1,0,0
S3013,19,87.55,42.2,49.02,65.37,73.24,2.17,66.17,85.83,28.1,4.2,9,0,0,1,3,0
S3014,24,66.98,55.63,77.03,63.16,55.06,2.13,61.12,72.1,26.8,6.7,7,1,1,0,3,2
S3015,18,71.41,52.79,91.13,80.04,92.32,0.82,78.68,79.9,26.6,5.2,5,0,0,1,0,1
S3016,18,70.18,92.05,47.23,60.0,77.38,0.9,94.71,90.82,14.0,5.0,3,0,1,1,3,2
S3017,22,85.63,75.93,93.85,90.77,80.12,1.67,74.06,94.88,28.2,5.2,8,0,1,0,3,1
S3018,20,95.89,85.82,44.77,76.15,96.87,0.19,88.67,97.82,22.1,8.5,5,0,0,0,0,0
S3019,21,83.34,97.41,60.93,61.35,77.96,2.66,95.46,86.53,27.2,6.1,5,0,0,0,0,0
S3020,19,73.58,78.64,76.63,81.26,50.28,3.06,59.47,77.0,7.2,5.2,8,0,0,1,0,1
S3021,22,88.96,98.96,73.56,97.25,93.53,9.95,74.42,98.42,6.0,8.6,8,1,0,1,3,0
S3022,19,82.05,58.71,45.78,54.1,64.24,9.92,82.1,97.93,15.7,5.6,8,0,1,0,4,1
S3023,18,53.03,51.18,87.93,55.47,75.09,1.87,66.59,73.88,25.7,7.6,4,0,0,0,4,0
S3024,23,54.78,64.2,98.39,92.19,60.24,2.13,86.99,82.43,15.2,6.7,3,0,1,1,1,0
S3025,23,51.9,68.25,50.87,55.48,64.85,4.92,85.27,90.46,27.1,7.4,6,1,1,1,1,2
S3026,21,72.84,93.72,93.71,51.97,84.33,1.49,71.05,71.65,10.9,4.9,5,1,1,0,3,0
S3027,19,91.29,73.6,73.41,67.4,71.48,5.04,54.4,91.47,6.0,7.4,10,0,0,0,3,1
S3028,22,65.65,57.53,96.16,73.34,81.36,3.99,50.58,55.57,24.0,8.5,5,1,0,1,4,1
S3029,21,69.21,84.56,50.57,78.47,91.18,3.25,68.47,74.06,20.7,4.5,5,0,0,1,2,1
S3030,24,95.47,70.35,87.52,75.37,67.04,8.23,54.1,74.13,16.0,5.6,3,1,0,1,1,2
S3031,24,91.85,49.73,43.59,95.66,78.42,8.28,89.08,84.23,26.1,8.9,7,0,1,0,4,1
S3032,20,83.25,74.61,92.99,88.43,88.88,9.88,66.72,55.82,25.6,5.1,5,1,0,1,3,2
S3033,23,63.34,94.68,80.45,99.19,85.76,2.23,83.3,55.16,13.1,4.3,4,1,1,1,1,2
S3034,22,55.85,90.56,62.22,73.82,76.99,8.88,67.32,95.03,25.9,4.3,4,1,1,1,1,0
S3035,19,50.8,75.21,51.43,54.22,69.17,5.38,89.8,65.19,13.6,5.4,7,0,1,1,1,0
S3036,21,55.35,62.62,88.99,97.78,70.38,5.91,94.42,66.35,20.5,6.5,1,0,1,1,3,2
S3037,22,64.63,45.22,76.19,50.21,71.66,8.96,91.88,88.84,9.8,5.3,8,0,1,1,4,1
S3038,21,77.59,68.18,61.62,88.8,67.44,9.43,74.22,70.75,11.6,5.4,1,1,1,1,2,2
S3039,21,53.2,85.12,66.63,51.56,84.95,7.27,54.2,91.65,16.2,8.2,6,1,0,0,3,0
S3040,21,56.81,61.62,89.59,88.06,56.27,3.48,68.59,70.07,12.9,7.8,4,0,1,0,1,2
S3041,19,59.05,54.13,60.34,96.9,98.37,4.9,71.22,88.03,8.2,5.6,7,1,1,0,0,1
S3042,22,81.6,95.88,45.38,69.46,88.95,6.15,98.01,76.27,17.1,5.7,6,0,0,0,4,2
S3043,18,80.79,89.29,94.68,62.05,64.91,8.29,78.27,96.79,17.8,8.8,5,0,1,0,3,0
S3044,18,77.54,78.3,63.24,61.31,52.13,6.58,82.04,66.37,9.0,8.8,5,0,1,0,1,2
S3045,19,62.53,48.21,60.9,74.59,85.57,3.65,89.1,68.13,9.4,8.9,6,0,0,0,2,1
S3046,24,68.56,48.69,52.26,58.54,86.72,4.18,78.41,98.5,5.7,8.7,7,1,1,0,1,1
S3047,19,54.83,46.19,93.85,83.65,98.18,0.5,79.92,86.88,5.8,7.1,3,1,0,0,1,0
S3048,23,61.32,76.98,53.05,68.42,62.69,9.24,62.27,88.63,14.0,5.5,3,1,0,1,3,0
S3049,21,94.89,46.93,78.2,66.16,54.14,0.88,52.94,64.8,8.7,8.8,7,0,1,1,2,0
S3050,22,98.98,90.56,92.85,73.06,95.76,5.8,86.07,76.6,28.0,7.7,3,1,0,0,0,0
S3051,22,82.38,99.58,42.09,77.13,62.93,8.72,92.43,65.68,10.0,7.6,7,0,0,1,3,2
S3052,20,95.84,61.98,89.73,57.1,86.08,4.21,70.6,62.99,6.6,8.0,2,0,1,1,4,0
S3053,20,82.14,67.22,64.64,85.39,53.03,8.0,77.45,76.76,15.1,7.0,8,0,0,1,2,1
S3054,18,51.66,82.7,79.48,94.15,88.03,8.04,65.36,99.39,9.8,6.9,9,0,0,0,0,0
S3055,20,99.84,96.23,62.34,63.9,56.35,0.6,72.51,60.73,6.5,5.8,6,0,1,0,0,2
S3056,20,54.95,93.65,81.73,59.02,84.78,4.12,60.44,62.13,23.8,4.8,2,0,0,0,2,2
S3057,18,84.13,43.46,55.26,88.03,76.62,6.91,87.99,62.16,18.9,6.2,9,1,1,1,4,2
S3058,23,62.64,50.14,41.32,59.18,97.77,4.22,74.6,89.59,6.4,6.6,5,1,1,1,1,2
S3059,24,69.6,85.28,96.87,52.06,51.85,5.45,77.36,75.52,16.7,8.4,4,1,1,1,3,1
S3060,18,82.3,81.33,40.98,80.96,64.6,5.94,51.85,69.24,6.0,6.0,7,1,1,0,4,0
S3061,24,71.82,47.99,89.45,61.99,53.48,1.51,81.12,92.19,13.9,8.4,6,0,0,0,0,0
S3062,20,62.53,70.12,50.15,58.59,93.96,4.12,60.13,64.87,14.1,5.6,4,0,1,0,4,0
S3063,22,66.72,86.85,63.53,99.08,79.7,0.28,69.17,69.61,25.6,8.7,10,1,1,1,1,0
S3064,20,67.08,53.13,89.35,64.59,76.75,1.5,70.64,53.68,23.4,4.2,2,1,0,0,4,0
S3065,21,97.97,92.28,52.36,95.17,56.57,5.12,72.44,55.95,27.4,6.6,4,1,1,1,4,0
S3066,24,89.93,43.18,91.94,58.91,74.45,5.74,61.37,56.84,8.5,5.6,1,1,1,1,0,0
S3067,24,72.93,86.93,69.87,90.95,69.94,1.46,92.51,67.35,18.3,5.5,8,1,1,0,4,2
S3068,21,59.99,76.95,61.97,75.1,65.79,7.56,71.39,76.2,5.5,4.4,4,1,1,1,3,2
S3069,21,90.55,58.91,79.75,53.93,88.61,3.73,80.61,50.04,25.6,7.4,2,1,1,1,2,1
S3070,23,57.86,83.26,60.48,86.68,53.06,9.21,80.7,59.5,14.2,6.0,5,1,1,1,0,2
S3071,19,60.52,86.94,60.84,94.6,82.33,3.88,80.35,58.78,6.7,8.7,1,0,1,1,2,1
S3072,21,68.3,96.03,84.01,58.15,91.15,1.5,77.97,62.67,13.1,7.6,2,0,1,1,4,0
S3073,24,94.02,62.07,58.59,86.28,95.37,7.58,91.13,58.3,12.2,6.2,8,0,0,1,1,0
S3074,22,56.59,81.16,52.05,72.25,87.3,5.68,90.63,59.76,24.2,7.1,4,0,0,0,0,2
S3075,24,56.11,76.16,88.46,87.69,64.12,3.87,70.86,99.19,8.2,4.3,9,1,1,1,4,2
S3076,24,74.7,71.51,88.32,85.7,80.03,3.56,81.79,79.74,18.9,6.9,10,0,0,0,4,0
S3077,23,63.82,93.42,69.86,51.33,57.07,1.51,55.14,88.13,24.8,7.3,4,1,1,1,1,0
S3078,19,78.44,40.19,71.6,58.94,55.85,3.41,54.54,90.97,23.5,4.5,2,0,0,1,4,2
S3079,19,72.58,56.93,81.76,73.55,81.93,0.29,74.0,83.38,28.4,7.4,8,1,0,0,3,0
S3080,21,71.75,72.3,70.56,96.68,92.56,5.02,95.01,85.2,5.0,6.4,10,1,0,0,1,2
S3081,20,55.6,50.7,65.02,67.1,53.36,8.97,82.5,81.61,13.8,6.4,4,0,1,0,0,0
S3082,24,57.05,94.47,99.69,81.44,55.3,7.95,83.46,82.47,14.2,7.6,8,0,1,0,0,2
S3083,18,91.05,78.86,48.86,50.6,78.28,0.29,57.88,96.42,5.8,6.2,2,1,0,0,2,2
S3084,20,94.29,68.67,75.56,85.56,60.91,8.81,72.67,59.29,25.4,5.2,4,1,1,1,3,0
S3085,20,61.73,88.88,93.15,80.15,80.59,4.52,70.04,63.74,22.2,5.5,1,1,1,0,3,0
S3086,19,55.67,67.05,81.23,85.77,60.73,1.91,89.15,54.66,18.2,7.7,8,0,0,1,0,2
S3087,19,52.67,73.52,92.86,95.23,55.82,7.52,56.89,91.87,15.1,4.4,6,0,0,0,4,1
S3088,23,80.41,40.17,60.18,57.32,77.28,3.23,76.96,72.44,27.4,8.2,2,1,1,0,3,1
S3089,23,85.77,61.94,56.32,63.08,93.11,2.53,95.57,95.36,11.6,6.9,3,0,0,1,3,1
S3090,19,68.64,48.33,91.08,99.79,84.26,1.61,94.62,70.58,13.4,7.6,6,1,1,1,4,1
S3091,22,83.98,81.38,63.65,57.81,90.94,4.87,92.62,72.13,28.8,5.7,10,0,1,0,1,0
S3092,22,85.65,68.74,82.58,86.03,63.32,0.93,68.75,72.42,6.6,5.1,9,0,1,1,4,1
S3093,18,96.77,58.11,48.86,86.25,94.3,7.86,97.06,80.62,24.5,8.0,10,0,1,1,2,1
S3094,19,53.24,68.07,85.35,84.15,68.85,4.71,90.27,88.31,23.0,4.5,7,0,1,0,2,2
S3095,21,59.61,52.58,72.94,61.37,92.62,4.47,92.56,67.56,27.5,4.8,9,0,0,1,0,2
S3096,23,53.43,95.51,56.12,60.76,73.56,0.02,96.62,81.51,7.3,5.4,10,1,0,0,1,0
S3097,19,93.4,43.24,69.67,83.32,63.39,8.18,96.85,60.2,29.3,5.8,4,1,0,0,3,2
S3098,22,89.63,91.93,81.82,59.31,63.01,4.93,62.0,77.7,5.7,5.0,8,0,0,0,0,1
S3099,19,78.73,70.68,40.71,83.08,78.38,4.4,56.38,77.33,13.4,8.6,2,1,0,0,0,1
S3100,22,54.18,77.14,78.25,74.63,53.95,7.61,84.54,94.44,7.1,4.1,2,1,0,0,3,0
S3101,19,63.67,58.16,72.5,69.33,96.5,0.63,78.16,94.79,6.3,8.0,4,0,0,0,3,0
S3102,24,64.89,98.0,53.22,65.01,63.57,3.67,66.37,74.36,29.1,6.1,3,1,1,0,4,1
S3103,21,78.04,56.91,85.18,97.38,66.78,5.76,84.22,51.23,23.0,8.2,8,0,1,1,2,2
S3104,18,62.9,75.33,58.21,75.4,61.67,4.61,53.1,92.23,17.6,8.0,2,1,0,0,3,2
S3105,24,53.65,99.61,56.61,78.06,50.15,1.82,52.36,50.03,7.7,4.6,4,1,1,1,4,0
S3106,21,86.54,92.87,68.27,97.46,84.63,2.99,67.72,73.91,18.2,7.3,9,1,0,1,2,0
S3107,22,64.95,72.18,80.57,82.69,79.53,3.0,59.69,50.99,13.0,5.9,9,1,1,0,1,0
S3108,23,72.62,99.42,95.73,97.89,90.48,9.92,85.93,67.63,11.8,8.1,4,1,1,1,1,1
S3109,23,56.38,82.08,48.48,55.32,52.05,3.26,97.4,81.84,20.5,8.3,3,1,1,1,1,2
S3110,20,90.13,52.52,63.79,92.33,96.43,2.05,83.08,68.56,24.8,4.9,1,1,1,1,3,2
S3111,21,78.28,64.34,44.02,66.77,66.54,8.23,82.74,96.34,16.1,6.4,1,0,0,1,2,2
S3112,19,95.08,60.07,85.51,90.52,95.65,4.21,50.33,82.04,17.3,7.0,8,0,0,1,2,1
S3113,18,74.77,60.64,66.86,92.78,55.36,4.44,75.61,82.32,21.3,6.7,9,0,0,0,1,0
S3114,19,97.07,85.63,82.42,63.57,87.2,5.49,90.86,68.72,8.1,5.3,9,0,0,0,0,2
S3115,19,94.59,75.06,59.33,70.44,78.97,5.96,82.71,51.93,25.7,5.4,5,1,1,1,2,1
S3116,21,78.82,42.29,90.66,86.3,67.91,5.91,61.39,86.91,25.9,8.3,2,1,0,0,2,2
S3117,18,96.69,92.65,72.09,54.95,53.96,0.34,92.42,85.81,18.5,4.2,7,1,1,0,4,1
S3118,20,66.15,57.81,96.62,87.78,80.24,8.19,98.22,76.51,9.7,5.3,4,0,1,1,1,2
S3119,24,68.28,99.82,44.73,55.52,51.32,1.95,63.95,70.81,17.5,5.1,10,0,0,1,0,0
S3120,19,52.27,97.25,70.86,95.72,75.06,2.92,60.35,76.92,7.6,5.9,4,0,1,1,4,2
S3121,18,79.46,96.43,85.99,63.82,80.21,1.73,66.93,87.34,24.1,7.4,4,1,0,0,0,1
S3122,20,86.1,88.67,76.01,78.78,86.63,7.67,53.16,85.64,12.8,6.7,10,0,0,1,0,2
S3123,24,88.68,53.24,41.39,55.86,99.57,5.84,93.67,82.91,12.8,6.7,3,1,0,1,0,1
S3124,19,57.49,71.96,98.34,63.47,63.0,7.55,96.46,95.19,28.6,7.7,4,0,0,0,3,1
S3125,18,72.21,53.46,57.9,70.2,66.12,6.53,81.67,80.49,15.5,8.1,2,1,0,1,2,2
S3126,24,58.84,55.58,54.96,74.35,67.06,1.04,88.22,50.73,24.7,4.8,9,0,1,0,2,1
S3127,21,83.11,76.66,69.14,50.0,86.58,3.01,83.43,80.9,20.9,4.5,7,1,0,0,4,1
S3128,23,57.9,42.45,72.53,94.43,96.59,5.07,68.87,80.63,12.9,5.5,1,0,0,0,0,0
S3129,23,95.21,98.17,85.98,50.38,98.72,3.05,81.6,53.48,8.1,8.1,5,0,0,1,0,0
S3130,19,61.53,95.12,63.6,88.68,97.29,2.07,91.82,71.39,24.9,6.7,2,1,1,1,2,0
S3131,19,64.57,62.85,66.4,73.53,93.97,8.7,90.5,82.55,24.1,4.7,3,1,0,1,0,1
S3132,24,92.55,70.93,72.1,76.19,99.55,7.48,54.05,85.23,9.2,4.8,3,0,0,1,0,2
S3133,18,72.92,67.97,63.66,60.41,68.8,3.45,73.13,94.65,11.2,8.5,7,1,1,0,0,2
S3134,23,51.2,92.93,94.87,80.37,97.42,7.65,69.87,92.07,24.2,5.8,3,0,1,0,1,0
S3135,19,74.73,81.32,91.08,76.86,88.05,6.28,87.6,55.83,29.6,5.3,7,1,1,0,1,1
S3136,20,54.23,56.69,67.3,58.21,58.42,0.04,75.07,80.44,26.1,7.5,8,0,1,0,1,0
S3137,19,99.27,66.81,40.01,61.91,52.27,3.8,67.49,79.82,22.1,8.3,2,1,1,1,4,0
S3138,23,79.41,65.74,94.06,53.35,60.72,2.9,85.32,65.19,27.9,6.2,1,0,1,0,0,1
S3139,22,62.83,97.56,47.46,53.31,88.94,2.18,73.68,59.21,12.1,8.0,6,0,0,1,1,0
S3140,23,78.19,50.52,54.67,50.69,81.58,2.52,62.83,59.98,5.2,6.2,9,0,1,1,1,1
S3141,20,53.84,45.37,49.14,61.02,61.22,9.42,94.52,58.88,13.0,7.5,6,1,0,0,3,0
S3142,18,89.99,92.84,50.79,83.98,87.1,4.86,55.65,90.31,29.3,6.9,8,0,0,0,4,2
S3143,20,96.27,93.8,88.17,65.81,57.07,8.48,50.9,57.42,27.0,8.5,5,1,1,1,1,0
S3144,22,93.72,92.3,74.77,67.14,91.09,2.14,57.2,63.22,6.3,5.6,8,1,1,0,1,2
S3145,22,67.09,70.66,97.37,56.6,89.71,1.74,58.18,60.89,17.5,7.9,4,1,1,0,1,0
S3146,19,66.29,79.58,53.89,78.77,98.63,8.89,76.9,85.64,7.0,7.4,6,0,0,1,3,0
S3147,19,51.75,73.8,69.14,67.11,57.51,4.96,81.24,57.92,24.7,8.2,8,1,0,0,3,2
S3148,23,82.57,44.17,98.65,83.82,95.33,8.95,72.43,51.2,14.3,7.0,1,1,0,1,4,0
S3149,21,76.75,75.75,89.59,87.07,67.06,0.63,60.21,68.71,27.8,6.3,6,1,0,1,0,1
S3150,20,72.97,40.82,83.72,79.23,70.8,9.16,56.61,65.25,6.4,4.2,8,0,0,1,0,2
S3151,23,95.38,59.5,51.34,63.8,73.42,4.15,74.61,69.89,23.3,8.2,5,1,1,0,4,1
S3152,21,58.39,95.94,86.16,75.43,81.35,1.55,78.27,87.69,15.0,8.5,3,1,1,1,0,1
S3153,23,50.48,58.24,60.85,62.6,99.74,6.83,65.2,50.62,11.7,6.2,5,1,0,0,2,2
S3154,22,53.67,96.39,71.83,95.15,80.0,7.97,61.02,51.89,17.9,5.1,3,1,1,0,0,0
S3155,19,61.17,55.01,76.55,88.32,96.34,0.47,54.03,62.78,17.1,7.2,6,0,1,0,3,1
S3156,19,51.66,58.87,76.56,74.65,62.75,9.87,51.31,94.46,13.7,4.6,6,0,0,1,3,0
S3157,23,75.14,77.7,83.59,98.27,69.92,6.97,55.29,58.45,21.2,4.2,5,1,1,1,1,1
S3158,19,65.7,85.7,79.7,77.34,75.22,3.21,87.1,99.85,21.5,5.5,7,1,0,0,3,2
S3159,18,59.02,70.08,44.1,66.43,66.15,1.51,67.2,90.28,6.9,7.4,7,1,0,1,2,2
S3160,23,87.5,92.93,67.44,54.77,98.84,3.93,51.37,72.81,19.9,8.1,6,1,1,1,2,1
S3161,22,60.22,42.41,79.84,77.19,86.28,2.21,75.41,87.39,22.8,4.8,6,0,0,1,2,2
S3162,24,84.38,95.33,57.76,93.02,73.94,4.94,76.8,75.94,6.9,8.7,4,0,0,1,1,1
S3163,23,67.46,51.78,58.78,93.34,87.57,7.82,71.43,78.3,21.5,6.8,4,0,1,0,0,0
S3164,23,75.59,93.05,47.47,80.23,73.37,6.6,55.53,79.04,25.1,8.6,3,0,1,1,1,1
S3165,19,96.69,64.05,65.12,69.67,50.86,4.36,87.75,82.44,25.8,4.7,10,1,1,1,3,1
S3166,22,51.87,89.97,99.21,82.51,77.16,1.19,84.45,53.04,6.0,6.3,7,1,1,1,2,1
S3167,23,75.01,80.3,57.12,88.11,81.26,9.57,69.74,80.82,22.4,6.2,3,0,0,0,1,2
S3168,19,92.72,50.56,71.89,70.58,99.06,2.7,69.04,85.85,24.9,6.1,9,0,1,0,1,2
S3169,20,79.4,95.08,84.59,73.81,52.04,2.78,57.8,65.54,14.9,8.7,9,1,1,1,2,2
S3170,22,63.84,54.73,40.81,84.03,75.6,6.46,87.68,98.93,18.6,8.2,6,1,1,1,4,1
S3171,21,69.88,54.65,94.03,93.83,54.91,7.71,79.98,57.22,11.6,8.0,7,1,0,0,2,2
S3172,18,84.01,88.85,63.19,89.55,57.45,9.84,54.29,95.52,12.8,5.4,3,1,0,0,4,2
S3173,21,94.54,46.35,92.15,51.12,80.52,9.69,68.9,83.82,17.5,5.7,3,1,1,0,2,2
S3174,24,52.05,53.32,42.34,56.22,61.58,9.14,95.18,83.22,8.8,5.3,1,0,0,0,0,2
S3175,22,53.58,70.22,48.74,92.64,87.46,4.35,72.62,93.8,14.3,8.0,6,0,1,1,4,2
S3176,23,66.25,89.83,59.35,91.69,75.71,1.67,66.25,91.59,12.5,6.0,3,1,0,1,4,1
S3177,19,61.64,48.85,60.73,69.44,60.91,5.84,82.19,67.27,11.0,8.9,1,1,0,0,1,1
S3178,24,63.25,72.86,90.87,79.21,74.69,0.17,60.15,85.27,17.1,5.8,8,0,0,1,4,2
S3179,22,61.06,82.67,40.67,95.29,50.04,1.96,76.19,52.53,26.0,4.8,8,1,1,0,3,2
S3180,18,59.79,91.64,78.47,95.58,93.14,0.03,83.48,73.2,11.1,8.6,8,0,1,0,1,1
S3181,22,56.53,96.13,47.88,89.15,50.63,1.81,92.74,96.89,21.5,7.9,8,0,0,1,1,1
S3182,24,96.7,87.08,89.39,60.48,50.35,4.75,84.63,63.7,11.4,6.9,5,0,0,0,0,2
S3183,19,57.21,79.17,86.71,86.51,80.58,3.93,69.22,52.5,8.6,8.3,7,0,1,1,1,0
S3184,21,60.22,66.02,70.0,55.05,98.68,3.69,88.39,79.15,28.6,8.7,3,1,1,1,1,2
S3185,20,62.31,46.73,52.76,94.7,92.8,8.31,94.92,67.75,20.8,8.3,10,1,0,1,3,0
S3186,21,96.65,82.58,78.07,57.46,62.6,6.75,73.89,68.98,7.6,8.5,2,0,1,1,1,2
S3187,19,87.79,99.56,49.38,83.12,59.83,9.36,50.23,79.12,20.8,5.4,6,1,1,1,4,0
S3188,24,89.48,84.21,51.4,80.51,81.31,4.45,94.05,81.08,9.4,6.6,1,1,0,0,0,0
S3189,19,55.24,41.0,77.6,88.84,91.13,2.72,58.27,71.87,27.2,8.0,2,1,0,1,3,2
S3190,18,91.82,69.78,99.47,77.58,68.1,1.23,56.32,75.38,11.2,6.6,7,1,1,0,2,1
S3191,22,70.41,76.88,93.46,52.98,71.62,6.72,65.38,99.66,25.2,7.2,9,0,1,1,2,1
S3192,22,63.14,81.38,75.59,85.29,55.77,8.42,69.0,97.86,10.0,8.6,7,1,0,1,2,1
S3193,21,78.79,83.18,72.31,69.16,57.64,1.84,89.97,85.37,19.0,5.5,10,0,0,0,3,1
S3194,24,91.11,73.49,99.9,66.01,78.42,8.79,69.46,58.07,27.8,6.7,8,0,1,1,2,2
S3195,20,88.93,53.4,72.84,99.58,55.13,5.26,52.44,68.0,12.4,6.8,8,1,0,1,4,0
S3196,20,94.5,96.53,65.21,79.52,60.1,1.44,81.8,94.15,7.0,5.8,10,0,0,1,2,1
S3197,18,96.41,81.8,94.57,85.54,61.73,6.43,83.56,71.18,18.8,5.8,3,1,0,0,2,2
S3198,19,61.91,54.21,54.05,76.32,72.2,5.2,90.71,97.77,9.3,7.8,6,1,1,1,0,2
S3199,18,71.19,59.34,45.85,88.5,52.28,0.28,69.94,74.42,23.2,8.6,2,0,0,1,2,1
S3200,22,50.73,95.32,78.05,87.6,74.99,3.99,54.3,93.09,19.8,7.2,9,1,1,0,2,1
S3201,23,93.97,93.25,45.75,82.86,96.43,7.85,77.65,51.77,13.7,6.4,7,0,0,0,1,1
S3202,23,57.73,64.31,62.39,99.89,51.22,5.55,56.05,71.71,22.6,7.8,3,0,0,0,4,1
S3203,23,93.07,42.3,65.41,72.99,81.55,2.82,50.85,85.01,11.0,9.0,6,1,1,1,3,2
S3204,19,66.47,42.91,72.85,85.31,91.79,9.29,88.93,93.18,27.9,4.4,10,1,1,1,0,2
S3205,18,68.41,57.04,99.5,89.89,65.62,2.38,70.17,80.48,13.7,7.3,1,1,1,1,3,0
S3206,24,51.96,77.75,53.26,68.8,56.58,2.53,76.25,58.66,24.1,6.8,7,0,0,1,2,0
S3207,21,66.34,75.05,62.55,72.86,52.17,3.55,83.14,94.29,11.5,7.1,9,1,1,1,1,2
S3208,22,94.42,78.03,47.93,98.46,82.2,8.95,70.05,78.74,22.9,4.1,5,0,0,1,2,0
S3209,23,51.28,83.04,76.46,51.61,77.61,5.08,52.56,55.4,5.8,8.8,9,0,1,1,2,2
S3210,24,70.32,41.14,83.66,66.76,61.46,6.82,62.64,73.19,12.4,4.4,8,1,1,1,0,1
S3211,20,51.57,46.31,68.92,74.31,91.58,9.76,59.72,84.95,7.3,5.5,8,1,0,1,0,2
S3212,18,68.55,61.57,54.75,50.07,86.78,7.83,98.87,72.55,16.3,5.5,6,1,0,1,3,1
S3213,22,58.63,49.29,77.25,94.96,63.82,1.73,86.98,93.54,15.9,7.7,3,0,1,1,2,1
S3214,22,62.61,44.52,72.35,64.31,87.67,7.88,72.58,71.18,14.0,7.4,4,1,0,1,3,2
S3215,20,93.88,78.46,50.27,62.89,62.25,7.48,53.17,79.17,29.5,4.3,1,0,1,1,2,2
S3216,20,71.8,88.92,64.34,91.02,83.76,2.33,55.79,60.56,11.1,4.7,6,1,1,0,0,1
S3217,20,63.69,85.16,66.11,63.9,55.93,3.25,90.64,75.63,24.8,5.6,7,1,1,1,1,0
S3218,23,79.47,89.02,98.96,82.88,84.61,7.1,97.27,61.14,16.2,7.5,10,0,1,0,3,2
S3219,23,57.11,79.95,90.96,91.08,61.94,2.38,51.57,61.26,13.4,8.6,9,0,1,1,3,1
S3220,18,62.97,84.12,84.06,89.62,78.62,2.08,95.52,64.0,10.1,5.6,5,1,1,0,4,0
S3221,20,77.31,56.31,93.33,89.1,58.62,7.03,69.03,52.21,20.8,6.6,2,1,1,0,4,0
S3222,21,61.88,99.58,84.13,54.43,86.3,8.81,60.68,58.17,13.3,5.9,7,1,0,0,1,1
S3223,22,83.96,50.99,94.2,53.99,53.04,0.75,55.11,71.22,25.3,6.9,7,1,0,1,4,2
S3224,20,74.57,52.87,43.27,65.34,58.27,4.46,88.59,56.55,29.2,7.1,5,1,0,0,1,0
S3225,22,88.6,57.34,67.36,51.8,59.21,6.07,73.45,56.67,10.7,6.6,2,0,1,0,2,0
S3226,19,97.41,98.52,84.81,75.02,52.07,6.76,91.62,98.4,8.2,5.9,7,0,1,0,4,0
S3227,24,55.79,99.3,75.0,69.74,87.25,9.96,61.31,71.35,12.9,8.4,1,0,0,0,4,1
S3228,19,66.73,87.69,50.51,77.85,99.05,6.83,83.93,70.19,16.7,8.0,6,0,1,1,3,0
S3229,20,65.98,77.74,60.43,64.94,88.92,6.2,55.91,63.39,12.5,9.0,6,1,0,0,1,0
S3230,22,57.56,71.2,59.07,74.29,93.03,9.9,54.49,75.62,29.3,6.1,6,0,1,1,3,1
S3231,24,90.52,98.24,55.68,66.74,50.3,0.61,56.67,79.8,24.5,4.2,3,0,0,1,4,0
S3232,19,87.99,81.74,60.59,59.76,55.89,0.74,90.45,70.91,29.2,7.3,3,0,1,0,2,1
S3233,20,74.22,96.68,70.89,82.47,77.95,5.61,82.78,69.69,14.3,7.9,1,1,1,1,0,0
S3234,22,76.89,58.99,91.29,83.67,98.89,3.59,58.3,85.02,12.6,8.7,4,0,1,0,1,1
S3235,20,52.98,60.03,84.52,91.46,83.04,0.97,69.24,97.49,15.2,4.1,7,1,0,1,1,1
S3236,23,77.78,91.28,90.11,93.74,68.71,3.06,88.18,93.89,18.1,8.4,1,0,0,1,2,2
S3237,22,89.57,48.99,93.02,85.22,57.31,6.74,64.28,55.93,23.5,6.6,10,1,1,1,2,2
S3238,19,78.69,96.76,64.97,84.37,57.64,8.81,96.06,82.62,27.0,5.9,10,0,1,0,1,1
S3239,20,63.27,70.45,60.76,52.83,68.14,0.94,95.73,50.35,16.6,5.1,2,1,1,1,1,1
S3240,19,83.38,95.58,43.46,55.49,85.69,5.4,77.65,81.65,12.2,8.1,10,0,0,1,2,0
S3241,20,68.07,60.21,95.83,90.63,51.59,2.96,81.6,73.22,13.0,5.8,2,1,0,1,2,0
S3242,18,77.24,82.96,43.95,61.65,92.61,6.67,82.66,74.56,22.4,7.0,5,1,1,0,2,2
S3243,19,74.38,68.97,84.47,67.78,97.08,5.49,62.92,79.4,19.2,6.6,8,0,1,0,4,0
S3244,19,69.06,77.61,62.69,57.26,94.44,9.27,68.27,87.13,17.2,5.3,5,1,0,0,1,1
S3245,21,85.94,70.26,96.93,59.76,95.65,0.38,56.8,86.47,10.1,7.9,1,1,0,1,1,1
S3246,24,94.19,98.03,65.18,88.77,50.77,4.7,96.24,52.22,26.9,5.5,1,0,1,0,2,1
S3247,23,50.26,81.53,89.0,63.09,98.89,1.93,86.19,86.82,24.5,7.9,5,0,1,1,3,0
S3248,19,96.68,55.08,56.96,72.45,68.32,5.37,52.32,91.49,8.5,6.0,2,1,1,1,0,0
S3249,22,75.58,94.58,57.95,57.58,93.46,8.54,77.47,53.41,14.2,4.2,3,0,0,1,1,1
S3250,24,85.04,57.64,75.73,83.9,59.34,9.11,67.15,66.15,18.6,7.8,2,0,1,0,4,0
S3251,20,92.78,62.3,99.88,86.41,72.33,3.98,90.76,89.6,16.4,8.5,9,0,1,1,0,1
S3252,18,73.36,46.13,71.05,68.08,52.21,8.12,67.19,74.66,14.9,4.6,5,1,0,0,3,1
S3253,22,91.75,94.0,96.18,89.24,52.0,2.81,82.21,84.74,23.0,6.9,1,1,1,0,4,1
S3254,24,58.88,57.17,87.17,62.0,97.16,0.06,58.29,75.12,6.4,4.4,3,1,1,1,2,1
S3255,22,57.96,55.54,87.75,84.6,90.53,8.55,77.94,98.91,16.8,8.1,8,1,1,1,3,2
S3256,22,82.87,95.22,66.16,86.5,76.49,1.19,64.69,96.81,11.6,8.9,4,1,0,1,2,0
S3257,22,93.51,88.33,63.19,98.43,76.27,0.18,58.24,64.06,7.1,6.5,8,1,1,1,4,1
S3258,24,94.62,48.46,51.52,61.62,87.44,3.54,80.96,69.29,16.6,5.6,1,1,0,1,4,1
S3259,18,82.19,86.16,97.84,54.69,67.08,3.79,81.93,71.57,9.3,8.2,8,0,1,0,2,1
S3260,21,76.27,94.78,97.56,63.15,88.09,0.77,99.17,55.21,11.5,6.6,10,1,1,0,0,0
S3261,23,66.57,44.71,84.82,56.14,74.25,8.14,83.46,70.2,17.7,6.2,9,1,1,0,1,0
S3262,19,99.0,89.51,57.78,58.48,81.9,4.06,75.79,88.74,29.3,5.1,7,0,0,1,1,2
S3263,24,65.98,72.85,54.71,66.71,98.24,4.9,95.63,92.34,22.1,7.1,3,0,0,1,4,2
S3264,22,87.21,80.15,99.32,70.7,73.57,2.65,91.41,94.31,12.0,7.0,2,0,0,1,3,1
S3265,19,76.6,69.57,43.99,95.19,70.92,5.12,77.44,50.73,14.6,5.3,1,1,1,0,2,2
S3266,24,80.43,81.87,90.61,59.78,95.29,7.67,75.57,89.44,15.2,5.1,10,0,1,1,3,0
S3267,19,69.67,42.05,61.33,98.59,95.13,9.06,97.1,75.13,8.8,6.2,10,1,1,0,2,1
S3268,22,98.24,85.76,65.13,90.51,99.62,9.71,80.86,60.31,9.0,6.3,7,1,0,0,3,0
S3269,21,78.58,42.0,89.92,94.07,77.54,4.27,85.69,74.94,8.7,4.6,1,1,1,1,2,2
S3270,24,96.89,67.32,45.44,96.47,67.21,9.9,54.33,92.21,18.0,5.4,6,0,0,0,4,1
S3271,19,50.38,49.06,61.25,87.66,62.02,2.95,85.92,71.71,21.9,4.8,1,0,0,1,0,1
S3272,20,78.63,89.41,97.12,89.44,51.7,0.07,63.23,99.52,19.8,8.5,10,1,0,1,1,1
S3273,19,85.86,58.82,81.94,71.89,86.34,7.68,55.78,80.83,29.4,4.4,4,1,0,0,3,0
S3274,23,87.25,67.25,85.3,75.52,61.67,1.78,92.48,74.49,8.1,8.4,5,1,1,1,1,0
S3275,22,95.25,65.73,85.45,96.62,80.33,0.52,84.56,64.74,29.7,6.6,1,0,1,1,3,2
S3276,18,50.22,86.35,43.63,68.91,95.83,9.24,70.38,50.55,16.7,7.3,8,1,1,1,4,0
S3277,19,50.02,68.87,52.19,52.1,97.51,7.92,71.57,80.53,10.5,8.6,7,0,0,1,4,2
S3278,21,73.61,87.34,69.48,88.14,50.22,1.03,59.86,78.87,28.6,5.8,1,1,0,1,3,1
S3279,20,51.46,44.41,62.09,78.66,65.85,7.77,50.48,75.84,16.7,7.5,5,0,1,1,3,0
S3280,20,98.73,51.5,64.65,90.74,91.87,8.44,67.47,76.89,13.7,7.4,4,1,1,1,3,0
S3281,18,61.1,73.09,86.89,53.78,76.82,9.05,57.42,92.18,10.3,8.9,1,0,1,0,4,0
S3282,23,73.63,96.83,40.88,81.06,90.38,5.44,71.09,65.84,11.7,4.2,4,0,0,1,0,0
S3283,18,53.06,44.49,79.63,62.39,92.67,7.03,91.69,77.51,29.5,6.3,4,0,1,1,0,0
S3284,23,76.1,42.59,40.01,95.16,72.13,7.62,55.74,84.0,12.6,8.9,6,0,0,0,3,1
S3285,19,69.0,49.39,43.78,55.5,67.95,6.89,54.59,60.49,29.4,5.6,4,0,1,0,2,1
S3286,22,52.23,78.47,64.5,92.15,72.77,6.47,95.11,96.24,13.3,8.8,5,0,0,1,0,1
S3287,21,66.76,63.94,90.46,54.43,82.64,5.48,87.26,86.86,10.8,8.1,10,1,1,1,4,1
S3288,20,69.57,89.53,48.7,51.25,68.36,4.79,52.65,52.66,9.6,5.7,3,1,1,1,4,2
S3289,18,99.5,44.32,73.28,61.75,88.75,9.96,53.98,93.26,15.3,4.1,7,1,1,0,4,2
S3290,21,60.39,51.78,80.71,66.65,95.2,3.38,84.25,96.49,10.9,5.4,3,1,0,1,1,2
S3291,23,77.24,58.0,53.77,81.33,64.12,0.88,68.52,89.68,22.4,4.6,5,0,1,1,1,2
S3292,22,99.37,77.6,70.74,56.59,98.25,7.65,86.21,71.31,11.0,6.1,2,1,0,0,4,2
S3293,20,89.6,81.11,94.68,71.87,81.14,2.14,70.22,99.72,25.9,8.7,10,0,1,0,0,1
S3294,20,99.67,47.45,70.73,60.21,93.91,5.33,98.39,56.22,25.9,6.6,10,0,0,0,1,2
S3295,23,98.41,96.63,49.44,92.77,55.2,0.96,84.72,76.83,12.1,6.2,8,0,1,1,2,1
S3296,22,74.48,60.46,77.67,52.25,62.57,6.19,52.33,58.52,23.8,5.1,4,1,1,1,3,1
S3297,20,84.82,82.79,75.53,67.8,66.05,9.44,66.53,71.97,26.4,7.1,1,0,1,1,1,0
S3298,22,55.52,71.45,41.62,81.57,65.14,7.23,78.18,96.37,19.8,6.3,2,1,1,0,1,2
S3299,20,72.06,53.37,45.44,95.65,58.59,2.15,57.09,89.71,14.2,7.9,7,1,1,1,0,2
S3300,19,90.45,90.77,49.41,93.4,93.41,9.71,50.13,89.1,16.0,6.6,7,1,1,1,0,1
S3301,23,75.27,89.09,48.18,94.76,70.93,3.07,53.97,67.69,24.7,8.4,2,1,1,1,2,1
S3302,22,85.13,63.76,55.57,53.14,98.16,4.37,76.21,96.71,12.3,7.9,8,1,0,0,2,0
S3303,21,87.29,75.32,67.25,92.05,79.17,4.98,81.61,68.41,13.4,4.7,1,0,0,1,2,0
S3304,19,62.67,55.47,62.3,89.0,56.92,9.91,54.65,52.0,9.0,4.7,4,0,0,0,2,1
S3305,24,93.78,81.39,93.44,95.12,77.3,0.69,83.26,81.89,15.0,4.1,8,1,1,0,1,1
S3306,21,72.99,58.54,76.73,65.58,99.68,6.97,80.86,68.13,7.2,5.8,5,0,0,0,2,1
S3307,23,60.51,90.64,92.57,95.59,78.26,3.62,96.99,57.69,13.0,4.3,8,1,0,0,2,0
S3308,20,93.27,53.04,71.62,70.13,50.09,0.78,92.03,96.73,14.3,6.2,8,0,0,0,4,2
S3309,24,70.89,40.89,45.39,81.7,96.65,9.35,97.16,81.86,11.4,5.2,9,0,0,0,1,0
S3310,21,87.52,56.11,67.8,71.21,61.74,5.9,98.31,97.03,7.5,6.5,1,0,1,1,1,0
S3311,19,77.4,51.46,89.32,71.38,84.43,7.54,72.04,79.15,18.0,4.8,1,0,0,0,1,0
S3312,24,69.09,70.5,51.65,77.33,75.75,2.4,74.4,53.19,26.6,6.7,9,0,0,0,3,1
S3313,24,90.49,52.22,45.47,67.8,66.27,7.62,64.08,51.5,13.4,8.8,7,0,1,1,2,0
S3314,22,79.22,85.79,59.77,89.64,64.13,8.28,75.42,95.03,10.9,7.2,9,0,0,0,2,2
S3315,18,69.53,54.48,63.33,81.68,96.44,4.31,57.54,51.94,12.1,6.8,2,0,1,1,2,0
S3316,21,55.48,82.42,58.38,84.49,95.6,5.72,83.57,80.76,26.5,7.9,8,0,0,0,0,2
S3317,18,94.77,74.71,48.11,61.55,75.66,9.72,51.25,64.9,18.2,4.0,1,0,1,1,0,2
S3318,23,51.77,99.17,55.05,98.48,62.92,8.47,61.78,84.38,8.3,5.4,4,0,1,1,0,1
S3319,21,93.16,99.99,80.94,83.01,55.12,4.45,60.4,64.24,22.7,8.9,8,0,0,0,3,1
S3320,21,68.0,92.17,63.16,59.86,57.83,6.65,96.89,51.86,8.9,7.9,4,0,1,1,2,1
S3321,22,81.97,85.6,77.95,87.52,76.11,7.84,57.25,86.54,6.5,4.5,3,1,1,1,1,2
S3322,20,96.11,63.19,72.18,58.69,65.39,0.24,94.54,65.55,11.4,5.6,7,0,1,1,1,1
S3323,19,57.59,85.2,72.94,53.17,52.1,5.88,56.22,77.54,9.2,6.2,5,0,0,0,4,2
S3324,19,78.35,97.4,54.91,76.38,72.76,9.85,82.53,88.69,20.1,8.7,1,0,1,0,0,1
S3325,19,88.22,41.4,71.29,77.68,87.31,9.47,65.99,85.14,17.1,6.9,4,0,0,1,3,1
S3326,23,87.88,72.27,41.42,59.45,94.58,8.32,65.8,67.43,23.1,4.4,4,0,0,0,4,2
S3327,24,76.28,53.08,65.9,67.42,79.26,1.06,99.91,87.39,17.8,6.5,1,0,1,1,3,1
S3328,20,81.24,73.47,74.36,97.29,86.16,9.94,61.3,96.28,15.5,5.4,10,1,1,0,1,0
S3329,18,87.88,67.99,50.92,64.25,68.2,6.1,60.13,80.5,18.2,5.7,5,1,0,1,2,0
S3330,19,92.05,74.55,55.39,57.78,74.81,2.23,79.47,85.18,15.9,4.6,2,1,0,1,1,0
S3331,18,88.09,73.06,53.17,99.63,86.48,6.74,87.04,93.3,5.9,6.3,8,0,1,0,1,0
S3332,20,67.7,97.61,44.23,65.12,86.38,8.57,99.13,92.18,22.0,7.3,9,0,0,1,0,2
S3333,23,99.84,73.13,60.87,84.01,71.23,1.12,85.07,67.58,29.1,7.8,2,0,0,1,1,1
S3334,20,71.73,90.77,98.74,61.58,77.18,9.16,78.09,99.59,15.6,7.5,10,1,1,1,3,0
S3335,22,51.22,59.19,61.23,77.51,96.19,9.2,70.46,51.43,15.6,7.3,10,0,0,1,2,2
S3336,24,68.13,66.29,67.63,69.31,81.6,0.13,79.76,99.34,6.1,8.3,4,0,0,0,0,2
S3337,19,56.39,68.22,79.19,98.08,82.13,9.0,80.04,62.3,27.3,5.7,2,1,1,0,4,1
S3338,23,56.07,56.72,78.91,71.64,89.23,9.47,60.89,72.02,28.2,5.1,5,1,0,0,1,0
S3339,22,64.08,62.79,96.99,79.21,55.76,0.38,83.56,94.18,25.3,4.4,7,0,1,1,0,0
S3340,19,52.67,75.91,91.45,97.24,76.14,2.94,60.22,62.22,7.7,4.8,5,0,1,1,0,2
S3341,20,84.43,74.81,87.64,99.46,97.97,3.73,74.5,61.24,27.5,4.7,5,0,1,1,0,2
S3342,20,53.7,78.19,97.1,55.08,68.08,3.49,62.99,82.16,5.6,8.6,2,0,1,0,3,0
S3343,21,60.16,61.11,53.85,91.72,64.75,7.59,65.64,85.27,16.1,4.9,3,1,1,1,4,1
S3344,21,54.64,58.95,77.02,69.11,80.06,3.58,80.69,50.37,17.5,4.5,6,0,1,1,0,2
S3345,20,53.16,76.7,93.23,79.74,61.06,9.57,53.22,72.52,25.9,6.0,6,0,0,1,3,2
S3346,20,63.39,47.97,77.45,68.75,77.8,9.95,50.6,74.46,23.8,4.8,1,1,1,0,4,1
S3347,18,78.59,55.18,98.65,70.06,57.78,3.17,56.53,63.59,24.9,4.7,1,0,0,0,2,1
S3348,24,98.23,42.53,46.02,57.94,78.99,5.09,58.44,77.31,26.7,5.8,10,0,0,0,3,2
S3349,18,93.78,44.36,66.36,78.64,80.12,5.58,59.89,57.73,16.9,8.6,9,1,0,1,0,2
S3350,24,93.8,54.6,98.64,77.34,70.92,5.79,88.7,66.18,24.5,4.2,2,1,1,1,1,0
S3351,22,58.8,41.17,62.77,59.47,69.14,3.74,72.34,85.66,6.7,5.0,2,0,1,0,3,2
S3352,21,63.25,54.72,84.37,77.09,62.27,1.66,73.5,93.69,16.1,8.1,9,1,1,1,2,2
S3353,21,53.82,79.3,41.82,98.66,66.55,0.55,82.22,79.47,5.8,5.2,5,1,0,0,4,2
S3354,20,88.92,43.67,81.69,85.72,74.92,1.06,86.46,53.74,27.9,6.2,6,0,1,0,2,0
S3355,20,53.49,66.2,96.08,74.05,62.38,9.01,50.18,83.94,29.0,4.5,3,1,0,0,4,1
S3356,22,77.83,94.79,62.96,95.8,89.14,2.8,92.84,94.88,7.1,8.0,7,0,1,1,3,1
S3357,23,62.39,87.48,41.28,78.77,85.45,0.77,99.42,75.22,18.3,7.7,2,0,0,0,4,1
S3358,23,62.17,58.33,41.67,56.75,63.47,6.24,56.09,74.68,13.1,4.6,5,0,1,0,0,2
S3359,23,99.54,95.49,93.52,77.38,54.87,0.75,82.55,99.57,13.6,8.7,4,0,0,1,3,2
S3360,21,87.84,59.78,83.35,59.05,50.01,0.7,50.12,81.81,16.3,7.0,8,1,1,0,1,1
S3361,18,91.85,44.35,46.4,88.38,79.84,6.22,52.45,90.3,8.1,8.0,2,0,1,0,2,0
S3362,23,78.6,99.64,43.28,98.36,60.57,5.91,64.25,82.32,9.5,7.8,1,0,1,1,2,2
S3363,19,93.55,92.2,88.29,68.04,50.63,0.41,92.32,61.05,19.4,6.6,2,0,1,1,3,0
S3364,22,82.27,67.96,88.59,71.75,67.95,4.6,82.63,64.2,5.5,7.7,2,0,0,0,1,0
S3365,23,97.31,79.98,47.23,71.07,98.1,4.36,72.29,83.29,20.0,5.2,8,1,1,0,3,2
S3366,19,64.07,80.27,58.09,64.26,84.5,5.47,71.93,72.8,13.0,4.1,1,1,0,1,0,1
S3367,23,79.77,51.67,86.8,89.71,92.89,7.38,73.3,70.22,25.8,5.7,1,1,0,0,0,0
S3368,18,84.51,52.0,71.52,80.89,57.24,2.83,65.55,51.12,20.0,4.8,10,0,0,1,1,1
S3369,18,69.65,68.17,97.4,53.2,53.66,4.33,93.89,94.22,22.7,8.9,1,1,1,1,3,2
S3370,23,93.99,94.69,68.86,91.94,50.58,7.93,78.39,94.22,7.9,8.6,3,1,1,0,1,0
S3371,19,98.99,40.6,80.62,59.35,97.78,9.23,74.2,73.05,11.6,4.7,5,0,1,0,1,2
S3372,22,74.69,86.95,70.59,98.96,65.01,8.91,73.25,85.04,29.9,5.7,8,1,1,1,0,2
S3373,19,69.53,43.45,96.58,68.83,72.98,4.78,96.79,58.89,15.8,6.5,8,0,1,0,0,0
S3374,22,73.6,68.69,63.92,80.82,69.73,5.21,86.18,75.19,14.0,6.0,10,1,0,0,1,0
S3375,23,92.64,78.27,53.79,53.89,86.52,5.29,57.24,71.94,26.8,7.5,5,1,1,1,1,1
S3376,22,82.27,81.21,59.6,67.23,65.5,8.69,71.85,82.83,5.8,6.5,5,1,1,0,4,0
S3377,20,52.24,43.51,91.17,90.12,76.77,8.4,64.42,73.48,18.4,6.8,7,1,1,1,0,2
S3378,21,77.11,65.12,69.88,73.86,99.78,3.12,99.34,74.92,10.3,7.4,1,0,0,0,1,1
S3379,24,50.87,75.03,61.26,95.23,72.2,1.63,70.77,64.79,14.2,4.1,1,0,1,0,4,2
S3380,21,88.93,43.96,72.66,78.76,77.56,3.79,53.39,52.42,10.0,4.1,1,1,0,1,1,1
S3381,18,66.42,48.11,47.99,96.43,75.13,2.88,70.56,95.85,5.9,4.9,8,0,1,1,4,2
S3382,20,73.6,79.82,40.32,99.13,90.16,9.51,66.07,50.61,15.4,7.6,8,1,0,0,1,1
S3383,21,89.93,71.3,56.84,72.69,63.34,2.66,79.98,64.07,24.7,5.2,4,1,1,0,3,0
S3384,23,52.32,49.71,76.3,78.26,58.52,1.81,61.3,72.38,28.8,8.6,5,1,0,1,0,2
S3385,22,57.93,72.11,82.7,91.75,87.7,8.99,51.8,65.95,20.6,4.4,7,1,1,1,1,2
S3386,22,69.9,94.76,89.6,61.08,70.78,0.86,54.79,77.6,14.7,6.9,6,1,1,0,2,1
S3387,19,61.5,40.94,95.6,93.08,95.69,2.6,64.16,73.08,24.2,4.1,2,1,1,1,2,0
S3388,19,66.9,78.56,64.73,79.6,82.21,4.39,67.42,62.77,17.6,8.9,7,0,0,1,4,0
S3389,22,99.91,44.42,84.43,86.28,78.22,5.95,91.72,54.4,14.2,5.1,2,0,1,1,0,1
S3390,23,91.27,40.39,44.48,53.99,53.52,3.28,63.5,56.88,9.5,6.9,4,1,1,1,4,0
S3391,22,94.2,49.04,43.45,88.31,86.52,4.96,51.57,74.32,24.9,8.8,4,0,1,1,0,0
S3392,19,96.85,65.37,47.49,65.54,84.3,1.99,89.04,92.3,17.5,4.2,5,1,1,1,2,1
S3393,21,67.05,88.14,66.91,90.26,82.0,5.74,93.45,55.03,29.1,6.6,1,0,0,1,2,2
S3394,18,64.85,56.91,52.68,75.46,63.4,4.08,74.62,83.86,25.0,6.6,3,0,1,1,4,1
S3395,19,61.7,77.54,57.22,63.73,97.34,8.49,64.25,89.6,15.5,5.8,8,0,1,0,3,1
S3396,23,91.51,64.67,78.87,97.64,66.08,4.16,88.61,63.84,23.5,7.3,6,1,1,1,2,1
S3397,21,83.98,54.06,61.51,88.25,57.61,4.44,50.44,83.41,16.3,6.7,3,0,0,0,0,0
S3398,21,61.81,70.85,73.44,99.28,99.36,5.92,96.2,84.33,7.0,5.2,2,1,1,0,1,2
S3399,21,68.85,87.85,64.74,68.22,87.31,1.23,93.28,85.39,17.9,7.5,6,1,1,1,1,0
S3400,20,75.34,89.95,50.14,82.46,70.74,1.57,77.24,94.54,26.6,6.3,3,1,1,0,1,0
S3401,20,76.41,90.79,44.44,80.58,96.8,7.9,63.88,69.93,26.4,6.4,7,0,0,1,2,0
S3402,24,94.44,60.31,54.17,84.38,54.56,2.73,51.64,62.18,19.4,8.8,7,0,1,0,3,2
S3403,21,69.03,87.61,43.46,51.92,54.38,6.85,99.99,77.19,14.5,6.7,2,0,1,0,2,1
S3404,23,95.43,52.73,77.12,64.59,84.12,0.97,88.1,53.13,5.3,7.9,4,1,1,1,0,1
S3405,22,72.07,84.31,87.74,95.47,58.9,8.22,66.94,66.7,12.8,8.3,3,1,1,1,2,2
S3406,23,87.32,96.9,60.38,71.19,95.86,9.88,50.96,94.16,29.7,6.9,8,0,0,0,2,1
S3407,20,96.51,40.82,63.23,98.03,92.02,3.74,81.96,76.6,23.2,7.9,8,1,0,0,2,2
S3408,19,95.38,66.42,88.97,60.68,65.32,5.06,99.35,71.83,22.9,5.5,4,0,1,0,2,0
S3409,24,52.85,78.87,53.36,99.87,94.44,4.43,85.35,63.28,24.0,4.9,4,0,1,0,0,1
S3410,20,60.29,82.11,47.15,84.88,52.14,8.94,54.19,62.52,20.5,7.5,6,0,0,0,2,2
S3411,22,73.85,50.57,70.07,88.82,77.43,0.1,70.11,61.83,19.6,8.6,6,0,1,1,3,2
S3412,18,71.58,98.33,78.77,69.84,96.78,6.53,55.46,91.46,16.3,4.2,6,1,0,0,4,2
S3413,24,82.04,76.92,75.98,95.35,92.77,6.52,95.61,99.25,16.1,7.8,2,0,1,1,0,2
S3414,20,97.24,49.86,82.83,77.27,67.8,3.82,66.52,76.74,26.8,4.1,8,0,0,1,3,1
S3415,23,55.62,41.23,43.41,84.05,59.14,2.19,86.67,53.99,14.8,6.3,7,0,0,1,1,0
S3416,24,72.59,87.0,65.69,54.74,60.53,2.4,54.23,87.55,26.0,7.4,2,0,1,1,1,1
S3417,23,59.62,44.78,54.31,81.58,75.73,8.0,56.42,93.85,25.9,6.0,8,0,1,1,0,1
S3418,21,94.71,48.46,85.55,93.95,79.84,0.66,83.97,96.56,24.3,5.5,1,0,0,0,4,2
S3419,21,98.23,74.49,92.36,58.91,51.64,5.64,92.17,81.44,5.9,4.9,10,0,1,0,2,0
S3420,21,73.94,76.21,56.88,86.89,70.68,3.07,60.07,75.34,8.7,8.9,7,1,1,0,0,2
S3421,24,55.2,81.21,45.71,51.27,91.52,2.65,70.92,81.03,12.9,6.9,6,1,1,0,2,1
S3422,18,89.26,63.61,55.21,96.31,72.22,5.06,80.97,50.65,26.2,4.6,9,1,1,1,2,0
S3423,22,84.86,86.43,46.24,99.15,58.46,8.98,89.81,82.77,26.8,4.2,3,1,1,1,1,1
S3424,24,67.73,98.46,59.35,67.71,97.74,6.18,81.41,85.48,6.0,5.2,9,0,0,1,4,0
S3425,19,94.37,56.27,72.29,55.35,63.31,7.89,54.77,86.1,13.1,6.7,5,1,0,0,2,0
S3426,23,98.79,82.18,98.42,82.93,89.92,6.01,77.14,78.15,26.3,7.8,5,1,1,0,0,2
S3427,23,77.89,95.71,63.96,51.49,59.69,6.98,94.23,85.0,11.2,8.9,6,1,0,1,1,2
S3428,24,78.29,81.18,53.2,74.12,71.16,4.32,93.4,81.94,29.4,8.2,3,0,1,1,2,2
S3429,24,64.88,80.87,50.01,63.59,74.52,9.26,79.25,55.78,17.2,7.1,4,1,1,0,1,1
S3430,22,79.23,53.43,50.38,73.67,75.03,5.02,99.78,94.92,28.4,7.3,10,1,0,1,1,0
S3431,18,71.98,72.11,51.56,50.91,75.82,5.52,55.26,81.14,15.7,6.6,6,0,0,1,0,2
S3432,24,65.11,73.75,85.74,52.58,61.25,5.25,73.93,86.39,13.1,6.2,5,1,0,0,0,2
S3433,21,53.36,82.01,43.66,50.8,75.8,3.16,88.76,67.14,14.1,7.9,10,0,0,1,3,2
S3434,22,62.64,99.81,99.84,80.96,74.09,2.31,57.05,95.96,27.1,4.9,8,1,0,1,2,2
S3435,19,59.89,42.02,71.36,78.0,60.44,0.74,98.64,75.13,13.3,5.7,7,0,1,1,1,0
S3436,21,77.1,43.91,72.66,61.66,99.41,7.18,67.7,83.95,21.7,8.9,1,1,0,1,3,0
S3437,19,80.08,44.68,61.45,82.33,93.28,2.89,67.51,97.61,16.7,6.9,6,1,0,1,0,1
S3438,20,80.43,84.58,81.42,94.21,94.38,3.89,60.66,95.8,28.5,6.5,5,1,0,1,4,2
S3439,19,69.41,48.18,68.29,63.87,84.28,9.2,64.4,82.24,9.0,8.3,10,0,0,1,1,0
S3440,21,71.06,77.35,59.74,91.6,57.99,5.66,78.88,58.29,15.7,7.8,9,1,0,0,4,0
S3441,20,91.71,59.48,55.91,83.13,78.4,0.97,71.47,97.53,8.1,5.6,3,0,1,0,4,1
S3442,21,73.81,67.44,95.54,51.69,91.07,8.0,59.67,99.21,19.5,7.1,4,0,1,0,1,2
S3443,23,99.39,52.94,57.46,68.76,51.94,2.56,90.46,55.17,15.1,4.9,4,0,0,0,3,1
S3444,21,71.98,91.97,66.18,75.39,74.79,5.53,53.11,72.51,6.5,4.3,4,0,1,0,3,2
S3445,20,82.48,75.17,61.02,86.58,69.81,5.1,91.73,77.41,26.2,8.9,9,1,1,0,1,0
S3446,19,52.52,96.67,45.17,64.36,60.61,2.38,63.75,54.6,14.4,7.7,8,1,1,1,2,0
S3447,23,82.67,74.48,51.16,99.14,68.91,1.16,74.8,59.48,17.3,8.7,9,1,1,0,4,2
S3448,18,92.57,47.43,51.37,84.23,99.17,2.11,69.05,76.89,15.2,8.2,4,0,0,1,3,2
S3449,18,97.12,50.25,81.62,68.64,86.16,0.97,78.53,98.15,17.2,6.1,3,1,0,0,1,0
S3450,18,99.87,99.34,64.4,54.85,64.98,2.76,89.8,51.39,5.4,8.3,5,0,1,1,0,0
S3451,18,64.11,83.53,86.92,59.07,80.27,9.97,99.47,95.62,25.4,7.9,2,0,1,1,0,0
S3452,22,78.77,42.96,82.54,74.38,62.33,4.02,65.3,94.93,13.3,5.3,5,0,1,0,1,1
S3453,18,72.54,82.23,51.52,74.73,80.54,8.64,77.69,92.86,23.1,7.1,2,1,0,0,2,1
S3454,20,78.19,64.73,73.78,88.39,94.81,5.49,73.3,68.88,6.6,5.5,10,1,1,1,0,1
S3455,24,57.87,58.43,84.57,86.31,77.84,6.67,99.95,74.54,18.1,5.2,2,0,0,1,2,1
S3456,18,92.81,49.24,77.98,60.06,86.67,1.56,90.45,70.18,27.7,4.4,7,1,0,0,1,2
S3457,21,95.48,90.39,76.0,79.75,72.67,2.75,69.85,97.38,15.0,6.7,10,1,1,0,1,2
S3458,24,72.48,43.83,84.38,51.03,76.21,5.1,73.84,76.07,9.9,6.0,4,0,0,1,4,0
S3459,18,64.02,57.39,43.41,69.93,84.75,8.81,62.3,54.03,7.5,4.4,6,0,0,0,1,2
S3460,24,57.04,58.38,83.89,88.21,90.62,0.43,87.76,63.7,26.5,7.6,9,1,1,0,2,2
S3461,19,84.19,49.65,56.36,69.98,82.97,5.07,92.26,73.1,11.0,7.6,10,0,1,1,3,2
S3462,20,65.61,70.49,74.31,91.78,98.87,0.51,98.25,97.68,29.4,5.2,3,0,1,1,0,1
S3463,20,95.48,40.7,54.54,98.81,90.99,4.57,78.29,78.45,11.2,8.8,1,1,0,0,0,2
S3464,24,83.55,58.06,90.33,80.36,88.86,6.29,83.53,84.8,17.0,7.9,3,1,1,0,4,2
S3465,23,82.28,96.02,68.83,57.25,92.26,7.45,72.3,54.43,16.4,8.0,3,0,0,0,3,0
S3466,22,77.97,58.63,78.58,68.98,64.06,1.39,80.46,93.87,6.6,4.0,3,1,0,0,2,1
S3467,21,52.29,61.63,87.64,50.47,71.6,1.67,67.44,76.95,18.3,8.9,4,0,1,0,2,0
S3468,24,96.6,68.39,93.72,80.14,78.22,4.7,86.88,96.06,21.8,9.0,3,0,0,0,4,0
S3469,20,81.4,73.7,83.92,91.08,73.12,9.98,51.14,72.27,23.6,6.5,5,1,0,1,1,1
S3470,19,99.7,88.52,48.93,81.5,92.37,3.56,51.42,84.15,18.1,8.9,8,0,0,0,3,1
S3471,18,76.87,51.42,91.27,89.3,51.35,4.28,85.81,73.54,25.3,7.1,3,0,0,1,0,1
S3472,20,85.51,92.3,77.11,90.0,60.46,4.32,96.53,57.13,23.8,4.7,10,0,0,0,3,0
S3473,19,52.81,85.45,76.57,92.55,94.09,0.81,81.61,63.6,9.8,8.1,6,1,0,1,4,0
S3474,18,81.59,83.36,95.28,63.33,52.96,7.74,86.33,53.36,15.0,6.8,1,1,0,1,1,1
S3475,22,88.23,45.21,54.93,93.56,61.35,2.53,91.2,72.01,8.6,5.7,4,1,0,0,3,0
S3476,20,88.93,41.3,54.38,82.7,67.56,7.04,68.08,82.47,8.3,5.2,1,0,1,0,1,2
S3477,20,88.51,75.64,70.79,64.49,87.54,4.75,55.41,62.19,22.8,6.6,2,0,1,0,3,0
S3478,24,61.31,91.79,85.05,99.36,78.01,6.12,96.65,74.52,18.3,7.5,3,1,1,1,0,1
S3479,24,98.77,75.07,66.83,97.51,97.73,0.54,96.93,72.95,20.0,8.4,5,1,0,0,2,0
S3480,19,99.76,52.79,78.03,78.72,61.39,8.9,72.09,76.67,23.3,7.0,9,1,1,1,3,0
S3481,23,53.78,45.43,67.15,92.16,93.61,2.44,60.86,59.23,11.9,6.1,9,0,1,1,2,1
S3482,24,96.82,81.98,76.62,63.07,64.15,6.7,94.62,76.7,15.0,7.2,3,1,0,1,2,2
S3483,21,64.47,83.31,89.34,70.8,62.27,7.98,85.42,68.21,20.2,6.5,8,0,1,1,2,1
S3484,22,84.46,50.35,50.83,59.2,74.92,5.4,50.41,64.3,7.4,7.3,2,1,1,0,4,0
S3485,21,66.91,41.69,81.72,76.01,53.56,3.37,55.39,79.3,25.8,7.0,9,0,1,1,0,2
S3486,20,98.39,64.5,87.25,74.8,69.22,9.78,99.16,57.4,13.6,8.9,4,0,0,1,2,2
S3487,21,55.08,74.96,66.83,60.64,67.78,2.78,51.91,95.03,21.5,7.1,2,1,0,0,0,0
S3488,18,74.89,82.36,59.39,83.64,58.01,9.49,64.13,96.74,29.9,7.5,5,0,0,1,3,1
S3489,22,71.4,88.6,40.81,55.89,93.04,1.56,77.42,83.03,16.9,8.5,7,1,0,0,0,2
S3490,21,66.3,76.63,87.83,53.08,69.29,3.89,59.22,65.16,10.4,8.6,6,0,0,1,1,1
S3491,18,82.28,46.65,59.68,69.25,99.1,1.38,61.6,81.3,10.4,4.7,9,0,0,1,2,0
S3492,19,56.55,80.95,61.44,70.49,94.99,0.02,67.65,80.08,6.5,6.3,7,1,0,1,3,1
S3493,21,85.83,99.05,60.16,65.99,59.74,2.6,63.48,69.56,24.2,8.7,6,0,0,0,2,1
S3494,22,99.03,94.34,69.92,62.9,75.26,0.87,90.17,64.36,12.3,8.8,8,1,1,0,2,1
S3495,18,90.23,92.3,82.15,66.94,80.09,9.86,75.01,58.42,9.3,5.0,7,1,1,0,3,2
S3496,21,93.0,58.13,86.31,58.17,90.95,7.62,63.93,60.87,22.8,6.2,7,1,1,0,3,0
S3497,19,67.98,85.05,63.55,70.17,94.28,0.04,65.65,82.65,12.7,5.4,8,0,1,0,4,2
S3498,21,66.24,91.07,79.79,95.23,81.2,2.24,51.99,94.29,20.0,8.0,6,0,1,1,4,2
S3499,18,75.85,80.7,83.24,61.22,51.76,6.7,52.47,69.25,15.4,8.3,10,0,1,1,4,0
S3500,21,52.29,55.03,57.82,84.22,74.06,3.99,85.9,56.09,13.4,6.3,5,1,0,0,0,2
S3501,22,97.27,97.23,45.8,57.09,94.24,8.32,55.65,50.64,17.2,7.4,4,1,1,1,1,2
S3502,20,57.19,67.05,93.68,67.7,85.7,5.05,73.79,70.3,12.8,8.3,8,0,0,0,1,1
S3503,18,95.15,47.79,80.63,66.06,93.51,6.54,92.12,61.63,26.8,7.5,9,0,1,1,0,2
S3504,18,54.18,46.59,78.89,96.85,83.7,5.97,68.42,66.13,6.8,4.8,9,1,1,1,4,0
S3505,18,91.13,78.85,43.53,71.4,52.2,6.38,67.29,62.08,5.8,7.6,4,0,0,0,1,0
S3506,18,57.6,66.26,89.07,84.52,98.4,2.3,93.65,83.21,15.2,4.8,9,1,1,1,4,2
S3507,21,51.91,45.67,73.96,80.12,95.9,3.73,93.24,81.93,9.3,7.3,2,0,1,0,3,2
S3508,22,85.97,84.42,90.87,57.05,56.33,0.51,94.01,95.62,23.6,5.7,7,1,0,1,0,1
S3509,19,64.01,87.96,98.47,96.98,55.63,5.88,78.6,84.99,13.8,4.3,4,0,0,0,4,2
S3510,22,85.72,83.52,97.43,67.29,76.95,4.59,97.62,58.25,11.5,5.1,4,0,0,1,0,1
S3511,18,77.75,52.14,91.37,52.24,87.85,7.61,90.95,87.58,14.0,6.3,8,1,0,0,2,1
S3512,23,55.44,81.39,40.66,65.02,69.11,2.06,70.78,59.06,10.5,9.0,3,1,1,1,0,2
S3513,21,96.61,40.64,93.14,66.78,56.82,4.37,81.48,77.93,12.5,5.3,5,1,0,1,0,2
S3514,23,72.62,58.31,44.5,54.64,75.53,1.81,56.09,53.85,19.2,8.9,5,0,1,1,4,0
S3515,21,86.72,63.93,91.07,81.0,66.88,6.14,77.57,52.37,26.6,5.8,3,1,1,0,0,2
S3516,18,75.05,90.11,56.81,67.34,67.59,8.48,63.16,73.21,14.3,8.8,4,1,0,0,2,0
S3517,21,80.22,63.42,76.6,81.46,82.25,7.65,64.18,55.25,13.0,8.8,9,0,0,1,3,1
S3518,18,65.14,40.68,42.28,50.34,94.28,9.44,56.29,65.33,24.5,4.7,3,1,0,1,1,1
S3519,22,60.02,61.14,86.27,99.1,77.93,9.72,67.91,66.94,5.6,8.1,10,1,0,1,3,2
S3520,24,77.13,69.94,46.7,58.53,84.38,7.72,74.07,88.47,12.6,6.6,9,1,1,1,0,0
S3521,20,72.01,96.94,64.64,82.97,83.0,2.87,80.02,66.63,16.3,7.4,10,0,1,0,2,0
S3522,21,69.51,96.46,89.05,85.79,77.56,2.19,65.24,74.72,20.0,7.9,1,0,1,0,2,0
S3523,18,83.63,50.85,81.72,58.58,65.54,4.48,89.61,88.63,8.9,4.6,5,0,0,1,3,1
S3524,23,84.53,51.11,40.36,55.59,68.89,9.94,76.05,60.24,15.8,8.0,5,1,0,1,4,0
S3525,18,52.3,49.8,64.18,57.63,65.79,4.13,81.9,90.24,19.2,5.5,9,0,1,1,1,1
S3526,23,66.94,87.34,42.52,62.34,95.87,1.99,63.91,91.59,17.8,7.7,8,1,1,0,0,1
S3527,21,70.59,40.36,80.41,58.41,91.33,9.44,90.71,99.44,19.4,6.9,7,1,0,0,0,2
S3528,19,54.84,47.63,98.14,83.7,78.97,3.86,81.21,72.2,21.6,7.4,1,1,1,0,3,2
S3529,23,61.8,72.28,79.32,71.04,95.61,6.91,93.12,68.53,14.5,7.1,7,0,0,1,2,1
S3530,18,52.58,54.85,53.46,76.89,94.32,7.88,58.0,85.1,6.6,8.1,2,0,0,1,2,2
S3531,21,99.81,45.54,61.31,52.37,96.38,8.43,69.03,52.91,6.4,8.5,9,1,0,1,4,2
S3532,18,86.83,61.59,98.6,93.06,61.09,8.21,55.65,51.99,26.5,6.2,3,1,0,0,1,1
S3533,19,54.37,56.45,53.44,58.53,85.88,8.36,60.78,66.75,21.9,6.0,9,0,1,0,0,1
S3534,20,51.01,70.67,73.69,68.01,80.46,6.68,69.73,86.48,24.1,5.2,5,0,0,0,3,0
S3535,24,85.96,98.75,64.03,53.6,86.69,4.04,94.73,55.82,28.2,8.1,4,0,1,0,4,0
S3536,24,71.96,47.46,86.1,56.84,63.17,6.67,77.85,81.78,23.8,8.8,5,1,1,0,1,2
S3537,19,89.34,62.36,92.04,83.29,84.74,8.37,66.52,63.48,22.3,5.0,2,0,1,0,0,2
S3538,22,96.17,95.92,60.45,84.63,70.49,3.51,87.34,82.58,21.4,6.3,8,0,1,0,1,1
S3539,21,79.97,92.61,79.62,83.85,91.7,2.97,50.98,72.85,11.5,7.9,8,0,1,0,0,0
S3540,19,59.36,63.66,72.94,77.61,89.77,3.44,68.5,55.76,28.9,7.2,8,1,0,1,1,0
S3541,20,89.11,81.94,56.71,97.63,60.57,5.51,80.04,62.36,18.6,8.1,8,0,1,1,1,1
S3542,18,97.79,45.27,56.32,75.36,59.19,0.52,79.16,60.99,10.6,4.1,7,1,1,0,3,1
S3543,21,79.01,82.75,72.32,72.47,85.89,7.79,80.38,58.23,10.2,8.6,2,1,1,0,4,1
S3544,23,84.1,98.37,49.24,62.38,77.52,1.39,60.58,73.42,25.4,4.3,8,1,1,0,2,0
S3545,19,66.87,72.25,88.65,54.94,77.86,1.33,66.85,97.73,11.3,6.2,6,0,0,0,1,1
S3546,20,69.08,69.91,44.14,77.41,87.63,1.98,96.58,82.9,6.0,5.4,5,0,1,1,3,2
S3547,19,86.73,51.24,45.67,65.74,92.75,5.77,98.7,91.8,15.7,8.6,2,0,0,1,2,0
S3548,22,96.39,78.03,60.53,76.2,61.95,2.86,65.6,99.05,25.4,5.4,3,1,1,1,4,1
S3549,24,81.45,75.43,47.09,60.31,77.78,3.68,82.23,77.03,15.4,5.9,4,0,0,0,4,2
S3550,24,89.49,79.12,68.54,91.91,91.45,9.32,62.06,61.9,25.1,8.4,4,1,1,0,1,0
S3551,21,58.58,41.56,63.98,99.98,93.64,8.47,68.43,96.39,25.7,6.7,5,0,1,0,0,1
S3552,18,60.6,72.92,83.31,66.12,64.37,8.52,89.62,84.95,26.4,8.5,2,0,0,1,4,2
S3553,20,76.6,75.7,97.18,92.12,55.21,5.78,75.06,97.95,19.7,7.3,9,0,0,1,3,1
S3554,19,58.83,52.45,85.21,93.65,61.64,8.66,92.48,82.55,22.5,4.4,9,0,0,1,1,2
S3555,21,81.75,52.5,50.77,99.8,97.27,7.79,81.44,88.76,11.5,6.2,9,1,0,0,4,0
S3556,19,64.58,56.57,96.13,67.14,73.12,9.53,81.45,94.53,7.5,4.9,5,1,1,0,1,0
S3557,21,89.58,82.7,63.53,87.8,70.93,0.64,51.69,87.96,18.3,4.3,4,1,1,1,0,0
S3558,24,90.41,76.38,68.45,61.44,50.65,0.29,87.48,78.13,5.3,5.9,9,1,1,1,4,1
S3559,22,73.19,90.75,65.29,81.24,52.55,1.75,98.89,73.6,16.6,8.5,8,0,0,1,1,0
S3560,19,59.04,57.74,56.83,85.24,83.43,9.29,73.65,91.17,7.6,4.6,7,1,1,0,3,2
S3561,22,82.34,94.72,93.7,87.06,79.49,6.06,57.93,88.6,7.7,4.0,5,1,0,0,4,1
S3562,23,99.64,84.62,59.93,60.36,78.78,4.26,98.85,68.32,26.8,8.7,8,1,0,1,0,2
S3563,23,81.13,63.7,74.72,92.44,55.52,5.13,64.51,74.92,21.0,6.7,5,0,1,1,2,2
S3564,24,51.79,45.72,54.4,71.05,67.6,8.3,70.46,81.75,21.1,6.8,2,1,1,0,2,2
S3565,20,50.86,55.42,87.84,60.82,90.62,9.29,53.87,51.42,15.1,8.6,6,1,0,1,1,1
S3566,22,66.02,97.41,86.45,77.13,58.75,7.3,55.54,62.38,15.3,7.5,2,0,1,0,4,2
S3567,21,59.79,58.62,57.78,93.17,94.13,7.6,60.83,62.51,12.6,8.1,10,0,0,0,4,2
S3568,20,90.65,59.79,80.89,98.35,56.07,3.2,77.42,94.16,15.9,7.9,9,1,0,1,0,0
S3569,19,92.24,51.38,82.23,87.41,58.46,4.67,77.89,66.57,19.7,7.1,7,1,1,0,2,1
S3570,19,62.93,88.41,73.75,50.28,73.89,8.85,80.31,77.26,9.7,7.4,3,0,0,1,3,0
S3571,21,66.28,56.54,76.04,56.74,97.26,7.86,79.19,91.58,11.5,6.8,10,1,0,0,2,2
S3572,18,61.81,59.82,74.47,53.81,66.48,6.84,74.76,62.98,17.4,5.8,8,0,1,0,4,2
S3573,18,95.42,64.86,44.91,55.06,82.91,0.65,90.1,56.19,14.6,5.4,1,1,1,0,3,1
S3574,19,75.13,66.02,80.22,69.15,79.43,0.4,96.69,97.42,25.5,4.9,9,1,1,0,3,2
S3575,24,82.81,64.68,68.19,66.92,57.48,1.3,63.49,85.23,25.5,5.8,7,1,0,0,0,1
S3576,24,70.77,70.22,66.31,55.68,62.41,5.81,56.51,58.85,13.4,6.9,10,1,0,0,1,2
S3577,21,81.55,88.87,91.6,94.11,96.51,5.36,71.25,90.99,16.3,6.9,2,1,0,0,1,2
S3578,18,69.29,89.16,41.39,80.77,59.24,9.43,51.32,89.36,29.4,7.4,8,0,0,0,0,0
S3579,22,66.98,87.9,55.08,89.82,84.75,6.95,94.17,91.88,25.7,8.4,6,0,0,0,4,2
S3580,19,81.72,46.07,47.28,68.58,98.23,2.94,61.99,63.81,10.4,7.3,6,1,0,0,4,0
S3581,23,79.55,87.98,42.12,70.51,55.98,1.61,77.46,72.43,12.0,4.9,4,1,0,1,1,0
S3582,22,64.68,47.22,56.54,65.88,69.96,8.5,55.75,84.68,7.1,4.1,5,1,1,0,2,2
S3583,21,57.47,47.48,99.31,71.92,61.2,4.6,77.66,69.53,21.9,5.0,9,0,1,0,0,0
S3584,23,68.43,96.87,56.21,80.52,61.08,6.53,51.95,53.5,12.9,8.5,7,0,0,1,2,1
S3585,22,70.76,89.16,79.82,74.65,55.95,5.65,88.44,56.82,18.4,6.8,1,0,1,1,0,0
S3586,18,81.43,73.14,47.1,91.9,82.48,1.07,97.77,79.86,24.2,8.2,2,0,1,1,0,1
S3587,24,95.73,92.5,76.11,95.01,87.32,0.57,65.35,68.76,25.9,5.2,1,0,0,1,1,0
S3588,18,51.81,99.36,99.07,73.48,83.84,3.77,62.91,50.27,13.1,7.5,9,0,0,1,1,0
S3589,23,62.18,76.64,57.51,61.99,96.23,3.62,72.4,88.34,10.9,7.7,10,0,1,1,2,0
S3590,20,59.69,76.77,90.88,97.26,57.28,6.74,81.0,70.84,26.2,8.0,1,0,0,0,4,2
S3591,24,75.11,85.27,99.85,86.75,65.99,6.32,59.45,65.69,14.5,6.7,3,1,0,0,3,2
S3592,19,71.49,53.93,75.31,82.01,67.23,9.69,90.17,85.68,25.5,8.0,6,0,0,1,2,2
S3593,23,86.45,50.03,58.56,87.27,61.6,8.58,59.93,72.76,8.7,8.7,6,0,1,1,0,2
S3594,21,62.12,85.57,80.41,53.8,57.11,4.97,50.27,84.74,27.8,8.8,9,0,1,1,3,1
S3595,19,79.72,60.69,90.69,53.38,74.34,5.0,76.21,50.66,17.1,4.6,9,0,0,1,3,0
S3596,22,94.19,48.1,50.28,57.66,91.72,6.74,55.76,50.47,9.3,7.1,4,1,1,1,3,2
S3597,24,95.53,58.89,67.15,57.37,97.73,1.14,84.91,78.0,18.4,4.6,1,0,1,0,3,0
S3598,21,97.94,61.52,59.15,71.03,56.47,10.0,58.37,99.11,26.8,8.6,10,1,1,0,3,2
S3599,21,88.66,97.91,57.0,57.87,91.16,5.19,90.87,63.62,14.7,8.8,9,1,0,1,2,1
S3600,18,95.3,81.88,91.65,92.73,91.23,9.1,73.52,84.14,9.5,6.5,2,1,0,1,1,0
S3601,22,61.73,71.85,65.3,78.9,69.45,9.67,78.31,58.61,19.4,8.8,10,0,0,1,1,1
S3602,18,59.88,98.13,60.34,68.41,55.5,5.82,59.33,65.58,25.9,7.8,10,0,0,1,0,2
S3603,18,50.32,94.19,76.21,53.48,99.5,1.03,57.33,53.9,8.0,7.5,4,0,0,0,4,0
S3604,24,85.34,70.72,53.16,79.55,82.78,5.73,81.56,94.04,6.0,6.9,7,1,0,1,2,2
S3605,20,96.87,94.34,53.79,55.83,99.11,5.98,62.77,65.52,6.4,6.0,2,1,0,0,3,2
S3606,18,59.35,64.26,71.22,87.16,74.18,7.89,69.3,61.52,10.8,8.8,9,1,0,0,1,1
S3607,19,81.85,53.83,64.56,90.14,69.76,0.48,73.97,86.53,5.2,5.0,5,1,1,0,0,1
S3608,21,87.32,53.96,57.7,77.2,62.36,4.66,61.48,59.97,15.7,8.0,10,0,0,0,3,0
S3609,24,96.38,79.74,43.24,57.48,99.18,9.23,89.77,62.01,22.4,5.8,9,0,1,0,0,2
S3610,18,82.34,70.06,71.25,89.34,62.66,9.91,96.97,55.18,22.8,7.8,9,0,1,0,3,0
S3611,23,98.51,79.54,89.0,65.39,51.19,1.91,71.59,98.14,20.9,4.8,8,1,0,0,3,0
S3612,19,67.23,81.16,91.08,61.13,75.62,8.71,95.88,62.38,12.4,5.9,3,1,1,0,1,2
S3613,22,67.5,41.34,54.13,73.53,68.85,1.46,94.13,99.78,23.4,8.7,9,0,0,0,1,1
S3614,21,77.15,43.24,75.98,96.13,63.07,8.41,58.3,58.81,19.4,6.8,3,0,0,0,3,0
S3615,24,69.18,71.96,91.35,64.87,81.73,2.77,58.67,51.03,26.5,6.5,9,1,1,1,1,0
S3616,23,50.07,51.46,64.52,95.28,68.21,9.6,73.87,94.78,17.0,7.8,2,0,0,1,2,0
S3617,24,86.59,77.95,95.93,52.68,70.11,6.95,76.29,79.0,9.5,6.1,7,0,1,0,3,2
S3618,24,87.59,73.13,94.18,54.18,51.15,3.99,67.06,67.57,20.9,6.5,2,1,1,1,1,0
S3619,23,87.35,75.15,52.49,84.93,79.45,2.81,65.65,75.67,8.8,6.8,5,1,1,1,0,1
S3620,22,67.25,58.15,55.54,59.53,56.1,2.35,71.57,63.04,29.1,8.9,2,1,1,1,0,1
S3621,23,76.11,78.39,50.83,65.83,60.69,6.81,84.52,81.74,22.6,8.0,8,0,0,1,0,2
S3622,19,68.0,89.77,51.76,56.82,85.86,8.96,54.22,80.82,23.9,4.2,2,1,0,0,4,2
S3623,24,50.8,99.88,94.47,66.61,65.66,7.55,85.53,54.01,22.0,7.9,9,0,0,0,0,2
S3624,22,78.12,90.31,95.87,64.02,58.16,8.35,96.31,95.53,7.4,6.5,2,0,0,0,0,2
S3625,24,56.19,73.45,43.11,86.82,78.87,7.81,88.18,73.03,16.6,5.2,4,1,1,1,2,1
S3626,23,54.0,51.61,75.62,85.1,60.75,9.79,59.58,59.76,21.3,8.3,7,0,1,1,2,2
S3627,22,87.77,80.89,73.85,97.75,63.55,7.58,54.37,65.37,10.7,5.4,9,1,1,1,4,0
S3628,22,50.48,96.26,63.43,86.22,81.07,2.1,74.52,93.31,22.0,5.6,3,1,0,0,2,1
S3629,18,97.95,52.71,77.9,84.74,86.99,7.92,97.82,69.16,25.5,4.3,2,0,0,0,1,2
S3630,18,75.76,55.36,96.84,84.71,86.98,3.22,90.95,78.1,11.9,8.9,6,0,1,1,0,2
S3631,18,99.15,48.94,50.22,94.15,74.11,9.96,78.14,97.38,10.0,8.0,1,1,0,0,1,0
S3632,23,52.9,84.2,47.22,64.81,72.71,3.77,57.15,82.59,27.1,4.7,5,1,0,0,4,1
S3633,21,79.18,64.39,42.0,65.0,89.38,2.93,85.69,83.79,5.1,6.4,8,1,1,1,1,1
S3634,19,67.47,43.76,61.83,87.06,59.65,2.39,90.65,62.43,11.4,5.7,3,1,0,1,1,0
S3635,23,92.17,92.5,60.26,61.44,57.61,6.59,96.75,83.41,15.2,4.2,5,1,1,0,1,0
S3636,24,68.06,73.46,65.85,95.6,83.23,1.09,80.61,69.69,21.8,8.6,9,1,0,1,2,2
S3637,18,63.02,59.87,70.2,76.74,70.48,9.54,75.72,95.55,29.9,8.2,1,0,1,0,0,0
S3638,22,92.88,60.64,85.47,65.01,85.5,2.94,80.96,56.48,14.3,8.9,9,0,0,0,1,0
S3639,23,68.73,57.42,63.53,88.8,62.83,2.95,97.16,64.28,28.7,5.2,1,0,0,0,3,0
S3640,22,50.84,67.33,59.84,65.62,66.24,0.46,81.41,53.3,14.2,7.5,4,0,1,1,0,1
S3641,24,69.51,60.22,89.61,98.16,94.83,2.46,62.88,69.05,22.4,4.6,1,1,1,1,0,1
S3642,22,82.73,72.88,90.99,99.15,71.08,4.19,81.81,57.42,9.1,6.2,8,0,0,1,3,0
S3643,22,62.72,86.41,53.97,83.34,79.55,3.7,93.99,92.26,16.5,8.2,7,0,0,0,4,0
S3644,20,71.6,80.47,58.88,55.68,55.33,2.73,78.35,96.25,26.8,4.0,3,1,1,1,4,1
S3645,21,52.84,57.67,89.51,63.16,58.94,0.41,75.13,83.47,13.0,6.4,5,0,0,1,0,0
S3646,19,79.4,71.72,44.76,75.77,51.79,3.01,86.67,55.17,7.6,6.2,2,1,0,1,2,0
S3647,19,87.81,90.41,59.55,92.57,71.22,7.78,83.05,67.08,18.1,7.5,10,1,1,0,4,1
S3648,18,70.67,44.09,66.9,59.24,99.45,4.39,52.83,98.22,16.0,5.2,5,1,1,0,4,0
S3649,20,71.01,44.7,51.22,55.22,93.69,2.91,86.27,56.82,10.7,4.9,5,1,0,1,1,0
S3650,23,54.41,73.37,50.79,53.72,81.65,3.05,70.38,77.82,27.6,7.3,9,1,1,1,1,1
S3651,23,60.1,78.35,65.49,75.35,93.05,5.54,97.04,67.65,20.0,7.2,5,0,1,0,4,2
S3652,19,57.73,52.68,85.27,94.24,79.71,3.02,98.54,99.96,13.7,7.8,2,0,1,1,2,0
S3653,21,74.08,84.71,90.41,52.12,68.44,6.31,72.44,64.27,29.9,5.2,3,0,0,0,1,0
S3654,22,76.46,78.78,98.75,60.62,58.68,9.89,98.44,52.39,8.4,4.1,6,1,0,0,2,0
S3655,24,97.45,95.4,44.44,84.66,82.65,0.41,65.54,85.11,26.2,8.4,1,0,0,1,0,2
S3656,18,53.66,50.14,53.0,91.29,59.65,1.69,84.13,66.34,10.8,5.0,6,0,1,1,2,1
S3657,21,79.99,85.08,85.4,90.37,70.87,1.79,53.75,82.88,11.0,6.1,5,0,1,1,1,1
S3658,19,76.32,45.02,72.44,89.25,91.29,4.47,57.25,55.23,17.5,6.3,2,0,1,0,3,1
S3659,20,75.81,73.92,59.66,56.49,56.46,0.41,93.23,76.15,21.5,4.9,2,1,0,0,2,1
S3660,18,93.66,73.11,52.34,69.86,56.45,4.78,94.69,68.76,22.3,6.6,2,0,1,1,4,0
S3661,19,60.28,63.3,56.83,99.24,61.22,9.29,76.63,76.84,5.6,8.6,3,1,1,0,2,2
S3662,23,52.04,90.67,65.76,99.44,77.6,0.12,66.99,92.67,12.2,5.4,10,1,1,1,2,2
S3663,18,83.61,40.26,50.63,80.12,62.59,3.65,72.55,98.64,21.5,6.6,2,0,0,0,2,1
S3664,19,67.26,71.21,97.85,85.46,75.16,7.61,93.48,87.66,27.2,5.5,3,1,1,1,4,1
S3665,23,50.88,53.03,46.46,97.56,65.1,1.54,60.55,88.34,21.7,8.9,9,1,0,1,2,0
S3666,24,62.57,84.61,99.13,72.5,75.31,0.78,64.74,76.45,11.6,5.1,3,1,0,0,3,1
S3667,23,65.47,42.58,90.51,56.84,63.88,6.31,89.27,54.87,17.7,4.5,7,1,1,1,4,1
S3668,22,80.84,89.89,65.39,83.45,99.0,0.1,96.76,83.35,21.2,4.7,3,1,0,1,3,1
S3669,20,58.63,90.29,84.39,98.01,74.64,8.02,54.65,57.39,8.4,5.8,6,1,0,1,3,1
S3670,22,70.65,89.97,80.29,84.86,87.18,0.67,90.19,62.28,18.6,6.8,9,1,0,1,3,2
S3671,19,74.12,49.15,52.8,90.17,85.03,5.24,82.25,85.38,16.8,7.3,6,0,0,0,4,1
S3672,24,72.96,77.82,60.34,71.14,74.53,7.4,61.54,82.85,13.4,6.8,4,0,0,1,1,1
S3673,21,98.7,40.86,70.79,54.82,61.94,2.42,87.79,65.72,20.6,8.5,5,1,0,0,4,0
S3674,24,52.28,90.88,78.27,58.44,75.54,1.04,86.4,88.6,20.9,5.8,8,1,0,1,2,1
S3675,24,97.55,83.38,72.57,99.13,84.05,1.76,57.1,96.97,29.3,7.6,8,0,1,1,3,1
S3676,24,79.1,71.87,68.38,74.66,73.0,8.55,75.11,77.26,15.7,5.3,7,0,0,1,2,0
S3677,22,89.79,83.84,66.59,50.6,54.1,7.06,87.91,83.88,18.3,7.4,5,0,1,1,3,0
S3678,21,71.52,45.66,69.9,97.77,50.9,1.98,59.58,63.59,8.9,8.6,9,0,0,1,3,1
S3679,23,72.69,71.72,66.06,74.89,66.39,7.16,73.14,98.54,18.7,8.9,1,1,0,0,2,0
S3680,19,93.97,57.48,72.48,91.81,57.51,7.09,56.04,63.69,5.9,7.6,4,1,1,1,0,0
S3681,20,94.8,98.36,93.28,77.42,95.31,9.98,65.34,94.37,8.7,8.7,10,0,1,0,3,1
S3682,21,61.93,91.43,77.97,55.09,58.79,3.92,60.9,96.39,9.3,7.4,7,0,0,1,0,2
S3683,19,59.96,84.0,83.36,80.78,69.71,8.65,75.25,85.98,20.8,8.8,5,0,1,0,4,0
S3684,21,74.81,96.02,75.85,99.87,85.6,4.46,57.06,90.58,19.2,8.5,4,0,0,0,3,1
S3685,22,95.01,60.81,78.58,51.74,90.77,8.98,69.16,72.89,25.0,4.5,5,1,0,1,3,0
S3686,19,66.12,94.05,74.7,92.09,73.89,0.92,63.76,95.98,16.6,6.4,1,0,0,1,4,2
S3687,22,82.6,59.51,41.61,61.77,59.06,1.75,87.3,87.13,16.9,5.7,4,0,1,1,2,2
S3688,18,85.41,83.97,99.98,69.69,63.54,8.5,84.98,66.34,9.0,4.1,1,0,0,1,2,1
S3689,19,88.93,84.19,42.02,68.64,70.95,8.19,54.75,51.75,23.6,6.3,2,1,0,0,0,2
S3690,21,78.2,41.1,63.71,94.94,68.23,3.05,97.67,77.04,5.1,4.7,9,1,1,1,4,1
S3691,18,70.12,61.66,46.31,75.22,67.43,5.97,87.23,92.03,15.6,4.2,5,1,0,1,3,1
S3692,22,98.35,41.17,45.82,72.36,56.59,3.83,80.8,93.03,9.7,6.2,9,0,0,0,0,0
S3693,22,80.57,99.83,87.61,90.9,95.67,0.1,73.89,91.76,24.3,5.2,9,0,1,0,2,1
S3694,21,86.43,47.33,65.56,52.45,51.49,0.26,58.9,60.74,21.8,8.7,10,0,1,0,3,0
S3695,18,67.25,72.57,88.07,54.32,72.0,0.54,98.1,71.31,22.7,8.1,5,1,0,0,2,0
S3696,24,83.5,87.43,56.37,51.08,99.02,5.94,50.39,80.69,8.7,8.8,3,1,1,1,0,0
S3697,23,62.89,52.08,55.39,84.4,82.99,2.79,84.62,83.38,21.7,8.4,4,0,0,0,2,0
S3698,20,62.25,69.1,55.07,76.28,67.77,1.44,75.37,66.73,22.3,7.6,5,0,1,0,2,1
S3699,21,85.74,76.45,76.97,93.8,57.3,9.41,95.13,84.63,5.1,7.0,6,1,1,0,4,2
S3700,22,76.07,49.61,88.9,74.93,98.19,1.21,69.03,79.54,12.9,4.3,6,0,0,0,0,1
S3701,19,84.16,86.71,67.14,61.09,50.7,6.74,75.93,78.34,7.2,5.3,8,0,0,0,3,2
S3702,18,63.47,57.96,62.75,90.26,84.07,8.94,87.12,83.15,22.0,7.6,8,0,1,0,2,1
S3703,23,79.94,52.66,98.41,64.72,94.01,1.64,52.38,80.17,10.3,6.0,8,1,0,1,2,0
S3704,20,72.2,73.5,47.01,96.78,51.26,2.15,52.72,58.34,11.6,5.6,3,0,0,0,1,0
S3705,19,79.85,64.62,69.2,62.52,86.26,5.74,60.58,93.72,7.0,4.5,4,0,1,1,0,1
S3706,18,64.54,95.22,64.51,58.39,99.94,5.08,57.32,62.03,17.1,4.4,4,0,1,1,0,2
S3707,23,85.77,92.8,45.89,74.67,81.98,5.21,50.32,87.22,5.8,5.0,7,0,0,0,3,1
S3708,21,90.3,69.0,56.09,52.53,70.73,5.55,81.15,58.82,26.1,8.2,5,1,1,0,4,1
S3709,23,63.0,61.56,41.71,51.82,93.72,9.5,89.8,83.05,5.7,7.3,4,1,1,1,3,2
S3710,21,65.03,59.53,92.62,74.8,77.71,0.54,97.86,94.78,6.5,5.7,10,1,0,0,0,0
S3711,24,83.06,56.05,76.47,60.76,87.47,7.6,72.05,50.49,21.0,4.3,5,0,0,1,2,0
S3712,18,84.78,72.67,88.9,50.47,79.39,2.33,63.99,98.98,27.9,4.9,1,1,0,1,4,0
S3713,23,85.2,88.3,71.29,64.8,51.91,3.74,93.2,51.48,27.3,6.2,4,0,0,0,4,2
S3714,20,84.13,58.65,75.97,73.87,60.66,0.89,92.22,50.57,7.1,4.8,7,1,1,1,0,0
S3715,23,69.64,51.41,82.05,69.71,53.94,4.46,81.24,92.88,12.2,7.8,3,0,0,1,0,0
S3716,18,69.74,68.53,94.48,56.77,55.33,8.04,63.66,85.44,18.0,7.9,7,1,1,0,3,0
S3717,19,62.74,44.14,45.51,78.98,50.77,0.99,95.43,55.29,5.7,4.7,5,1,0,0,1,2
S3718,19,57.84,82.08,59.86,85.52,71.06,2.76,58.92,96.87,18.2,7.6,1,1,1,0,0,2
S3719,23,84.63,71.1,82.54,83.78,58.93,3.73,52.18,83.6,16.2,6.6,4,0,1,0,0,0
S3720,23,54.66,69.78,97.5,69.69,92.78,1.04,89.83,55.55,19.7,8.8,10,0,0,0,3,1
S3721,21,96.89,58.03,98.85,56.88,87.5,7.62,78.18,93.03,28.0,7.9,3,0,1,1,0,1
S3722,18,91.33,94.28,78.29,74.97,78.66,7.87,62.32,74.05,11.9,6.9,4,1,1,0,3,0
S3723,21,92.88,45.43,51.62,94.52,74.45,8.36,83.54,63.91,21.0,7.0,6,0,0,0,0,2
S3724,20,95.33,92.19,47.15,73.44,62.79,5.84,88.34,91.25,15.7,4.9,10,0,0,0,2,0
S3725,24,70.43,62.6,96.76,59.78,73.75,5.07,92.23,86.92,15.9,8.5,4,0,0,1,0,0
S3726,19,92.34,92.84,66.04,54.65,82.06,2.63,64.11,81.15,21.2,6.8,7,0,1,1,1,1
S3727,22,57.9,83.73,51.69,97.2,89.11,6.55,51.28,94.93,28.8,6.9,8,0,1,0,4,1
S3728,22,51.08,46.25,96.03,87.15,54.08,4.45,75.5,93.06,26.6,6.9,3,0,1,1,3,0
S3729,18,89.24,89.89,46.27,65.65,85.42,9.71,92.8,61.34,21.0,5.4,3,1,1,1,1,0
S3730,18,53.74,80.93,83.77,64.77,87.14,9.68,60.39,93.93,16.5,8.1,2,1,1,1,3,2
S3731,22,99.43,41.94,77.52,94.76,77.95,9.05,71.06,68.7,15.6,8.3,6,0,1,1,1,1
S3732,18,83.74,48.02,45.26,58.88,60.72,3.6,62.82,71.59,24.7,5.4,6,1,0,1,3,0
S3733,19,87.67,78.14,60.32,76.75,76.96,3.68,50.67,98.62,10.5,6.2,1,1,0,1,3,1
S3734,20,62.29,79.76,49.0,85.68,75.14,8.53,94.93,87.99,19.7,4.9,9,0,1,0,4,1
S3735,20,83.69,84.8,76.27,69.82,73.79,7.29,56.75,66.07,17.6,5.2,2,0,0,0,0,0
S3736,21,52.16,83.21,68.63,52.0,73.03,7.04,88.34,82.4,21.2,5.7,4,1,0,0,3,1
S3737,19,91.89,79.57,40.26,61.39,55.54,2.8,67.33,76.97,9.7,8.5,9,0,0,1,3,0
S3738,24,58.48,85.97,98.54,95.09,59.14,8.33,63.88,55.83,22.4,7.1,7,1,1,0,4,0
S3739,18,84.87,74.51,60.98,76.16,54.87,5.79,97.05,94.39,20.7,6.9,3,1,1,0,3,2
S3740,18,61.22,55.65,55.49,90.77,62.12,4.47,82.86,91.09,9.5,8.7,10,1,1,0,3,1
S3741,24,53.42,94.74,53.35,77.78,63.17,8.65,84.35,88.89,16.2,8.0,2,0,0,0,2,2
S3742,21,74.07,41.09,49.53,97.18,62.25,3.94,87.98,77.96,22.0,4.1,9,1,0,0,2,1
S3743,21,58.46,61.99,99.95,95.46,60.55,6.54,67.05,61.04,27.5,4.6,2,0,1,1,2,2
S3744,18,86.47,83.73,57.71,74.14,86.77,4.66,78.18,94.19,8.1,5.2,4,0,0,0,4,0
S3745,18,61.88,65.63,64.33,65.91,90.93,5.93,63.51,67.65,5.2,5.5,2,0,1,0,3,1
S3746,24,67.12,41.49,92.28,80.08,66.36,0.41,91.73,51.01,9.1,8.2,7,0,1,1,4,2
S3747,19,78.37,43.96,78.51,83.74,65.26,4.61,79.97,99.09,29.7,7.8,6,0,0,1,4,0
S3748,24,64.25,78.92,62.12,74.92,92.2,5.56,62.17,93.06,24.2,4.7,8,1,0,1,1,0
S3749,21,68.9,97.89,93.9,91.11,81.2,4.93,94.99,81.13,20.4,6.7,3,0,0,0,0,1
S3750,24,90.78,73.11,84.98,59.17,64.67,8.47,79.04,50.62,8.3,4.5,7,0,1,0,1,1
S3751,24,58.96,70.41,53.67,66.72,85.68,3.11,74.75,61.39,15.4,4.9,8,0,0,0,0,2
S3752,24,54.11,59.1,78.62,84.32,67.23,8.84,51.72,72.6,22.9,5.2,1,0,0,0,1,0
S3753,19,66.42,55.4,95.34,62.33,79.33,4.03,95.49,81.4,27.4,8.5,8,0,0,1,3,0
S3754,23,71.22,41.26,69.79,71.99,99.63,6.95,97.61,85.41,14.5,5.8,1,1,0,1,4,1
S3755,18,77.13,56.38,84.02,98.19,65.08,0.87,78.13,89.41,30.0,8.6,6,0,1,1,1,0
S3756,22,68.62,66.95,98.27,81.29,96.53,2.0,72.13,77.78,8.5,7.8,2,0,0,1,1,2
S3757,24,89.5,51.88,81.42,97.45,66.03,7.61,67.98,82.81,14.7,7.7,9,1,1,0,3,0
S3758,22,51.97,45.24,46.15,86.12,77.01,0.12,63.4,90.56,26.9,8.0,10,0,1,0,4,0
S3759,23,71.59,83.06,54.67,86.23,73.0,9.69,78.73,85.99,21.2,4.5,10,1,0,1,0,0
S3760,18,69.11,93.68,75.71,79.59,89.16,1.91,56.4,97.74,25.3,8.1,10,1,0,1,1,2
S3761,21,82.38,96.21,56.53,57.11,53.05,9.01,95.96,93.73,27.7,5.3,3,1,1,1,0,1
S3762,22,98.31,77.08,97.45,75.99,81.36,5.16,58.8,58.47,17.7,8.9,4,1,1,1,2,1
S3763,21,75.52,43.17,64.32,62.63,88.03,5.65,87.28,97.37,10.9,8.2,10,0,0,1,1,0
S3764,22,99.34,84.45,67.43,99.93,73.61,0.84,65.34,60.21,22.3,9.0,5,0,0,0,4,0
S3765,21,65.11,46.61,82.1,63.35,55.26,3.65,61.3,99.56,19.1,8.7,3,1,1,1,2,2
S3766,24,51.54,80.18,71.45,61.53,62.24,1.56,77.89,85.07,24.3,5.8,7,1,0,1,2,2
S3767,22,58.28,86.76,62.93,81.19,83.98,5.26,88.26,81.38,17.8,8.7,2,0,1,0,1,2
S3768,21,69.76,83.55,44.6,75.55,94.77,5.51,86.34,66.22,25.3,5.7,7,1,0,0,1,0
S3769,23,65.82,97.11,75.79,51.07,71.08,7.1,61.69,56.66,27.6,7.3,5,1,0,1,2,1
S3770,19,54.85,84.29,92.05,56.48,78.02,8.78,66.53,56.31,23.7,8.1,9,1,1,0,1,1
S3771,21,71.63,81.59,81.15,90.55,61.42,4.68,93.44,93.33,23.6,5.9,2,0,1,0,4,0
S3772,19,66.91,55.7,62.89,74.18,70.61,2.33,86.16,71.62,19.7,5.0,9,1,1,0,4,0
S3773,19,56.13,95.49,47.66,57.3,66.84,3.34,85.63,77.99,16.8,8.5,9,0,1,1,2,2
S3774,18,64.81,50.77,88.98,73.26,82.78,8.47,63.45,96.59,29.3,4.5,8,0,1,0,1,1
S3775,24,94.32,94.29,96.5,62.66,99.23,1.46,89.6,62.77,21.1,5.8,5,0,1,1,2,1
S3776,23,65.1,58.76,63.3,61.18,90.67,6.27,67.92,88.2,26.0,6.7,3,1,0,0,4,0
S3777,19,85.7,47.81,83.72,97.89,59.61,0.13,70.07,73.52,17.6,8.0,10,1,0,1,1,0
S3778,20,80.6,89.6,64.65,68.1,78.88,2.46,64.38,60.64,18.9,8.3,1,0,0,1,4,0
S3779,24,71.36,40.15,70.14,52.32,53.32,5.91,56.07,92.65,21.6,6.6,10,0,0,0,1,2
S3780,19,61.95,89.93,90.19,98.52,62.35,4.56,71.02,84.0,23.2,6.9,3,0,1,0,3,1
S3781,21,68.45,55.74,45.01,89.74,58.61,4.94,50.85,54.75,16.2,8.3,6,1,1,0,4,1
S3782,19,79.61,93.08,71.82,62.72,66.78,6.61,72.8,77.09,13.9,6.3,4,1,1,1,0,0
S3783,21,67.54,81.49,52.88,70.44,83.94,2.35,86.25,92.59,11.0,6.8,6,0,1,1,1,2
S3784,21,60.74,79.97,60.39,93.11,74.97,2.81,98.04,53.35,15.6,4.1,4,0,0,0,3,1
S3785,20,55.82,61.92,78.67,67.87,96.65,6.84,53.93,70.81,10.3,8.8,9,1,0,0,3,0
S3786,19,93.99,43.56,41.63,78.37,60.64,5.38,64.06,90.26,15.4,6.8,8,0,0,0,3,0
S3787,19,72.02,89.8,75.63,76.74,68.21,0.15,74.71,92.92,26.9,7.6,10,1,0,1,4,0
S3788,22,81.26,50.25,57.01,70.06,66.49,6.7,58.52,88.77,29.4,5.2,6,1,1,1,0,1
S3789,24,74.52,62.34,80.17,81.98,61.8,6.2,55.84,65.29,19.4,7.3,10,0,0,0,3,2
S3790,22,93.63,76.02,48.49,73.66,99.66,0.79,72.62,75.35,8.7,6.3,8,0,1,1,2,2
S3791,18,77.35,68.94,84.15,51.06,69.36,7.48,79.04,87.06,15.7,4.6,7,1,0,0,1,0
S3792,21,74.04,51.92,78.74,90.72,97.03,5.22,91.01,57.63,20.1,8.2,5,1,0,0,1,2
S3793,20,96.23,48.44,98.27,55.66,69.52,2.05,99.89,79.75,14.3,8.2,9,1,1,1,0,2
S3794,22,85.98,47.39,94.67,73.2,60.2,5.59,88.71,86.02,10.1,4.3,4,1,0,0,0,0
S3795,19,55.58,91.78,57.0,79.0,55.96,5.95,61.07,92.5,10.7,6.0,4,1,1,0,4,1
S3796,18,58.89,41.89,41.64,85.28,92.78,9.2,87.4,55.58,16.8,5.4,10,0,0,0,2,2
S3797,20,89.36,98.62,79.32,70.54,51.6,7.42,76.86,66.48,10.4,6.6,9,1,1,0,1,1
S3798,23,91.79,51.91,76.17,86.78,98.22,3.02,72.54,77.08,11.2,6.4,4,1,0,0,3,2
S3799,19,77.26,46.62,41.65,56.57,70.91,1.18,96.79,85.05,26.8,7.3,4,1,1,1,3,0
S3800,19,77.72,74.62,47.36,82.67,62.37,8.53,85.1,86.5,24.5,5.2,8,0,0,0,1,1
S3801,23,81.6,44.8,75.08,91.32,80.87,8.46,84.08,62.66,6.4,5.1,6,0,0,0,2,1
S3802,21,71.96,76.15,94.71,94.47,56.65,1.75,50.59,50.69,13.0,7.6,7,1,1,1,2,2
S3803,21,84.01,91.04,94.39,78.98,53.61,0.62,93.25,84.69,18.3,8.9,4,1,0,0,3,1
S3804,22,55.42,42.87,49.09,65.64,91.39,7.12,89.67,95.46,6.5,8.7,1,0,1,1,1,2
S3805,22,98.06,87.99,63.07,58.17,71.23,7.23,64.95,89.88,22.1,8.0,4,0,0,0,3,1
S3806,19,87.51,63.67,42.59,67.28,75.91,1.77,64.61,81.12,14.6,4.3,4,0,1,1,4,2
S3807,24,81.56,49.57,68.16,77.0,58.83,6.68,52.67,98.88,14.9,5.2,2,0,1,1,1,2
S3808,19,65.82,50.57,85.19,59.82,53.07,2.79,52.54,71.66,11.6,7.4,8,1,0,1,2,0
S3809,22,58.05,95.13,87.4,97.63,68.39,2.61,83.43,76.25,13.3,5.5,5,0,0,0,3,0
S3810,23,70.47,46.64,69.94,94.86,75.31,3.25,59.31,50.61,26.5,6.0,9,1,0,1,0,2
S3811,22,83.08,92.01,45.75,51.65,88.27,5.2,96.18,97.3,24.7,8.8,5,1,0,1,0,2
S3812,19,81.69,72.65,62.88,78.1,75.05,8.04,92.12,79.17,28.4,4.4,4,0,0,1,4,2
S3813,20,69.13,42.34,95.93,89.47,89.13,4.99,67.44,69.54,22.5,8.3,3,0,1,1,0,0
S3814,19,80.66,67.87,53.78,62.27,55.77,2.98,69.0,52.23,19.4,4.3,10,0,0,1,4,0
S3815,20,90.69,89.05,59.19,76.19,53.2,8.84,66.36,68.12,11.5,5.7,10,0,0,0,4,1
S3816,20,51.31,83.57,84.81,70.3,57.94,0.55,54.62,50.18,21.7,6.8,1,1,1,1,2,2
S3817,19,72.53,69.33,84.01,59.83,88.6,7.97,51.57,66.22,27.7,5.8,7,1,1,0,2,1
S3818,24,87.93,91.6,94.73,80.74,87.97,7.84,72.61,97.57,6.7,8.8,9,1,0,1,1,0
S3819,24,77.31,47.22,63.29,99.68,57.07,2.54,97.15,57.71,16.1,6.5,2,0,1,1,3,2
S3820,18,82.57,94.6,70.88,68.26,51.55,1.98,95.86,77.27,8.7,7.7,4,1,1,0,0,1
S3821,22,75.83,90.79,68.04,77.62,84.26,8.75,90.49,59.33,25.3,7.5,8,0,1,0,3,1
S3822,24,99.59,82.5,95.67,66.39,92.76,5.59,81.43,89.17,20.4,8.2,9,1,0,0,3,2
S3823,21,52.73,89.07,86.16,93.85,87.71,0.46,92.81,78.12,27.0,8.3,9,0,0,0,4,1
S3824,19,74.55,72.63,89.89,93.23,60.14,8.91,75.75,60.11,6.6,6.3,6,1,0,0,0,1
S3825,20,54.57,80.51,47.99,58.94,79.19,3.49,59.01,93.31,27.6,8.3,2,1,0,0,2,0
S3826,19,57.99,73.64,87.51,95.0,87.87,3.42,84.21,89.2,6.7,7.3,1,0,1,1,3,0
S3827,22,69.15,61.33,65.98,57.58,62.79,6.43,96.03,97.57,12.2,7.4,4,1,1,0,4,1
S3828,23,57.78,74.13,41.4,54.77,76.39,6.61,50.98,50.03,8.9,4.9,6,1,1,0,2,1
S3829,24,98.18,55.45,43.61,82.65,65.72,3.53,62.57,72.86,8.6,5.2,2,0,1,0,4,2
S3830,24,97.34,66.42,80.67,69.3,61.28,1.43,63.27,99.99,9.3,7.4,6,0,0,1,3,0
S3831,24,66.81,56.85,62.32,76.54,98.48,5.52,54.95,90.56,17.0,5.3,1,0,0,0,3,2
S3832,20,81.99,47.37,92.09,82.63,95.63,6.25,61.27,91.56,24.6,6.5,6,0,1,1,3,2
S3833,21,76.69,59.31,84.06,52.64,72.28,8.6,69.2,81.06,27.5,6.4,5,0,1,1,0,0
S3834,21,90.78,91.12,41.3,64.65,56.84,4.84,96.99,85.64,19.2,5.2,2,1,0,0,0,1
S3835,24,81.37,62.86,81.21,73.05,86.4,6.46,93.01,90.27,8.9,6.8,4,0,1,0,3,1
S3836,21,50.01,84.88,51.54,63.33,62.79,0.54,97.3,54.61,7.0,6.8,9,1,1,0,0,2
S3837,23,88.16,50.51,65.35,52.45,58.43,8.95,56.03,84.63,17.4,4.6,2,1,1,1,4,2
S3838,24,87.34,65.47,77.48,54.33,69.08,3.27,51.4,90.77,24.1,5.9,5,0,1,0,4,1
S3839,18,75.49,46.89,92.36,90.09,76.49,6.32,55.49,52.04,20.5,5.8,3,1,1,0,1,2
S3840,20,95.15,48.32,67.37,95.57,54.87,9.16,95.71,64.85,19.6,6.8,2,1,0,1,2,1
S3841,23,95.42,77.05,88.51,57.61,78.59,8.11,57.87,66.2,6.2,7.7,10,0,0,1,4,0
S3842,20,76.2,76.45,86.98,62.46,50.77,6.38,78.63,92.73,15.3,4.1,8,1,0,0,2,0
S3843,24,80.4,52.8,64.87,82.61,94.59,7.04,61.38,89.02,18.8,4.7,10,0,1,0,1,1
S3844,23,99.83,68.47,70.06,97.71,96.04,9.21,51.03,82.82,20.0,5.5,9,0,0,1,1,2
S3845,24,64.94,91.8,82.03,64.98,86.65,8.12,54.23,90.24,5.1,8.1,6,0,1,1,2,0
S3846,23,66.23,50.45,41.87,92.76,73.33,6.1,85.49,72.67,10.0,6.4,5,1,1,0,3,1
S3847,24,59.14,41.15,93.45,75.3,62.74,6.59,59.12,93.74,28.7,6.6,7,1,0,1,2,1
S3848,18,94.79,79.12,86.19,97.83,87.21,1.47,61.46,61.71,17.7,6.0,3,1,1,1,4,2
S3849,20,87.22,43.21,54.96,56.81,96.59,4.7,68.86,85.23,22.6,6.1,6,1,0,1,2,2
S3850,23,55.28,98.8,98.87,98.68,57.93,3.01,82.86,62.09,12.7,8.9,7,0,0,0,4,2
S3851,18,99.09,76.58,50.76,72.05,73.29,4.32,73.47,51.99,19.6,8.5,1,1,1,0,4,0
S3852,19,86.55,68.22,94.85,97.65,65.76,6.62,97.23,64.21,13.9,7.6,4,0,0,0,4,0
S3853,24,92.53,65.8,59.47,72.93,67.84,1.49,71.71,74.65,12.4,5.6,7,1,0,0,3,0
S3854,22,52.41,74.38,85.79,76.5,70.29,0.17,59.96,92.17,15.3,6.6,10,1,1,0,3,1
S3855,23,75.25,45.44,67.38,90.24,97.59,3.97,76.81,75.44,16.5,7.4,6,1,1,0,1,1
S3856,21,84.93,95.8,84.19,86.13,62.93,3.22,72.54,58.96,13.3,6.0,10,1,1,1,0,1
S3857,18,77.15,77.54,49.35,80.98,74.63,4.2,89.36,99.64,11.4,6.6,2,1,0,0,3,0
S3858,18,83.33,51.04,56.17,70.85,97.57,9.31,96.76,63.5,20.6,4.7,8,0,0,1,3,1
S3859,23,90.89,73.75,45.99,89.62,73.8,7.07,91.81,99.26,14.5,4.5,7,1,0,1,1,1
S3860,18,68.72,48.0,91.91,97.41,93.18,3.27,69.45,96.82,10.0,4.8,2,1,0,0,1,0
S3861,19,92.43,41.05,57.78,50.49,52.94,1.79,60.81,77.12,24.0,7.8,9,1,1,1,1,1
S3862,18,58.15,77.83,81.67,79.39,97.65,6.18,95.72,54.6,23.1,4.9,6,1,1,1,2,0
S3863,22,63.54,78.91,89.21,93.3,59.38,6.58,69.3,84.77,27.2,8.6,2,0,0,1,4,1
S3864,22,52.17,75.02,94.09,82.66,99.0,4.84,88.51,92.29,18.9,5.8,5,1,0,1,3,2
S3865,24,68.22,51.01,46.38,90.04,58.78,2.13,99.48,72.27,12.0,4.8,1,0,1,0,4,0
S3866,24,69.0,76.21,93.58,94.75,72.22,0.29,78.87,61.95,26.6,8.1,2,1,0,1,0,1
S3867,21,90.26,43.39,51.84,87.55,65.43,2.66,73.99,90.14,12.0,6.3,9,0,1,0,1,1
S3868,19,82.66,76.55,84.21,85.85,71.66,4.57,84.99,77.25,21.4,5.9,10,0,1,1,0,2
S3869,22,71.84,73.24,83.73,98.24,62.53,7.88,59.7,59.88,9.8,5.6,1,0,1,0,1,2
S3870,23,82.61,79.32,40.51,93.18,98.27,8.54,74.41,97.48,20.7,5.7,4,0,0,0,1,1
S3871,20,52.64,93.73,53.24,90.77,65.29,4.13,65.62,97.4,26.0,7.3,9,0,1,0,0,2
S3872,20,59.01,91.02,69.51,54.32,82.66,7.96,58.21,68.35,18.5,6.7,4,1,0,0,4,2
S3873,20,81.35,98.84,65.2,61.95,56.87,9.93,80.51,53.2,16.8,6.3,10,0,1,1,0,2
S3874,24,82.07,98.57,95.11,77.84,91.22,7.17,78.79,81.54,29.8,6.2,1,1,0,1,2,2
S3875,23,88.71,86.34,61.58,85.48,77.13,7.29,88.06,65.86,5.6,4.7,5,0,1,1,3,1
S3876,18,70.15,97.39,96.22,65.16,98.97,9.1,93.65,53.32,13.3,8.1,6,0,0,1,3,2
S3877,23,86.13,92.04,67.57,54.67,71.17,3.38,61.02,94.59,28.0,8.6,1,1,0,1,4,2
S3878,18,84.2,83.65,97.86,65.55,59.77,0.11,88.99,99.91,21.1,8.0,8,0,1,1,4,0
S3879,20,98.17,44.52,84.24,88.55,67.3,9.87,68.37,67.52,18.6,6.3,1,0,1,0,4,2
S3880,21,60.76,42.94,89.76,93.87,86.85,4.9,81.44,87.24,20.9,8.9,6,0,1,0,0,1
S3881,21,77.58,90.26,46.29,95.65,82.96,7.86,92.51,53.29,13.0,7.1,9,0,1,1,0,0
S3882,18,80.09,69.38,75.17,68.94,88.92,8.12,62.81,68.49,6.8,7.9,3,1,1,1,0,2
S3883,20,99.93,88.88,48.56,68.63,53.67,3.98,80.05,55.44,11.9,7.7,5,0,0,1,1,0
S3884,23,60.06,58.78,57.86,70.34,79.02,5.41,74.02,52.77,13.4,7.5,1,0,0,0,0,0
S3885,21,76.16,63.86,77.41,68.79,96.61,5.4,89.53,79.44,17.0,7.2,1,1,0,1,3,1
S3886,18,67.31,82.01,83.57,83.31,55.4,2.2,84.86,90.1,14.8,5.1,2,1,0,1,3,1
S3887,23,76.29,94.92,42.35,67.92,54.72,1.18,88.48,72.65,18.0,5.5,6,0,1,1,1,2
S3888,20,61.61,45.27,71.86,51.02,85.83,5.44,64.4,76.21,9.9,8.4,7,0,1,1,0,0
S3889,19,52.38,91.69,73.92,71.95,65.76,1.2,85.22,63.54,9.6,4.9,5,1,1,1,0,0
S3890,20,78.63,87.58,44.73,61.21,82.93,3.46,80.29,86.82,13.8,4.8,1,0,1,1,2,0
S3891,24,66.79,58.93,70.04,51.44,77.27,1.86,72.83,68.05,16.8,5.4,1,1,1,1,2,1
S3892,20,59.1,61.31,82.83,73.54,99.3,7.07,68.92,53.37,13.5,5.8,1,0,0,0,3,1
S3893,23,66.2,42.79,43.19,60.3,94.45,8.72,66.58,58.28,19.4,6.8,3,1,1,1,4,1
S3894,23,52.46,40.94,85.62,72.64,83.9,5.78,50.48,56.42,12.8,7.0,4,1,0,0,3,1
S3895,22,97.52,68.62,74.59,63.89,63.08,4.1,58.48,71.79,9.4,8.0,8,1,0,1,1,2
S3896,22,79.06,45.73,89.99,80.19,63.1,9.97,52.95,53.26,26.6,4.4,9,0,1,1,0,2
S3897,23,90.74,51.64,53.08,99.54,94.11,0.21,92.42,90.32,10.0,5.0,5,0,1,0,2,0
S3898,23,71.16,90.81,90.0,77.36,79.27,3.04,93.0,95.4,29.2,6.5,4,0,0,0,3,2
S3899,19,95.17,74.26,45.67,82.34,89.46,2.79,92.31,62.42,29.7,5.3,10,0,0,1,1,0
S3900,19,74.17,78.02,64.23,95.96,72.49,3.56,90.9,74.28,22.4,8.4,9,1,0,0,4,0
S3901,20,78.7,51.25,51.97,68.7,55.15,2.31,61.07,75.95,17.6,7.2,6,1,1,0,3,1
S3902,24,74.59,89.72,92.56,58.33,66.63,2.64,74.59,99.25,24.9,6.5,3,1,1,1,0,1
S3903,21,86.66,92.08,82.3,64.14,58.06,2.58,95.39,53.28,26.8,4.0,7,0,1,0,0,2
S3904,24,78.33,71.4,41.52,70.14,89.09,5.06,87.99,83.39,22.7,8.3,9,0,0,0,2,2
S3905,19,63.58,94.75,40.57,82.25,85.03,3.91,50.09,67.29,7.6,6.3,10,0,0,1,1,2
S3906,20,57.28,90.69,57.47,50.23,54.42,6.39,72.97,75.09,5.1,6.7,2,1,0,1,4,0
S3907,24,80.31,83.88,48.6,92.67,81.07,5.14,50.53,60.85,9.8,7.5,9,0,1,1,4,0
S3908,18,74.46,84.04,77.82,53.8,93.71,1.83,64.03,58.01,9.7,8.7,2,0,0,0,1,1
S3909,22,54.8,46.32,79.83,95.03,84.87,8.1,71.79,62.18,9.6,4.8,5,1,1,1,2,2
S3910,24,69.78,56.25,96.52,97.47,75.56,4.72,94.64,53.56,17.7,4.4,1,1,1,1,0,1
S3911,21,75.74,44.01,97.12,99.51,65.59,1.53,82.72,63.9,18.0,4.6,2,0,1,0,4,2
S3912,20,91.34,40.52,79.53,90.48,94.35,1.67,68.12,84.52,23.1,7.7,7,1,1,1,1,2
S3913,24,53.81,49.5,40.34,57.09,71.14,7.97,74.53,82.57,10.0,4.6,4,0,1,0,2,1
S3914,23,67.42,92.83,61.54,85.31,92.77,7.03,90.87,77.72,7.3,6.5,7,1,0,0,0,0
S3915,18,91.13,54.39,70.79,60.17,89.15,5.07,64.98,50.02,21.7,7.5,4,1,1,0,1,2
S3916,22,82.42,98.21,69.95,94.86,90.81,3.06,80.75,56.29,17.1,7.6,1,1,1,0,2,1
S3917,18,64.5,75.84,76.2,65.83,99.49,4.61,63.11,92.14,21.7,6.0,6,0,0,0,3,2
S3918,20,92.27,54.24,97.63,66.34,87.44,6.36,74.0,63.59,14.5,7.5,9,0,0,0,1,0
S3919,19,74.66,69.83,93.11,95.88,51.7,8.79,51.23,95.61,23.8,8.8,6,0,0,0,4,1
S3920,22,74.92,53.15,46.53,50.66,60.27,5.56,92.61,93.73,22.1,4.1,7,1,1,1,1,0
S3921,18,98.83,99.04,55.96,59.7,51.76,2.77,52.42,57.75,21.3,7.4,7,1,1,0,0,2
S3922,19,97.36,90.84,89.99,71.1,59.5,0.43,61.22,94.91,5.7,6.6,1,1,1,1,1,0
S3923,21,67.93,41.57,89.46,85.04,53.07,1.75,66.68,81.39,26.5,5.1,2,1,0,0,0,2
S3924,20,57.03,96.87,56.52,82.38,75.08,6.5,81.26,81.51,14.4,5.5,1,0,1,1,2,2
S3925,20,66.28,83.26,83.84,83.47,51.41,1.6,86.0,92.63,8.4,8.2,1,0,0,0,3,2
S3926,22,51.52,44.94,80.32,94.0,73.63,4.82,54.02,70.25,23.9,6.9,8,0,0,1,0,1
S3927,18,51.04,80.24,68.41,56.05,94.94,6.99,52.17,86.76,17.2,4.1,4,1,1,1,2,0
S3928,21,69.78,78.82,52.09,76.11,87.43,3.08,89.95,83.39,5.8,8.8,10,1,0,0,2,0
S3929,23,97.05,53.13,93.32,86.27,97.2,6.69,85.61,88.58,24.5,7.3,8,0,0,1,3,1
S3930,22,93.57,85.51,80.67,81.81,61.33,5.81,91.58,83.01,15.9,6.2,5,1,1,0,4,1
S3931,23,75.57,45.22,50.14,72.42,76.55,4.39,83.83,54.0,23.9,7.6,1,0,1,0,4,0
S3932,22,78.26,69.37,82.29,50.86,65.93,8.97,87.55,64.64,23.9,5.0,9,1,1,0,1,2
S3933,18,50.3,40.6,84.49,53.02,74.69,6.92,68.95,97.0,7.5,5.3,3,1,1,1,4,0
S3934,21,60.78,98.12,93.21,55.95,77.85,3.61,79.51,61.17,20.3,4.8,7,0,1,1,1,2
S3935,18,51.24,85.09,53.37,67.16,51.81,8.04,90.27,73.61,14.0,6.0,7,0,1,0,0,2
S3936,20,87.73,49.53,99.33,55.88,61.66,7.38,58.61,67.85,18.7,8.5,10,1,1,1,0,0
S3937,23,57.28,60.5,49.2,71.3,85.24,7.92,71.14,54.31,7.2,5.9,10,0,0,0,1,1
S3938,19,93.45,49.63,76.04,58.93,88.65,6.41,87.02,59.06,19.7,5.4,4,0,0,1,3,1
S3939,24,82.17,86.0,79.43,88.96,78.47,3.79,76.63,64.33,24.4,7.5,8,1,0,0,3,2
S3940,20,61.47,43.53,65.14,93.57,63.54,3.49,84.08,73.17,29.7,8.3,8,1,1,0,4,0
S3941,20,57.89,90.42,68.5,69.48,70.25,6.54,64.64,93.73,13.0,5.2,2,1,1,0,0,0
S3942,23,81.38,96.53,93.45,75.57,54.8,1.31,51.62,75.78,8.9,8.0,8,0,0,1,0,1
S3943,22,95.04,80.6,78.72,97.67,97.66,8.2,51.46,82.6,14.1,5.5,5,1,1,1,3,0
S3944,20,85.92,52.78,69.82,76.78,93.43,3.7,97.14,71.3,5.5,5.2,2,1,0,1,2,1
S3945,24,67.43,61.61,47.7,99.75,53.28,6.3,97.23,93.5,15.2,6.4,6,1,1,0,3,2
S3946,21,79.37,68.63,40.44,57.11,58.32,4.99,60.56,83.13,27.9,4.3,8,1,1,1,3,0
S3947,20,65.54,76.28,47.5,93.11,79.05,5.19,57.37,54.53,9.9,8.3,4,1,1,1,2,0
S3948,21,99.96,80.12,97.37,74.86,61.62,7.38,50.91,73.88,16.9,8.4,10,0,1,1,4,1
S3949,18,87.44,73.25,85.85,51.14,96.72,6.27,61.56,91.36,19.3,7.4,9,1,1,1,1,2
S3950,22,80.72,61.08,98.03,98.61,87.78,2.5,66.72,86.68,9.5,5.5,8,1,0,1,4,2
S3951,21,71.16,93.46,42.14,98.25,63.66,0.74,62.06,95.27,13.3,4.8,7,0,0,0,2,1
S3952,20,80.91,44.88,80.81,69.16,50.31,8.4,89.87,61.38,27.8,7.5,7,1,0,1,2,2
S3953,22,67.08,67.98,42.66,97.71,89.97,8.85,87.47,98.86,12.4,4.5,8,1,0,1,4,0
S3954,24,51.44,86.53,86.92,57.05,71.2,1.64,54.05,64.25,20.9,6.1,7,0,0,0,1,0
S3955,22,69.75,43.65,62.86,84.01,82.12,3.09,84.87,52.51,8.4,4.4,1,1,0,0,4,1
S3956,21,96.52,82.32,45.75,59.6,64.35,2.82,76.03,74.78,21.7,6.1,5,0,1,0,0,2
S3957,21,81.32,89.18,74.08,62.33,57.14,9.37,56.61,55.52,12.0,4.7,2,1,1,1,0,2
S3958,19,54.2,79.65,56.81,88.97,83.77,2.05,86.98,84.07,10.8,4.2,5,0,1,0,0,0
S3959,19,94.25,40.78,79.57,68.87,72.52,1.67,54.3,95.03,8.1,6.2,5,0,1,1,1,1
S3960,22,63.44,50.81,79.49,50.36,61.76,1.82,58.86,96.07,6.2,6.8,6,1,0,0,1,1
S3961,23,62.19,60.53,82.3,70.71,56.88,7.3,57.46,80.35,29.2,6.2,6,0,1,1,2,0
S3962,23,64.85,54.02,99.55,61.4,79.02,8.88,96.95,76.76,15.3,4.9,6,0,1,0,3,0
S3963,19,78.86,97.76,63.2,84.17,86.28,3.93,84.91,99.7,24.4,4.4,7,1,1,1,1,2
S3964,20,77.23,79.1,67.92,59.72,64.19,1.36,70.56,78.97,28.0,4.6,2,1,0,0,3,1
S3965,18,74.57,57.82,88.28,92.11,86.76,5.86,91.11,96.37,10.1,7.6,4,0,0,0,0,0
S3966,22,85.88,95.78,74.7,63.35,59.16,2.1,60.8,95.83,26.7,4.1,5,1,1,1,0,1
S3967,18,65.83,84.44,42.24,69.65,66.92,0.64,96.55,64.48,22.7,8.3,10,0,0,1,3,1
S3968,19,89.1,57.08,90.58,64.9,87.24,8.86,84.85,50.69,19.4,8.2,7,0,0,1,4,2
S3969,21,58.77,62.73,43.09,82.2,83.01,8.71,77.98,71.96,25.2,8.4,2,1,0,0,2,0
S3970,24,89.13,51.97,50.25,55.06,63.53,9.76,89.73,93.07,7.8,8.4,8,1,1,1,2,2
S3971,22,83.19,98.26,46.12,73.9,56.11,4.74,82.24,91.81,11.6,7.3,2,0,0,0,4,0
S3972,19,84.16,71.04,44.68,66.72,52.12,2.94,94.36,80.18,8.3,8.2,5,1,1,1,3,0
S3973,20,74.08,93.76,41.54,94.21,91.9,7.7,91.46,57.83,27.4,7.7,9,1,0,1,3,1
S3974,24,83.35,60.79,43.3,53.67,53.76,1.8,59.89,55.38,7.5,5.5,2,0,0,0,1,0
S3975,22,53.99,91.65,66.55,91.48,55.74,2.43,61.98,97.73,29.5,7.8,2,0,0,1,0,1
S3976,22,92.58,43.23,55.17,58.38,61.89,2.56,53.25,71.07,7.7,7.1,2,0,1,0,0,0
S3977,23,52.78,98.93,47.59,54.43,72.28,9.52,61.01,82.41,21.5,4.1,7,0,0,1,3,0
S3978,21,57.44,94.72,79.52,60.12,89.49,7.3,67.17,95.29,21.5,7.9,5,0,1,1,1,1
S3979,22,78.84,61.79,53.57,55.13,62.37,1.34,51.44,93.49,28.3,8.4,9,0,1,1,1,2
S3980,21,86.97,86.48,41.14,76.05,77.18,0.93,65.75,78.35,13.1,6.6,4,1,0,0,2,1
S3981,19,53.81,85.14,65.11,99.41,54.52,8.43,88.58,74.4,13.3,6.4,1,0,1,1,2,0
S3982,20,96.04,94.08,58.63,51.72,73.23,8.02,92.02,86.76,26.2,6.1,8,1,1,1,3,2
S3983,24,98.68,58.44,59.12,73.06,58.88,6.71,50.44,67.48,29.5,7.6,6,1,1,0,2,0
S3984,24,80.3,67.93,66.72,69.3,60.56,1.96,50.36,81.27,5.8,5.1,9,0,1,1,1,2
S3985,20,74.06,91.9,80.13,66.98,68.34,4.8,57.32,51.16,20.9,7.9,3,1,0,1,4,2
S3986,22,87.07,86.71,76.99,66.59,88.07,6.03,93.63,91.22,11.1,5.5,10,0,1,0,0,0
S3987,22,66.42,63.61,96.24,94.75,87.2,9.32,73.46,99.9,23.2,5.3,7,1,0,0,3,0
S3988,19,74.66,90.74,71.06,50.95,70.75,1.69,99.15,97.74,24.3,8.0,1,0,1,1,2,2
S3989,23,95.81,42.82,68.35,88.75,55.93,5.15,94.37,67.99,24.1,4.9,2,0,1,0,2,2
S3990,23,97.78,86.92,52.8,62.65,64.03,1.58,94.51,76.56,15.9,8.3,5,0,0,0,1,0
S3991,23,96.35,52.41,85.32,69.16,75.27,4.44,56.42,61.81,8.9,8.9,10,0,1,0,2,0
S3992,21,63.12,57.17,48.45,71.01,93.47,2.0,73.76,65.15,19.6,5.6,2,1,0,1,0,1
S3993,23,61.62,69.59,69.47,65.24,98.41,8.36,99.68,72.87,24.7,8.6,8,1,1,1,3,0
S3994,20,64.88,66.98,65.28,54.68,81.87,2.55,57.45,87.35,27.8,6.8,5,1,0,0,2,1
S3995,24,72.07,71.23,79.5,55.72,67.53,4.17,78.71,50.89,16.3,5.3,9,1,0,1,4,0
S3996,24,65.71,72.69,95.06,64.91,84.67,4.08,67.21,69.69,11.1,6.3,3,1,1,0,4,1
S3997,21,68.71,59.89,96.8,91.09,66.81,8.66,69.39,77.82,8.0,8.0,6,0,1,0,3,0
S3998,19,81.03,50.51,50.07,56.73,81.27,7.58,94.54,60.76,24.9,7.3,4,0,0,0,4,2
S3999,20,88.13,86.11,55.71,87.13,62.19,0.58,79.4,53.92,18.4,6.5,7,0,1,1,4,1
S4000,24,86.78,64.0,88.7,64.44,63.35,0.67,87.94,76.98,21.9,5.3,7,0,0,0,2,0
S4001,20,90.72,70.35,71.1,94.17,53.76,5.51,83.66,81.89,9.0,7.6,5,0,1,0,4,1
S4002,24,51.61,78.68,67.18,71.42,71.01,4.28,76.45,82.05,5.2,5.6,10,1,1,0,2,1
S4003,18,52.39,94.58,82.64,58.59,80.91,2.76,89.59,67.83,29.2,5.7,5,0,1,0,0,1
S4004,19,89.47,82.45,76.12,99.29,89.44,7.93,98.54,61.87,25.3,7.7,4,0,0,0,1,1
S4005,19,76.65,42.73,98.24,58.83,90.52,1.29,98.34,61.02,15.0,6.8,9,1,0,0,2,0
S4006,18,78.91,90.31,75.04,78.38,99.62,9.74,89.47,52.03,16.4,4.9,7,1,1,0,1,1
S4007,21,52.63,99.36,67.96,78.46,54.39,0.24,74.37,59.23,28.2,7.4,6,0,1,1,2,0
S4008,24,62.77,68.35,72.57,68.64,74.66,1.18,58.16,90.93,10.2,5.3,3,0,1,1,2,1
S4009,24,81.92,98.18,88.51,97.57,76.07,3.11,52.22,50.15,25.1,7.8,5,1,0,0,3,2
S4010,24,92.96,72.84,76.76,92.19,90.23,5.09,61.57,52.19,5.4,6.4,4,0,0,0,2,0
S4011,23,95.85,67.58,78.82,91.49,63.32,2.16,67.01,56.35,26.9,7.0,5,0,0,0,4,0
S4012,23,75.02,59.88,98.29,98.71,53.47,7.36,56.49,71.01,19.7,7.0,2,0,0,0,4,0
S4013,23,77.27,79.45,77.1,72.86,65.69,3.58,61.24,66.69,16.9,4.7,5,1,0,1,2,0
S4014,23,91.65,53.79,62.82,54.86,99.2,0.39,54.18,58.89,22.7,7.3,7,0,0,0,0,1
S4015,23,76.88,46.3,81.48,88.27,94.97,8.78,76.18,55.55,6.7,8.3,10,0,1,1,4,2
S4016,18,75.84,41.63,79.57,69.04,69.76,9.44,56.32,96.94,9.9,8.5,10,1,0,1,1,2
S4017,19,95.25,57.54,40.83,59.52,93.81,6.19,87.14,95.56,15.2,7.4,3,1,0,0,0,2
S4018,21,89.5,63.75,68.04,74.16,51.64,8.07,66.63,88.59,20.4,8.8,4,1,0,0,1,2
S4019,20,95.45,73.12,84.57,96.29,65.71,1.21,83.6,62.6,8.6,7.0,1,0,1,0,2,0
S4020,23,60.91,57.56,69.94,58.57,86.34,2.69,94.13,66.18,14.5,5.3,9,1,1,1,2,2
S4021,18,76.22,99.04,86.78,92.43,61.07,3.25,54.3,83.29,11.5,7.3,3,0,1,1,2,2
S4022,24,92.12,57.5,67.05,70.91,59.92,9.61,99.45,64.58,21.1,8.5,10,1,1,1,4,2
S4023,21,55.56,66.46,99.0,56.84,93.09,5.12,82.26,76.53,28.0,5.8,6,0,1,1,0,0
S4024,21,89.73,46.2,57.57,92.42,80.8,0.07,52.67,82.56,9.1,5.3,1,1,1,0,1,0
S4025,21,59.15,55.64,45.53,98.48,99.45,3.8,65.7,75.96,9.7,8.8,5,0,1,0,3,1
S4026,18,90.41,42.9,65.8,64.56,56.73,0.08,94.31,70.66,20.0,7.8,10,0,1,0,0,1
S4027,20,80.6,73.57,72.5,65.18,67.81,2.38,79.81,67.39,16.3,4.2,5,1,0,0,1,2
S4028,23,59.66,85.06,60.95,69.53,65.56,4.55,64.36,88.89,23.0,6.8,5,1,1,1,3,0
S4029,21,73.67,51.74,54.54,90.71,94.01,3.23,97.02,86.95,12.2,5.2,1,0,0,0,0,0
S4030,18,84.1,62.07,80.32,50.52,62.76,0.33,89.36,84.81,18.6,5.4,7,1,1,1,0,1
S4031,24,81.69,41.0,62.63,61.2,67.67,1.16,86.78,68.73,14.7,4.4,5,0,0,0,2,2
S4032,19,71.36,90.37,77.88,85.29,57.14,5.51,94.42,88.79,12.0,5.2,1,1,0,0,0,0
S4033,24,94.97,86.8,86.74,70.28,88.77,6.96,88.49,97.89,23.2,6.5,8,1,0,1,1,1
S4034,18,75.96,43.8,85.66,66.51,61.89,4.05,64.34,84.45,24.9,4.4,6,0,0,1,2,1
S4035,18,75.29,61.89,62.52,93.61,53.42,7.31,79.19,70.39,13.2,8.4,7,1,1,1,0,2
S4036,18,53.11,97.32,74.07,95.87,71.76,1.63,92.11,89.82,20.6,7.9,4,1,1,0,2,2
S4037,21,96.11,63.52,66.98,97.4,69.57,1.22,59.04,80.47,9.5,5.9,1,0,0,1,3,0
S4038,18,58.86,71.57,92.25,63.63,58.88,8.39,58.15,93.88,24.8,4.7,8,0,0,0,1,0
S4039,19,76.42,61.31,92.73,95.63,56.68,3.39,57.95,85.66,12.0,9.0,1,1,1,0,3,1
S4040,21,90.18,75.77,60.62,86.85,94.83,4.32,59.71,88.5,9.3,6.8,9,0,0,0,1,0
S4041,24,60.77,98.69,45.5,57.71,53.39,9.48,55.16,83.37,28.5,6.1,6,1,0,0,4,2
S4042,19,76.37,99.85,50.05,80.51,54.97,4.24,91.88,54.6,15.6,5.0,5,1,1,1,3,0
S4043,22,62.03,86.48,62.02,51.32,62.25,0.03,90.92,74.26,21.1,5.0,2,0,1,1,4,0
S4044,24,87.98,64.26,73.85,85.42,97.64,9.38,57.57,52.82,25.2,8.0,8,0,1,1,2,0
S4045,18,78.22,69.67,79.41,86.68,54.27,0.14,85.28,72.38,22.2,6.6,9,0,0,0,3,2
S4046,23,92.8,61.4,59.88,89.47,90.8,6.62,81.35,85.82,19.1,8.9,3,0,0,0,0,0
S4047,23,94.73,99.13,80.05,58.63,94.6,3.23,63.81,71.06,14.3,8.8,10,0,0,1,1,0
S4048,21,82.44,82.47,96.26,81.41,68.89,4.7,61.37,50.08,28.0,5.0,8,0,1,0,0,2
S4049,23,86.27,66.94,79.12,58.94,64.69,5.47,62.53,68.46,8.3,9.0,10,1,1,0,0,2
S4050,24,77.46,40.73,49.51,97.33,83.87,4.08,86.53,53.39,27.1,8.9,5,1,0,1,2,0
S4051,21,69.22,71.23,74.78,83.75,85.13,7.74,65.97,89.03,22.7,8.0,10,0,1,0,2,0
S4052,24,82.41,99.04,72.51,54.77,89.0,9.31,63.9,89.19,19.3,6.0,4,1,1,1,0,2
S4053,18,95.41,71.38,92.24,59.35,91.53,0.86,51.12,90.32,13.1,5.1,10,1,1,0,0,1
S4054,20,70.83,50.95,61.02,83.17,63.42,8.0,95.41,51.52,8.7,4.5,9,1,0,1,0,1
S4055,20,65.72,41.33,65.38,73.83,84.35,1.29,87.64,51.61,16.1,4.3,7,1,0,1,1,2
S4056,19,69.42,61.28,75.92,86.81,56.75,0.8,73.64,95.17,24.6,8.1,4,0,1,1,2,1
S4057,18,71.77,95.09,71.47,64.04,75.54,9.56,97.15,56.18,23.6,8.7,5,1,0,0,3,1
S4058,23,53.68,99.79,83.14,82.9,80.64,4.89,64.68,83.5,21.1,7.9,5,1,1,1,2,2
S4059,18,74.92,96.72,42.42,58.85,58.09,1.53,83.74,89.77,29.8,7.8,2,0,1,0,0,1
S4060,22,74.72,83.77,73.81,77.19,53.83,5.7,65.26,72.39,29.3,6.1,5,0,0,0,3,2
S4061,20,79.42,73.49,47.3,97.89,59.74,2.63,65.73,77.32,15.0,7.2,3,0,1,1,3,1
S4062,23,68.14,75.44,58.91,81.41,71.03,4.64,92.24,61.37,9.8,7.4,5,0,0,1,3,0
S4063,24,80.66,72.34,79.7,52.5,94.39,6.25,89.35,96.18,16.6,5.3,1,1,0,0,2,0
S4064,24,93.91,82.42,49.44,99.44,76.6,8.69,64.71,65.09,26.1,7.7,8,0,0,1,0,2
S4065,20,97.77,65.13,58.53,57.84,87.42,0.03,54.07,60.89,16.5,4.7,9,1,0,1,0,2
S4066,18,79.18,80.15,82.18,85.9,58.71,2.14,67.88,76.27,13.4,5.5,9,1,0,1,4,1
S4067,23,52.13,47.3,79.05,76.63,55.3,0.96,88.0,59.53,23.5,6.9,8,0,0,0,1,2
S4068,19,98.46,55.94,45.46,64.72,61.98,0.97,55.03,84.33,21.3,6.7,2,0,1,0,2,1
S4069,24,85.29,90.16,74.64,58.87,65.69,9.46,83.61,75.76,29.2,7.5,2,0,0,1,4,2
S4070,18,66.8,94.22,48.84,58.89,77.41,9.36,94.49,57.39,18.7,6.9,10,0,0,0,4,2
S4071,19,57.36,72.34,55.14,92.92,94.06,7.49,58.96,53.36,29.2,4.2,5,0,0,1,4,2
S4072,23,57.17,41.9,67.55,93.65,71.3,6.43,93.11,56.85,12.3,8.9,6,0,1,1,2,0
S4073,20,58.39,95.62,46.56,73.26,75.94,8.48,52.57,56.83,26.6,7.8,5,1,1,1,1,0
S4074,22,52.28,82.12,99.62,55.18,50.23,0.58,83.34,65.64,13.8,8.4,1,1,1,1,3,1
S4075,21,95.11,64.84,49.92,94.21,51.67,1.19,89.55,91.66,25.2,8.0,1,1,1,0,1,2
S4076,20,77.04,75.9,86.88,74.35,54.19,3.17,72.24,52.86,28.1,5.1,8,1,1,1,1,2
S4077,19,85.0,65.79,89.79,71.94,84.95,8.32,60.19,56.4,20.6,8.7,5,0,1,0,0,0
S4078,18,91.41,67.92,99.67,70.37,74.31,4.72,96.24,65.14,23.2,8.9,8,0,1,1,4,0
S4079,24,89.58,93.21,65.72,68.25,59.65,5.04,51.0,77.67,29.0,4.4,3,1,0,0,4,0
S4080,23,94.13,49.67,92.45,76.3,79.63,2.29,77.75,88.14,14.4,4.8,5,1,1,1,3,1
S4081,20,98.36,46.22,97.45,80.23,77.23,6.48,68.64,96.06,17.8,9.0,2,1,1,0,0,2
S4082,24,71.95,40.16,50.37,73.32,54.44,8.88,73.05,70.6,27.5,5.5,8,0,0,0,3,1
S4083,24,97.52,58.84,68.77,94.83,82.02,3.3,76.83,55.29,21.8,8.1,1,0,0,1,2,0
S4084,22,86.16,48.84,43.6,65.88,88.36,6.19,76.74,60.68,26.8,4.4,5,0,0,1,0,0
S4085,23,53.53,53.2,77.24,78.92,64.33,3.32,60.18,64.36,20.5,7.7,7,1,1,0,4,1
S4086,19,84.09,40.67,74.88,65.0,84.37,7.93,83.99,89.3,23.5,7.5,10,1,0,1,3,0
S4087,23,84.34,53.63,52.25,87.67,59.99,4.75,50.96,84.33,5.3,8.7,5,0,1,0,0,2
S4088,23,95.29,59.96,87.87,55.11,87.84,3.39,51.06,60.45,13.5,7.6,3,0,0,1,0,2
S4089,18,68.65,41.89,42.24,59.43,95.59,4.2,73.92,91.94,24.3,4.2,4,1,0,1,1,2
S4090,21,79.25,76.47,88.37,90.06,72.09,0.91,77.1,92.96,15.1,6.3,9,1,1,1,0,0
S4091,24,50.61,74.13,41.6,59.16,62.23,8.66,63.74,94.12,14.1,5.7,5,0,0,1,0,0
S4092,19,66.6,45.82,79.41,81.29,69.96,9.58,77.58,63.75,28.8,6.9,3,1,0,1,4,1
S4093,18,53.11,75.7,44.73,98.51,62.5,4.77,75.81,56.69,18.8,6.1,7,0,1,1,2,0
S4094,24,76.09,99.92,55.07,76.14,50.06,2.21,67.46,55.2,9.8,5.4,6,0,0,0,3,0
S4095,21,90.87,96.67,83.31,59.37,82.52,6.65,82.59,70.0,16.8,7.3,3,1,0,0,2,2
S4096,18,60.32,40.16,56.82,66.03,52.13,4.52,97.9,71.47,18.0,5.6,10,1,0,0,0,0
S4097,21,76.37,87.72,70.67,91.17,60.52,2.52,74.54,93.41,29.7,8.3,3,1,0,0,4,0
S4098,21,60.2,61.22,94.91,67.58,86.12,0.38,89.3,63.39,23.0,5.6,4,0,1,0,4,2
S4099,21,56.03,43.82,42.98,86.18,83.29,8.9,62.38,81.34,18.0,6.6,10,1,0,1,4,1
S4100,18,75.55,57.76,88.66,88.87,53.67,7.97,88.1,89.41,15.8,8.1,3,1,1,1,4,2
S4101,23,53.96,59.3,43.92,75.06,83.0,8.29,82.45,63.46,27.9,8.1,6,0,1,0,1,0
S4102,21,79.37,71.39,47.61,89.16,96.53,4.4,81.98,63.36,21.1,6.9,1,0,1,1,0,0
S4103,23,51.57,79.67,47.16,65.85,53.73,7.53,94.65,83.46,13.9,5.9,1,1,0,0,1,1
S4104,24,55.34,84.94,99.65,75.81,70.78,5.81,61.67,86.31,16.6,6.8,7,0,0,1,1,1
S4105,24,77.5,54.75,50.81,84.33,86.47,3.75,68.42,97.99,12.0,8.2,8,0,0,0,0,2
S4106,19,79.57,59.31,93.81,58.4,83.39,8.43,54.15,92.5,29.0,5.1,4,0,1,0,4,2
S4107,22,51.45,58.5,99.46,63.68,61.33,9.99,86.31,91.1,22.5,4.6,7,1,0,0,3,1
S4108,23,78.67,61.76,63.03,82.6,58.15,8.99,92.19,84.62,14.8,6.9,2,1,1,1,4,2
S4109,24,91.93,99.98,77.86,82.77,89.21,7.76,70.29,55.92,9.6,6.9,9,0,1,1,4,2
S4110,22,86.12,86.68,86.75,74.67,97.81,7.48,67.84,90.46,9.4,5.5,9,0,0,0,1,0
S4111,21,56.56,98.5,63.56,89.78,88.38,6.5,82.93,96.77,16.9,6.2,7,0,1,0,2,1
S4112,22,79.62,81.59,49.71,74.1,98.16,8.54,53.78,69.54,16.7,4.4,5,1,0,1,4,2
S4113,22,83.61,64.38,66.03,94.07,80.25,4.93,64.69,65.68,15.4,4.7,7,0,0,1,0,1
S4114,21,51.86,63.38,86.31,86.8,96.45,1.82,68.31,76.12,26.3,8.1,7,0,0,0,0,1
S4115,23,92.77,69.31,86.85,65.73,84.52,7.68,75.93,97.82,29.5,6.3,3,1,0,1,0,0
S4116,21,95.31,65.01,53.83,69.76,95.44,9.2,73.83,52.54,13.9,4.5,7,0,0,1,1,1
S4117,19,92.52,89.7,50.5,83.38,58.08,3.41,60.43,85.44,12.4,8.8,3,1,0,0,3,1
S4118,20,91.23,67.9,95.23,94.72,90.78,7.83,77.04,90.73,24.3,5.0,3,1,0,1,3,1
S4119,18,87.25,57.74,42.64,58.94,59.84,2.74,96.29,89.44,16.2,5.6,7,1,1,0,3,1
S4120,21,81.67,86.49,84.08,75.73,51.37,9.43,51.35,78.34,10.4,8.9,7,0,1,0,4,1
S4121,21,83.93,91.27,42.79,55.94,75.88,6.83,84.02,96.03,9.5,4.9,6,0,1,1,4,0
S4122,22,90.32,65.23,90.27,63.97,65.91,5.69,81.24,56.73,12.0,8.8,7,1,1,0,2,1
S4123,19,83.12,80.07,94.32,84.3,52.18,7.8,96.22,62.26,5.0,7.6,10,0,1,1,2,0
S4124,24,66.39,43.53,57.85,53.89,99.02,8.13,82.27,65.35,28.5,6.1,10,1,1,1,2,0
S4125,24,68.8,71.77,44.44,83.12,83.32,8.92,81.24,50.43,15.8,7.0,5,0,0,1,1,1
S4126,22,94.85,42.7,68.84,95.04,95.09,9.01,88.49,68.53,7.1,6.5,9,1,0,1,3,0
S4127,23,50.86,41.75,57.91,98.47,99.95,0.53,63.39,58.03,9.1,8.0,1,1,0,1,4,2
S4128,21,84.94,76.78,65.03,60.83,69.6,1.23,79.79,86.23,13.1,4.3,5,0,1,0,2,0
S4129,21,97.74,58.2,79.9,87.44,62.74,8.26,75.97,70.75,18.8,8.1,3,0,0,1,1,1
S4130,22,85.31,84.55,52.59,96.32,59.19,9.46,71.92,85.22,22.6,8.9,8,0,0,0,2,2
S4131,21,99.7,93.76,61.42,54.57,75.76,3.08,53.97,64.68,12.7,6.1,7,0,1,0,4,0
S4132,23,84.38,48.36,86.95,70.7,80.3,0.09,64.63,56.6,28.9,5.0,1,1,1,0,2,1
S4133,20,51.72,83.47,78.63,95.97,73.62,3.23,64.0,56.6,24.0,4.5,9,1,0,0,1,2
S4134,18,91.35,70.87,59.58,60.14,69.36,3.83,86.21,60.16,25.6,5.7,5,0,0,1,1,1
S4135,18,64.23,46.73,79.86,96.69,58.41,7.61,96.03,55.76,13.1,4.7,1,0,1,0,2,1
S4136,18,72.3,79.1,85.92,76.36,72.09,0.48,61.54,61.03,14.5,5.1,1,1,0,1,4,1
S4137,20,65.6,76.57,75.55,54.99,54.26,2.13,53.73,78.95,18.5,7.3,8,0,0,0,1,2
S4138,21,63.43,70.94,54.37,72.49,93.25,8.94,100.0,62.82,16.3,6.1,3,0,1,0,3,2
S4139,22,71.57,95.59,40.01,66.31,52.35,1.55,84.56,67.15,11.5,8.5,9,0,1,1,1,2
S4140,24,68.94,71.26,88.17,64.11,69.03,7.59,94.32,52.64,29.9,6.3,8,0,1,1,0,1
S4141,19,81.67,99.43,89.36,77.07,55.01,3.61,57.19,94.61,26.2,4.8,6,1,1,1,2,2
S4142,21,90.66,70.55,81.86,74.18,88.75,6.63,90.04,56.91,10.9,4.7,6,1,1,0,3,0
S4143,20,64.85,46.95,44.59,74.1,65.64,0.74,90.67,67.43,27.3,7.5,5,0,1,1,4,0
S4144,23,60.69,68.23,75.11,54.41,55.66,2.87,57.57,68.97,19.7,7.2,2,1,0,1,3,1
S4145,20,83.34,50.94,89.26,90.12,76.57,4.25,58.07,88.61,5.3,7.5,6,0,0,1,1,2
S4146,24,83.52,75.83,63.38,74.07,95.81,8.57,64.77,74.18,13.7,5.7,8,0,0,0,1,1
S4147,18,95.06,81.59,51.88,91.05,95.43,5.63,60.84,69.15,5.6,8.6,6,0,0,0,0,1
S4148,21,50.8,68.11,75.26,91.23,62.48,0.45,98.77,84.79,7.2,4.6,7,1,1,0,3,2
S4149,24,92.65,45.86,89.58,65.86,85.98,8.02,68.15,79.85,9.5,4.2,2,1,0,1,1,1
S4150,18,76.05,68.12,42.93,50.22,51.51,0.55,88.07,53.91,17.1,7.7,2,1,1,0,4,2
S4151,19,81.07,44.89,75.82,95.56,56.59,9.34,90.25,65.64,14.5,7.4,3,1,1,0,4,1
S4152,23,54.57,80.93,78.59,88.03,74.97,2.12,69.3,98.93,8.7,6.5,10,1,1,1,3,2
S4153,18,71.63,87.42,76.14,55.36,61.44,4.88,84.13,74.17,14.9,4.2,7,0,0,1,3,1
S4154,19,61.37,97.74,79.0,85.09,89.91,0.72,55.39,71.21,12.6,4.6,8,0,0,1,0,0
S4155,20,62.71,48.93,77.88,51.0,96.55,5.62,69.85,57.5,15.3,5.0,4,1,1,1,3,0
S4156,18,75.2,71.95,47.82,51.39,50.22,4.97,98.37,91.95,9.3,7.2,10,1,1,0,4,1
S4157,18,90.62,74.05,54.1,76.29,61.65,4.1,58.43,56.67,20.2,7.3,6,1,0,1,3,1
S4158,22,87.19,95.35,77.14,54.8,71.98,0.36,69.29,55.25,6.1,7.4,9,0,0,1,1,0
S4159,23,79.55,77.64,41.06,98.22,78.15,8.79,89.53,71.95,14.7,8.0,7,1,1,1,1,0
S4160,23,76.97,48.73,78.08,94.69,95.8,8.03,83.27,71.83,27.4,4.1,4,0,0,0,3,0
S4161,24,71.37,66.18,79.92,82.49,94.59,6.33,81.58,99.07,15.5,7.2,8,0,1,0,2,1
S4162,20,98.64,79.29,54.35,53.19,81.86,5.72,92.66,56.38,16.0,5.3,8,1,1,1,3,0
S4163,22,78.01,82.02,75.89,66.24,62.87,6.95,51.45,74.19,6.7,6.9,7,0,1,1,0,1
S4164,24,62.7,91.78,72.05,68.59,89.16,1.44,88.56,60.06,20.1,7.7,5,0,0,0,4,2
S4165,19,61.5,50.83,55.64,74.04,60.13,9.33,94.13,85.09,28.4,7.6,10,1,0,1,4,1
S4166,24,80.57,97.09,67.78,58.45,98.26,2.85,50.81,69.58,12.3,5.4,10,0,1,1,3,1
S4167,19,76.14,43.55,94.58,78.88,50.29,6.56,77.95,82.42,14.8,5.8,6,1,0,1,2,1
S4168,20,50.38,99.03,65.6,71.79,78.49,6.07,67.43,66.92,19.7,8.6,10,0,1,1,4,0
S4169,23,91.5,91.47,77.79,97.36,54.42,6.37,52.54,78.23,7.3,8.2,3,1,0,1,2,1
S4170,19,85.21,79.62,42.12,96.81,70.38,8.79,70.89,73.46,28.8,5.3,3,1,1,0,4,2
S4171,20,83.09,84.1,44.67,78.27,81.75,2.96,82.2,68.72,16.7,6.9,4,0,1,0,1,1
S4172,24,53.44,44.36,44.88,82.22,84.48,7.49,95.95,76.88,7.9,4.5,2,1,0,0,0,2
S4173,19,68.1,42.49,86.69,56.89,89.28,5.98,81.03,69.19,13.4,7.3,6,0,1,0,4,1
S4174,21,96.77,46.11,61.02,61.17,79.67,0.76,92.84,90.3,14.3,7.1,3,0,1,1,3,2
S4175,18,93.13,45.24,53.66,95.04,62.57,4.14,56.08,74.76,13.6,5.3,2,1,1,0,1,2
S4176,24,64.28,72.84,84.84,84.96,94.46,8.38,60.53,95.16,22.3,6.1,9,0,0,0,2,0
S4177,23,57.85,52.93,50.2,59.47,90.56,3.15,98.51,61.14,13.6,7.9,1,1,1,0,0,2
S4178,24,72.45,91.61,54.79,78.51,58.0,4.82,94.37,55.61,13.1,5.3,4,0,0,1,2,1
S4179,21,67.79,66.74,65.86,96.74,91.33,4.89,61.76,69.05,13.1,7.8,9,0,1,0,2,2
S4180,20,84.11,81.73,59.89,67.26,98.63,6.18,81.05,59.18,24.4,5.6,5,1,1,1,4,2
S4181,20,98.32,79.17,75.12,59.29,81.86,8.84,68.13,69.66,12.7,8.2,6,0,0,1,1,2
S4182,24,68.15,59.19,60.27,97.1,64.09,1.74,73.43,60.37,5.3,4.2,4,0,0,0,0,0
S4183,21,53.11,54.59,63.58,73.06,80.33,5.05,93.04,93.41,14.1,5.3,10,0,1,0,1,1
S4184,24,94.88,60.55,91.77,70.86,67.13,4.24,86.79,78.4,12.0,4.9,6,0,1,1,1,2
S4185,18,51.9,87.8,93.07,63.38,83.8,2.96,61.92,74.88,27.7,8.5,7,0,1,0,4,1
S4186,18,97.64,75.18,89.66,94.58,77.24,9.2,65.8,89.39,16.9,6.1,6,0,1,0,2,1
S4187,22,83.23,55.21,91.89,92.28,96.47,0.08,64.49,56.52,10.9,6.7,6,0,0,1,1,2
S4188,19,97.08,89.07,74.18,70.15,80.9,1.22,89.03,92.85,29.5,5.2,3,0,0,0,2,0
S4189,22,59.98,43.29,78.77,51.53,60.7,7.33,74.5,74.17,11.2,4.6,8,1,0,0,1,0
S4190,18,52.03,81.95,73.43,72.33,86.26,2.63,97.54,56.82,24.1,7.0,8,0,1,1,0,1
S4191,21,74.41,66.35,87.14,59.04,65.04,7.23,90.83,90.97,21.2,5.4,4,0,1,0,3,0
S4192,19,72.53,83.88,73.06,57.14,63.62,8.32,60.56,73.04,16.6,8.6,8,1,1,0,3,0
S4193,21,66.57,95.65,46.66,69.65,69.59,2.55,89.3,80.23,15.1,6.4,9,1,1,0,3,2
S4194,22,97.88,85.0,88.57,54.95,50.6,1.92,75.3,94.68,26.8,4.7,5,1,0,0,4,0
S4195,20,91.13,66.52,85.64,97.87,98.46,1.45,62.69,94.53,16.9,4.1,3,0,1,1,4,2
S4196,21,83.08,49.06,89.22,52.38,76.62,2.0,68.17,94.64,14.4,5.2,7,1,0,1,2,0
S4197,22,58.14,88.38,51.43,70.07,88.67,2.67,98.61,70.85,13.9,5.6,4,1,1,0,4,2
S4198,22,86.72,67.64,56.3,58.14,62.89,8.69,74.2,87.48,11.9,5.0,8,0,0,0,3,1
S4199,22,86.35,44.52,57.75,84.44,87.33,7.7,85.98,61.66,15.2,5.8,3,0,0,1,4,1
S4200,20,71.25,83.14,70.48,53.94,78.36,0.02,73.85,91.56,8.0,8.4,1,1,1,0,3,2
S4201,20,96.24,57.51,48.03,77.34,71.21,8.74,68.58,67.09,6.6,4.2,5,1,1,0,1,0
S4202,24,58.35,42.93,63.12,88.66,98.53,0.79,89.82,73.2,18.5,8.0,6,0,1,0,3,2
S4203,20,63.37,94.17,50.93,97.5,74.69,6.55,92.42,94.57,16.4,6.1,9,0,0,0,3,0
S4204,19,53.16,68.99,55.89,84.93,82.87,1.51,53.59,90.29,9.3,8.5,3,0,0,0,0,0
S4205,20,89.77,56.86,82.38,54.97,50.77,0.62,63.95,97.63,7.7,7.3,6,0,0,0,0,1
S4206,20,81.09,82.98,91.29,54.43,65.07,7.6,75.39,68.17,8.6,4.8,8,0,1,1,0,1
S4207,20,65.75,93.15,41.37,86.58,94.43,4.67,65.82,57.55,12.9,8.8,10,1,1,0,0,0
S4208,21,58.19,40.02,73.95,60.77,87.95,5.99,89.18,95.52,16.3,4.8,4,0,1,1,3,2
S4209,20,52.01,81.27,42.16,72.36,76.84,4.25,55.74,74.66,9.8,5.7,10,0,0,0,2,2
S4210,19,58.34,86.02,45.11,98.83,95.01,0.67,89.89,94.47,23.9,8.9,10,0,0,1,0,0
S4211,22,72.66,52.6,82.31,91.0,74.31,7.4,80.89,86.6,9.8,5.1,6,0,0,0,4,2
S4212,21,62.36,69.38,84.14,92.33,78.33,8.2,64.47,93.74,8.1,7.2,3,0,0,1,4,1
S4213,18,62.95,45.36,88.84,93.04,69.11,0.41,67.22,82.74,29.9,8.9,10,1,1,0,4,0
S4214,20,93.78,84.8,68.45,80.98,81.0,3.76,59.14,90.62,16.2,7.4,9,0,1,0,3,2
S4215,24,75.76,90.85,91.59,87.2,65.95,5.57,62.63,56.02,9.3,7.3,6,1,1,0,1,0
S4216,24,86.46,46.49,50.01,67.95,69.27,6.05,85.86,98.41,27.4,7.1,2,0,1,0,1,0
S4217,22,51.79,88.99,54.98,99.92,98.32,5.78,68.79,59.05,10.8,6.8,7,1,0,0,0,1
S4218,22,68.26,86.29,48.07,63.98,55.57,6.93,84.37,51.23,28.1,8.7,7,1,0,1,4,2
S4219,21,73.96,60.81,87.85,79.5,55.26,9.67,75.71,76.54,8.0,6.7,1,0,0,0,0,0
S4220,24,59.32,81.42,53.72,64.1,52.17,3.91,57.26,85.6,26.0,7.3,4,0,0,1,3,0
S4221,18,56.01,40.0,49.33,55.6,66.0,5.57,74.95,85.82,9.6,7.7,1,0,0,0,4,2
S4222,23,93.52,95.91,77.39,78.38,69.91,6.99,87.82,66.96,28.5,6.6,6,0,0,0,0,2
S4223,24,96.97,73.02,44.62,67.67,54.73,5.92,64.88,87.69,19.4,8.4,5,0,1,1,2,2
S4224,24,53.94,77.22,42.69,79.16,77.46,3.87,82.4,92.13,9.7,4.1,3,1,1,0,3,2
S4225,19,67.45,79.88,46.4,77.93,79.17,6.24,59.95,80.5,26.1,6.0,9,0,0,1,3,0
S4226,23,97.91,73.68,40.01,77.11,87.55,6.5,56.78,69.3,14.8,7.1,9,0,0,1,3,2
S4227,22,54.16,91.41,81.82,56.17,98.8,5.85,68.01,80.68,23.3,4.1,6,1,1,0,2,0
S4228,23,82.18,76.58,73.73,72.01,80.97,2.05,69.46,93.11,21.1,8.7,6,0,0,1,1,0
S4229,24,98.61,94.47,52.59,90.6,55.58,5.06,88.05,95.02,22.9,8.1,9,1,0,1,1,2
S4230,22,98.91,74.94,53.98,65.76,54.43,8.84,73.0,51.58,13.6,5.1,2,0,1,1,2,1
S4231,23,73.56,50.27,88.66,72.19,88.88,8.69,54.06,56.12,28.5,5.7,1,1,0,1,1,1
S4232,22,58.14,94.81,70.11,74.69,82.52,7.51,81.7,50.23,19.0,7.4,10,0,1,0,2,1
S4233,22,60.1,80.9,81.91,93.14,58.1,6.97,73.46,74.62,6.9,5.7,3,1,1,0,0,0
S4234,21,94.48,81.95,67.17,82.78,62.67,1.53,66.58,71.82,6.7,8.3,8,1,0,0,2,0
S4235,18,95.58,99.13,54.26,55.01,87.51,4.59,90.11,77.29,23.5,5.2,2,0,1,1,1,1
S4236,22,80.39,44.51,98.22,93.26,78.31,1.11,57.72,84.18,26.2,8.1,8,0,1,1,2,2
S4237,19,88.31,65.72,73.94,91.6,79.25,8.17,95.66,68.29,22.4,6.3,10,0,0,0,2,0
S4238,24,87.0,54.35,47.86,87.68,60.5,2.91,66.7,60.43,11.9,6.3,6,1,0,0,4,2
S4239,24,83.09,77.83,64.37,73.3,81.45,7.67,73.05,69.74,10.6,4.8,4,1,1,1,2,0
S4240,19,91.36,88.41,59.76,87.88,88.53,8.15,96.46,50.45,19.1,8.9,4,1,1,0,1,1
S4241,20,84.27,97.98,52.85,73.94,94.26,8.92,88.06,91.47,9.9,5.7,7,0,1,1,3,1
S4242,22,76.7,67.28,96.01,86.83,86.84,7.54,53.72,69.19,14.5,5.0,7,0,1,0,0,2
S4243,22,61.85,87.17,92.86,94.01,78.82,5.65,78.91,81.14,20.7,4.2,9,1,0,0,2,2
S4244,22,87.19,95.02,51.95,94.53,83.66,5.98,65.52,66.24,12.1,6.5,4,0,1,0,1,0
S4245,23,73.67,81.0,61.13,72.73,74.26,3.21,75.42,80.74,14.4,4.2,9,1,1,0,1,0
S4246,22,64.74,54.56,85.74,92.97,61.34,1.77,87.15,77.02,14.0,6.3,4,0,1,1,4,0
S4247,22,90.1,76.47,52.51,55.07,94.11,1.31,74.81,60.43,16.5,8.5,2,0,0,1,1,0
S4248,19,84.84,98.2,75.49,55.09,76.63,1.82,53.55,81.27,21.9,6.5,7,1,0,0,3,2
S4249,18,96.87,99.25,81.99,77.41,79.72,9.34,76.5,55.48,24.6,4.2,9,0,1,1,1,1
S4250,18,58.27,78.54,79.24,82.59,99.51,1.64,51.21,74.05,21.6,5.3,10,0,1,1,3,2
S4251,20,82.46,93.22,82.38,57.65,99.25,7.24,67.42,85.99,5.7,4.2,2,0,0,1,0,2
S4252,19,62.21,52.02,82.4,73.61,79.32,1.85,73.9,77.45,27.4,8.4,6,0,1,1,2,1
S4253,22,95.18,54.76,97.89,54.72,51.7,9.75,82.23,87.31,19.5,5.2,6,0,0,0,0,2
S4254,18,54.97,97.17,60.79,80.1,69.81,3.67,75.31,63.66,28.0,4.3,10,1,0,1,2,2
S4255,21,82.81,48.11,92.72,92.75,96.86,4.12,57.6,52.44,29.1,8.8,3,0,1,0,0,0
S4256,21,89.55,51.47,41.31,86.88,64.42,4.05,96.61,52.8,16.7,6.4,8,1,1,0,3,2
S4257,21,67.75,65.23,57.29,68.91,99.96,8.16,82.51,63.44,27.9,6.0,5,0,1,1,2,2
S4258,22,97.71,75.38,42.92,99.69,54.22,2.18,65.85,70.38,14.1,8.6,4,0,1,0,2,2
S4259,22,92.54,76.23,79.07,83.15,78.41,8.31,98.3,76.88,11.5,6.7,4,1,1,0,0,2
S4260,20,64.73,57.52,46.05,90.76,75.77,6.57,94.13,87.88,6.8,5.4,5,1,0,0,4,2
S4261,24,50.38,95.24,90.74,83.48,62.77,2.2,57.17,91.98,16.3,8.0,10,0,1,0,4,0
S4262,20,64.83,94.91,78.8,99.47,97.43,0.65,82.77,84.68,22.2,5.4,4,0,0,1,0,0
S4263,20,64.07,63.52,41.73,91.07,80.96,7.75,78.0,73.16,29.4,6.2,6,1,1,0,1,1
S4264,23,94.5,66.06,82.89,75.97,61.51,2.19,59.64,63.22,18.0,8.0,8,1,1,1,0,2
S4265,21,98.36,82.15,91.72,68.34,69.2,8.89,61.67,71.39,23.4,8.7,2,1,1,1,3,2
S4266,22,53.52,79.78,79.67,84.11,86.06,1.3,78.19,63.67,27.4,7.0,7,1,0,0,3,0
S4267,21,73.56,62.94,41.83,79.51,64.88,6.16,66.06,81.22,18.6,6.5,6,0,0,0,1,1
S4268,20,77.42,64.85,91.48,81.47,93.98,6.92,91.74,90.91,9.2,4.4,4,0,0,1,4,2
S4269,22,54.65,60.88,83.95,67.15,58.28,6.58,54.89,75.91,26.2,7.1,2,0,1,1,3,0
S4270,19,68.87,54.12,62.71,71.44,63.23,3.16,95.7,52.29,19.4,5.6,1,0,0,0,3,0
S4271,18,65.85,67.49,59.72,77.9,57.24,8.76,92.03,96.99,24.0,6.6,8,0,0,1,2,2
S4272,18,76.8,81.19,68.79,91.96,55.21,7.7,86.93,64.71,21.5,7.7,8,1,0,0,2,2
S4273,20,83.06,84.52,92.03,88.15,65.02,5.1,63.13,95.73,6.5,7.2,9,1,1,1,1,1
S4274,24,85.17,86.73,55.12,55.93,99.96,6.03,85.75,90.65,9.2,4.5,5,1,0,1,3,0
S4275,21,56.84,62.48,46.06,62.28,54.72,5.66,71.94,70.66,12.2,6.0,9,0,0,0,0,0
S4276,19,90.65,85.88,91.88,51.33,60.65,9.47,81.69,52.84,12.1,5.0,4,1,1,1,4,2
S4277,22,83.93,40.39,41.58,50.4,63.58,8.96,65.63,97.39,26.0,4.8,10,0,0,1,1,2
S4278,24,94.45,68.62,94.66,61.22,80.96,2.35,91.79,82.95,20.0,5.1,4,0,1,1,0,0
S4279,21,72.47,87.63,58.34,89.97,87.27,2.63,52.03,62.48,7.1,8.6,5,0,0,0,0,1
S4280,20,94.69,77.8,70.49,95.24,87.6,9.81,84.57,76.68,14.7,7.6,3,1,0,0,1,0
S4281,21,93.29,68.44,47.94,69.59,50.43,2.37,91.43,81.77,18.9,8.5,5,0,1,1,1,1
S4282,20,71.92,78.68,94.14,78.16,82.59,9.53,82.32,61.33,11.3,6.5,5,0,0,1,3,1
S4283,23,69.06,94.42,84.99,85.3,81.54,6.5,59.6,54.68,6.0,4.0,10,1,1,1,4,1
S4284,18,96.64,73.98,95.45,97.65,75.88,0.5,64.25,63.37,14.5,4.2,4,0,0,0,3,0
S4285,24,85.76,87.99,80.99,95.65,68.96,3.36,75.75,52.38,16.5,4.7,5,1,1,1,0,2
S4286,18,96.41,98.84,51.08,52.86,89.87,4.76,66.47,53.5,27.6,7.9,5,0,0,0,3,2
S4287,21,89.85,82.33,58.5,62.41,67.19,8.33,50.25,57.83,27.7,5.0,9,1,0,1,3,0
S4288,19,80.46,74.4,69.21,52.46,61.5,3.29,52.03,57.92,17.5,4.5,1,0,1,0,4,1
S4289,22,55.79,42.25,76.44,80.83,65.5,3.11,88.39,62.4,16.8,8.3,7,0,1,0,2,0
S4290,20,64.57,62.47,95.59,85.52,71.98,9.2,54.19,96.87,21.0,5.1,1,1,0,0,4,2
S4291,22,98.44,73.93,63.04,65.41,60.7,0.79,96.4,78.79,11.5,6.5,1,0,1,1,3,1
S4292,18,65.97,87.83,82.18,92.69,80.38,5.52,72.14,71.13,12.1,5.7,3,1,0,0,2,0
S4293,19,54.66,66.29,97.66,72.64,94.21,5.04,87.91,78.19,5.1,8.5,5,0,1,1,0,0
S4294,19,85.38,97.6,49.14,99.92,79.77,0.57,56.28,50.29,7.0,7.5,9,1,1,1,4,0
S4295,22,86.7,56.31,91.76,50.02,72.33,0.88,96.33,94.74,9.5,6.3,9,0,1,1,1,1
S4296,18,64.27,84.67,65.24,55.47,89.84,3.82,51.69,76.62,21.0,8.3,1,0,1,1,0,1
S4297,22,64.88,65.14,83.95,65.09,87.4,1.34,52.11,72.58,10.3,7.6,3,0,0,0,2,0
S4298,21,73.44,69.16,57.61,51.28,68.35,4.78,52.73,97.08,8.1,8.0,1,1,1,0,0,2
S4299,19,51.09,88.15,60.04,89.12,80.21,6.09,55.17,86.52,20.4,8.9,1,1,0,0,1,2
S4300,19,89.47,57.77,41.63,52.64,86.49,6.91,74.34,66.87,21.3,5.0,9,1,0,0,1,1
S4301,21,65.85,45.81,98.28,87.45,62.27,5.46,89.41,96.81,6.5,5.0,2,1,0,1,4,2
S4302,18,92.69,71.22,88.81,52.63,68.31,3.8,64.25,92.6,24.3,6.8,1,1,0,0,4,0
S4303,19,90.13,71.73,45.64,62.64,55.29,1.3,87.29,97.73,20.2,6.7,6,0,0,0,3,1
S4304,24,83.07,87.83,99.97,92.06,99.38,2.47,88.7,54.81,14.9,8.3,2,0,0,1,3,0
S4305,23,66.24,98.1,76.3,97.55,54.29,4.19,95.41,97.76,29.6,4.8,5,0,0,1,0,0
S4306,23,75.82,43.32,91.22,70.73,58.43,9.24,57.47,77.14,5.3,6.1,3,0,1,1,1,1
S4307,23,72.24,75.5,44.0,98.5,73.99,2.03,56.78,83.61,18.6,6.6,10,0,0,1,0,0
S4308,20,66.94,80.88,63.37,81.34,93.26,4.13,56.1,60.61,9.0,6.3,5,1,0,1,2,2
S4309,24,92.41,99.15,80.18,70.79,67.79,7.32,67.97,57.02,13.2,4.3,8,0,0,0,2,0
S4310,20,74.18,96.56,46.39,90.14,88.43,7.05,74.47,53.97,8.3,4.7,6,1,0,1,3,0
S4311,18,91.64,82.75,69.33,64.77,83.8,9.66,73.08,71.12,21.7,4.8,8,0,0,0,0,2
S4312,21,55.26,71.31,66.56,63.29,81.93,1.91,62.85,61.07,15.0,7.0,6,1,1,1,2,1
S4313,22,57.05,49.69,52.96,82.83,92.25,0.17,81.1,54.08,29.7,6.1,4,1,1,0,3,1
S4314,24,98.87,63.05,58.02,69.52,50.71,3.22,66.91,97.75,21.3,4.9,4,1,0,1,0,2
S4315,18,79.39,75.11,98.03,56.8,96.46,1.5,68.3,86.67,27.9,7.7,10,0,1,0,1,0
S4316,22,75.49,83.51,57.32,53.35,91.46,5.48,55.28,75.89,11.0,8.0,10,0,0,0,2,2
S4317,18,76.16,78.12,52.81,89.39,96.89,8.99,79.61,87.17,13.0,5.1,3,0,1,1,2,1
S4318,20,60.76,82.85,72.17,83.8,89.68,6.88,82.76,80.57,14.1,7.6,8,0,0,1,1,1
S4319,23,85.94,65.75,80.26,70.59,93.93,1.36,87.9,58.9,26.0,4.3,10,1,0,0,3,0
S4320,21,54.24,83.66,83.51,94.81,60.15,1.16,95.2,81.67,10.3,8.3,9,1,1,1,2,2
S4321,20,78.67,48.62,85.25,70.54,65.96,9.11,88.3,84.05,28.7,8.8,8,1,0,1,1,0
S4322,21,78.54,49.76,42.21,85.51,65.76,4.88,61.79,61.87,6.1,4.8,9,1,1,0,3,1
S4323,24,95.71,49.77,63.63,95.46,55.46,9.24,61.78,66.01,27.2,7.9,10,0,1,0,4,1
S4324,22,76.31,93.45,86.44,92.04,86.48,7.36,95.75,69.17,16.3,4.5,9,1,1,1,3,0
S4325,18,56.85,44.56,94.29,75.56,56.81,9.93,89.51,80.13,18.1,8.8,3,0,0,0,2,0
S4326,19,78.64,88.09,76.13,84.03,52.63,8.71,89.11,56.34,29.9,6.3,4,1,0,0,3,1
S4327,19,54.57,54.01,43.14,70.68,88.77,4.14,85.99,87.17,26.8,6.7,3,1,0,1,2,2
S4328,21,60.19,68.11,63.8,82.36,95.23,7.58,63.36,67.3,27.6,7.8,5,1,0,1,3,1
S4329,23,51.56,94.96,44.45,62.88,88.21,4.71,92.37,84.59,19.6,5.2,9,0,1,1,4,0
S4330,23,75.66,75.16,84.91,71.74,91.27,2.33,57.14,96.64,28.9,6.0,3,0,1,1,3,2
S4331,21,54.23,52.61,43.81,60.48,79.78,2.41,67.5,93.49,22.2,4.4,6,1,1,1,4,0
S4332,20,73.47,57.05,51.14,51.91,94.39,3.97,67.32,86.88,25.5,7.1,4,1,1,1,2,0
S4333,19,96.65,95.23,65.02,79.43,74.84,1.11,78.01,59.67,23.0,8.0,1,1,1,1,3,2
S4334,20,85.99,65.63,67.76,93.22,99.42,1.78,73.17,86.6,24.5,8.3,8,0,1,1,1,1
S4335,22,53.87,75.22,64.39,51.28,55.17,5.01,72.99,81.79,20.9,6.7,3,0,0,1,4,0
S4336,19,61.21,67.6,67.8,59.8,90.46,9.54,77.68,88.63,23.2,7.8,8,0,0,0,0,0
S4337,22,83.68,62.71,82.79,73.01,82.07,5.78,70.77,93.44,15.9,4.7,5,1,1,0,4,1
S4338,18,94.74,53.4,62.16,83.29,79.03,4.08,62.5,65.57,22.7,7.7,8,0,0,0,3,1
S4339,20,51.65,81.17,72.87,58.56,86.29,2.43,83.21,82.22,11.9,4.0,1,1,1,1,4,2
S4340,21,90.62,83.09,58.2,52.83,92.01,1.96,89.53,63.76,20.9,5.0,6,0,1,0,3,1
S4341,19,78.09,56.49,61.22,75.95,93.14,6.58,73.95,67.31,18.1,7.2,3,1,0,0,2,1
S4342,20,77.3,87.34,76.83,90.94,58.77,8.48,82.47,76.03,27.5,5.6,5,1,0,1,2,0
S4343,21,97.89,91.27,69.43,51.76,59.85,3.99,76.77,71.71,21.8,6.1,4,0,0,1,1,0
S4344,18,87.38,95.24,83.38,67.47,50.81,5.51,52.95,80.03,19.9,8.1,9,1,0,0,0,1
S4345,19,92.51,49.67,73.63,83.18,56.59,7.07,71.15,87.94,12.8,6.9,3,1,0,1,2,2
S4346,22,67.7,58.24,88.21,56.54,63.19,0.58,50.49,80.25,26.6,6.0,7,1,0,1,1,2
S4347,18,77.72,91.62,66.6,61.8,86.05,3.51,83.09,98.49,6.4,6.3,4,0,0,0,0,0
S4348,23,80.77,51.91,69.46,76.77,73.79,7.3,75.41,86.91,27.5,8.2,3,1,0,1,1,2
S4349,21,66.08,40.21,80.2,97.66,87.9,6.85,56.34,99.25,21.3,6.4,10,0,0,0,2,2
S4350,19,78.51,92.25,53.27,64.37,74.33,0.53,77.11,87.17,9.7,8.4,3,0,0,0,0,0
S4351,19,61.83,59.59,63.16,74.38,77.78,2.38,94.92,75.4,27.6,5.2,4,1,1,1,2,1
S4352,24,57.17,64.87,77.49,70.0,55.55,6.8,67.02,70.55,13.2,6.7,7,0,0,1,3,1
S4353,24,68.7,66.78,41.73,94.87,88.83,2.71,99.12,86.78,9.2,5.8,9,1,0,0,0,0
S4354,18,86.96,90.9,66.22,53.59,87.91,8.14,97.97,84.36,13.0,7.0,6,0,1,0,1,0
S4355,19,95.81,60.27,75.93,78.31,65.38,0.3,89.27,83.44,29.0,6.9,1,1,0,1,3,0
S4356,21,72.89,93.54,98.04,92.31,66.43,1.9,90.69,86.09,23.8,6.9,8,0,0,0,1,1
S4357,18,82.14,77.02,92.62,99.41,60.98,2.81,70.53,93.61,27.9,6.6,2,1,1,1,2,2
S4358,22,55.15,71.64,56.84,84.94,90.69,9.25,70.13,61.39,12.5,6.3,9,1,0,0,2,1
S4359,18,95.22,59.54,70.43,69.0,87.35,7.96,97.72,78.24,7.1,8.6,3,1,1,1,3,1
S4360,18,78.43,54.62,43.38,70.59,80.46,8.84,68.31,80.17,19.1,5.3,10,1,1,0,3,0
S4361,22,89.02,77.44,54.45,67.58,61.94,4.4,54.84,64.64,17.1,6.2,7,0,1,1,0,2
S4362,23,89.72,66.81,86.49,80.18,58.59,8.23,57.64,99.4,23.0,5.1,6,0,1,1,1,1
S4363,24,62.82,94.63,47.4,86.97,52.51,8.53,85.52,89.28,18.6,5.7,9,1,0,1,4,2
S4364,21,76.46,69.5,55.46,90.97,52.28,4.0,69.15,66.06,14.9,5.2,3,0,0,0,2,2
S4365,23,98.02,70.71,96.64,70.83,59.36,9.94,59.97,67.92,5.1,7.3,2,1,0,1,4,0
S4366,23,54.48,65.0,89.43,85.84,55.03,8.51,90.69,85.91,16.7,7.5,3,1,0,0,4,2
S4367,23,84.15,87.36,86.91,95.81,77.81,9.74,74.43,50.57,8.0,5.4,4,0,1,0,3,1
S4368,24,98.11,65.49,91.87,96.04,67.9,8.66,78.38,73.2,28.1,8.9,5,0,1,1,1,2
S4369,20,65.03,56.16,84.98,85.2,72.25,7.76,57.7,67.16,28.0,5.4,6,1,1,1,4,0
S4370,24,93.07,91.72,47.24,81.85,79.7,9.44,59.64,92.7,25.1,8.1,7,0,0,0,1,1
S4371,23,96.68,75.81,70.99,76.58,82.96,4.2,56.29,89.56,8.9,5.5,10,1,1,0,3,2
S4372,20,87.35,75.49,66.65,59.16,82.41,7.83,75.73,66.6,8.7,6.1,3,0,1,0,4,1
S4373,22,61.57,76.65,58.67,56.18,63.04,2.13,88.78,93.24,19.1,7.3,9,0,1,0,4,1
S4374,24,66.7,83.13,90.04,74.29,90.48,7.33,86.61,95.68,23.2,6.8,3,0,1,1,2,0
S4375,21,51.79,58.78,67.85,57.97,95.89,7.85,63.06,77.62,27.6,6.5,3,0,0,0,4,1
S4376,23,91.57,42.03,43.62,78.85,65.8,7.17,92.58,57.96,27.4,8.0,8,0,0,1,0,0
S4377,19,92.48,88.64,56.5,82.29,50.85,8.5,55.28,88.52,8.9,7.5,10,1,0,1,3,0
S4378,22,81.64,47.73,53.72,76.28,94.96,4.13,55.7,65.97,29.9,8.6,3,0,1,0,0,2
S4379,20,67.63,83.31,93.25,51.82,96.18,5.45,92.47,76.36,8.9,5.2,7,0,1,0,4,0
S4380,24,53.84,44.94,78.85,52.89,52.55,0.11,62.22,52.28,26.0,4.1,1,1,0,0,4,2
S4381,21,87.65,62.52,73.62,55.67,50.25,1.46,85.41,75.0,19.7,9.0,1,1,1,0,0,1
S4382,18,86.33,43.78,70.4,57.68,90.82,6.44,50.45,69.01,22.0,5.4,5,1,1,0,2,1
S4383,21,95.63,71.33,79.01,99.49,65.07,5.62,54.68,84.3,20.1,4.2,9,0,0,0,2,0
S4384,21,86.53,79.19,85.29,67.22,95.73,1.97,80.46,52.04,26.7,5.2,8,0,0,1,0,2
S4385,23,91.43,50.29,73.26,64.6,60.84,2.43,59.12,81.25,20.9,7.3,2,1,0,1,0,1
S4386,23,87.3,62.3,96.3,52.61,93.06,3.44,51.41,88.6,26.2,6.9,8,1,0,0,3,2
S4387,24,81.53,95.81,98.61,81.77,53.43,7.16,73.35,50.64,8.9,5.0,10,1,0,0,2,1
S4388,24,71.35,66.54,99.72,82.61,63.03,6.1,66.53,87.5,26.7,4.9,9,1,1,0,1,2
S4389,20,95.11,88.15,80.16,58.77,98.66,0.7,90.11,56.51,29.8,6.2,4,0,0,0,4,0
S4390,24,82.55,95.63,95.96,95.96,61.56,7.6,90.94,84.9,21.5,4.1,9,0,0,0,4,1
S4391,20,69.92,98.46,64.27,90.02,56.65,2.63,80.72,72.76,29.4,4.0,4,0,0,1,0,0
S4392,23,54.17,93.9,91.58,61.52,92.85,6.72,64.65,77.6,10.5,7.1,8,0,0,1,1,0
S4393,23,64.54,59.04,94.55,74.29,55.89,1.23,73.08,66.87,25.7,5.6,7,0,1,1,2,2
S4394,19,77.19,97.75,94.25,72.92,54.87,9.98,85.11,62.27,9.2,4.1,7,1,1,0,2,0
S4395,19,63.78,88.74,89.85,67.43,66.17,0.8,53.47,53.55,17.9,6.3,9,0,0,0,2,0
S4396,22,61.06,90.23,64.4,90.88,81.77,7.42,66.62,93.23,21.6,8.7,8,1,1,0,0,0
S4397,23,76.37,40.91,49.53,55.46,85.54,5.41,91.12,80.52,21.5,5.3,10,1,1,1,0,0
S4398,18,58.49,97.25,60.04,70.77,94.06,0.86,70.3,99.14,21.8,5.3,10,1,0,0,4,2
S4399,19,90.02,86.69,86.04,71.4,77.05,0.27,81.23,92.52,13.0,6.3,6,0,1,0,4,2
S4400,20,74.22,86.08,53.97,73.44,69.67,3.63,54.82,93.48,29.3,4.7,4,1,0,1,2,0
S4401,21,78.69,44.89,68.7,93.07,67.94,8.02,88.85,79.89,5.2,7.2,5,0,1,0,4,1
S4402,24,57.37,53.95,73.92,60.91,92.35,0.41,55.02,54.05,20.5,8.2,4,1,0,1,4,0
S4403,24,66.23,97.74,76.23,55.15,86.19,7.04,93.08,95.67,26.7,5.0,1,0,1,1,2,0
S4404,22,70.5,70.04,96.14,80.89,95.27,6.55,55.33,55.89,27.3,7.3,6,1,0,0,0,1
S4405,19,90.41,63.87,79.69,58.69,98.2,2.66,94.54,75.86,23.0,8.4,9,0,1,0,4,1
S4406,21,88.51,90.4,87.18,53.75,65.0,0.77,68.19,92.84,19.4,8.5,7,1,1,0,0,0
S4407,21,61.15,45.24,74.91,71.33,76.48,9.15,81.23,73.62,16.4,6.8,10,1,1,1,1,2
S4408,19,80.81,65.02,90.01,60.98,81.59,3.0,92.33,58.28,16.2,4.8,4,1,0,1,0,2
S4409,18,62.17,62.54,55.82,68.06,58.19,1.11,50.51,68.66,15.6,7.3,1,1,1,1,3,1
S4410,18,99.41,60.99,52.59,62.99,52.67,6.82,63.28,99.42,22.5,7.7,8,0,1,0,3,0
S4411,22,97.61,58.46,95.58,54.63,93.39,2.17,95.42,99.99,23.3,7.8,2,0,0,1,2,0
S4412,18,78.16,52.6,81.61,78.02,76.78,4.76,69.41,85.54,17.9,8.7,2,0,1,0,3,0
S4413,22,84.95,50.37,80.29,51.35,78.54,0.5,85.32,94.4,23.5,7.1,7,1,1,1,1,0
S4414,20,90.07,78.42,68.04,98.32,77.75,9.93,57.0,52.21,18.2,6.3,8,1,0,1,0,0
S4415,19,86.05,95.16,62.6,67.07,87.75,4.48,83.92,63.8,7.4,6.5,2,1,1,1,0,1
S4416,21,84.99,70.53,73.34,84.76,57.28,9.99,53.66,68.45,26.3,5.6,2,1,0,0,4,2
S4417,22,97.93,57.88,47.23,90.52,80.7,3.86,85.87,50.6,26.8,4.3,4,1,0,0,4,1
S4418,24,79.82,49.55,67.28,63.96,73.47,3.48,66.19,68.85,11.7,7.6,9,1,0,1,4,1
S4419,18,81.82,89.81,67.32,87.44,94.85,9.15,73.29,54.65,24.7,4.1,9,0,0,0,0,0
S4420,24,92.46,98.29,72.3,91.62,75.98,3.29,58.31,75.87,17.8,4.3,8,0,0,0,0,1
S4421,22,83.49,60.95,78.08,62.07,97.15,4.32,81.39,50.22,8.1,5.7,7,0,0,0,4,0
S4422,23,86.65,57.46,97.44,99.62,67.66,0.78,66.88,63.52,14.9,8.7,8,0,1,1,0,1
S4423,22,61.71,76.09,79.13,51.03,98.34,9.55,69.17,93.31,6.9,6.4,7,0,0,1,1,0
S4424,18,68.56,86.52,93.02,60.85,93.76,0.85,82.61,60.65,24.7,5.1,3,0,0,0,4,2
S4425,23,57.37,67.32,73.38,89.0,79.21,7.71,58.94,53.24,9.9,8.5,4,0,0,1,3,0
S4426,23,75.29,77.8,77.62,59.71,67.69,5.39,92.6,62.49,9.1,6.9,2,0,1,0,4,0
S4427,18,72.79,82.99,44.19,84.91,68.8,0.61,86.96,91.38,10.2,5.8,8,1,0,1,3,2
S4428,23,99.86,97.64,48.0,92.78,88.64,0.02,78.89,79.36,10.7,7.6,8,1,1,0,2,0
S4429,19,80.56,49.9,74.78,97.96,79.03,9.36,56.42,79.3,21.8,6.2,7,1,0,0,3,0
S4430,21,89.32,99.84,63.74,73.71,70.08,7.42,84.36,50.03,21.0,7.6,9,1,0,1,1,2
S4431,24,66.7,63.53,87.93,98.56,81.8,6.86,50.9,73.61,8.2,5.1,7,1,0,0,0,0
S4432,19,91.58,83.39,72.59,70.58,86.66,4.39,90.22,63.28,23.1,4.8,3,1,1,0,1,1
S4433,19,80.75,74.34,92.94,60.91,51.15,2.39,65.19,66.81,13.7,6.3,8,1,0,0,2,0
S4434,18,84.85,69.2,98.34,75.7,54.49,6.8,55.86,79.93,16.4,5.6,3,0,1,0,1,1
S4435,18,64.72,81.88,48.86,82.49,54.72,6.08,58.22,93.72,8.1,7.0,1,0,1,0,1,2
S4436,24,77.43,63.75,63.69,72.9,61.6,7.26,98.16,59.08,22.7,7.9,1,1,1,0,2,1
S4437,21,81.7,47.57,79.9,78.35,71.35,3.66,88.69,88.41,14.4,8.5,4,0,1,1,1,2
S4438,22,79.45,69.33,58.33,70.82,90.18,9.87,61.89,52.45,20.8,7.8,2,0,0,1,2,0
S4439,19,95.76,71.31,56.02,76.24,67.55,0.67,98.17,66.34,15.7,5.7,10,0,1,1,0,0
S4440,23,94.91,52.11,88.82,97.63,50.87,0.8,57.01,60.95,6.2,7.6,8,0,0,0,4,2
S4441,21,98.55,96.14,98.82,74.99,74.17,9.17,86.68,95.78,22.6,6.6,1,0,0,1,0,1
S4442,19,83.37,53.65,86.43,62.66,99.83,6.48,82.84,58.9,18.8,8.5,6,1,1,0,0,1
S4443,22,98.6,64.55,71.42,87.94,67.45,3.26,91.07,78.93,15.9,7.5,4,0,0,0,0,1
S4444,23,91.62,49.3,66.55,66.88,98.06,7.62,69.08,58.24,10.0,4.8,8,1,0,0,1,1
S4445,19,63.54,72.15,72.38,90.81,55.07,4.53,70.09,73.67,20.6,4.4,3,1,1,1,0,0
S4446,20,71.37,58.46,67.77,52.84,58.65,0.21,81.23,70.67,11.9,6.7,5,1,0,0,2,1
S4447,24,61.92,69.36,70.17,66.61,86.21,6.51,69.91,52.07,15.7,5.8,7,0,0,1,2,2
S4448,21,50.21,53.48,52.21,54.72,75.06,2.43,52.07,91.29,6.4,4.8,1,1,1,0,2,1
S4449,24,59.4,43.23,94.22,54.27,88.26,1.15,86.49,89.01,24.4,8.0,4,1,1,1,2,2
S4450,18,50.2,86.75,85.27,82.92,93.18,2.25,82.05,63.89,7.3,5.9,2,1,1,0,0,2
S4451,19,85.99,78.47,80.86,69.27,62.55,4.76,71.19,80.7,27.3,4.4,4,1,0,0,3,0
S4452,23,71.28,60.44,97.0,93.57,84.14,0.5,65.14,68.13,26.7,5.3,2,0,1,1,4,2
S4453,23,65.63,42.85,57.06,75.82,80.38,8.83,66.04,88.46,29.3,7.4,2,1,1,0,3,1
S4454,21,88.09,91.93,44.87,64.77,93.08,5.6,87.05,84.62,27.7,7.2,10,1,1,1,1,1
S4455,21,91.62,50.19,89.57,86.04,71.51,2.93,86.46,54.52,29.3,5.3,7,1,0,1,0,0
S4456,24,98.76,95.84,99.91,81.2,52.59,6.87,90.95,92.21,27.2,5.7,8,1,1,0,3,1
S4457,23,82.1,68.72,74.71,89.98,78.71,8.04,88.11,58.97,7.8,4.2,7,0,0,1,0,2
S4458,23,73.08,60.42,43.53,82.18,97.94,6.14,87.9,58.71,15.9,8.8,9,1,0,1,2,1
S4459,23,65.26,84.51,86.83,58.35,50.73,2.02,62.59,86.69,6.9,5.6,8,1,1,0,1,2
S4460,19,61.12,92.61,44.42,83.52,62.01,1.1,55.08,59.16,18.6,8.6,8,1,0,0,3,1
S4461,23,60.65,62.24,72.4,69.58,65.8,8.6,88.09,56.12,18.2,8.1,6,1,0,1,4,1
S4462,18,70.46,64.44,56.65,73.16,88.29,2.35,54.93,66.78,28.1,5.7,5,1,0,0,2,1
S4463,23,99.59,65.99,94.9,96.08,66.16,0.2,99.11,91.94,29.2,7.5,1,1,1,0,2,2
S4464,18,50.04,95.34,67.08,68.0,61.95,6.43,93.75,58.84,11.5,6.4,2,0,0,0,1,2
S4465,19,59.86,81.55,93.91,80.6,82.43,1.53,76.67,66.95,19.6,8.9,10,1,0,0,2,0
S4466,21,59.42,54.86,57.94,68.17,52.32,9.91,67.61,64.31,16.6,7.2,1,0,1,1,2,2
S4467,18,85.86,51.1,63.24,54.74,58.53,8.7,76.34,67.8,18.7,6.6,9,0,0,0,3,2
S4468,19,67.62,53.82,96.83,72.68,70.4,6.08,86.72,85.71,18.3,7.2,4,1,1,0,2,1
S4469,23,72.86,55.81,52.08,79.85,67.78,8.34,87.82,70.27,27.9,5.1,3,0,0,1,1,1
S4470,19,57.43,53.81,74.71,70.38,67.36,4.71,53.68,87.98,27.4,5.5,10,1,1,1,0,0
S4471,23,70.25,79.51,63.31,69.53,55.43,7.88,90.24,82.02,8.1,7.6,2,0,1,1,1,0
S4472,24,55.16,46.96,86.45,91.02,68.04,6.47,82.07,68.05,13.6,4.4,7,1,0,1,1,0
S4473,19,76.65,63.24,47.76,51.48,89.9,0.29,52.03,71.61,23.8,5.5,6,0,1,1,0,1
S4474,21,54.9,77.5,66.23,64.78,70.69,9.49,65.66,85.18,22.1,7.1,10,0,0,1,3,0
S4475,18,89.53,57.45,81.94,90.59,79.31,8.61,75.53,76.74,20.8,9.0,10,1,0,1,4,1
S4476,24,78.33,43.92,64.42,96.03,58.18,9.53,59.42,93.42,29.8,8.6,7,0,1,1,4,1
S4477,21,86.2,44.91,43.51,70.61,53.49,7.31,57.76,96.66,13.4,8.2,1,0,0,0,1,0
S4478,20,70.93,47.56,82.31,94.44,94.0,4.12,50.71,85.89,17.9,6.5,1,0,0,0,3,2
S4479,23,69.07,90.15,70.19,59.95,66.57,2.07,95.58,99.46,29.5,8.0,10,0,0,0,3,0
S4480,18,54.91,79.47,40.68,61.07,67.52,1.8,52.81,79.83,22.4,6.8,4,0,0,0,3,0
S4481,21,76.19,43.87,76.76,92.31,93.88,1.45,68.3,51.99,21.2,6.3,5,1,0,1,3,1
S4482,18,75.73,63.46,95.19,95.16,85.39,2.21,60.29,75.24,8.9,5.1,2,0,1,1,1,1
S4483,20,73.41,56.72,46.66,61.14,87.81,5.51,87.05,61.5,11.2,8.8,10,0,0,1,2,2
S4484,22,87.03,74.68,75.44,52.97,84.1,6.84,85.36,66.69,14.4,7.0,6,1,0,0,4,1
S4485,23,91.63,71.37,83.72,54.52,55.29,3.14,90.31,74.5,16.6,7.4,2,1,0,1,4,2
S4486,23,87.54,68.87,44.25,63.07,97.9,5.49,80.84,64.75,17.4,4.7,7,1,1,1,0,2
S4487,19,57.19,58.87,41.36,88.07,95.46,3.41,79.58,65.48,27.6,6.2,10,0,1,0,1,2
S4488,23,81.1,48.27,67.85,75.5,61.81,6.97,70.36,70.1,7.7,8.8,2,0,1,0,4,2
S4489,23,54.02,84.54,87.47,72.78,90.2,9.88,81.82,64.32,11.2,7.8,1,0,1,1,1,0
S4490,21,84.73,92.79,49.64,79.21,70.47,6.89,55.76,58.48,8.6,8.4,9,0,0,0,1,0
S4491,24,69.09,96.65,90.2,94.51,84.19,0.59,84.23,88.28,23.4,6.0,4,1,1,0,3,0
S4492,23,56.62,43.52,79.39,54.52,58.28,4.77,55.19,69.76,29.3,4.3,1,1,1,0,0,0
S4493,23,93.1,84.39,59.93,84.74,76.93,7.7,93.09,91.59,27.3,5.8,8,0,0,1,1,1
S4494,20,80.7,83.59,70.95,96.34,56.33,5.42,75.28,94.14,23.1,5.9,9,0,0,1,4,2
S4495,24,67.74,96.83,97.93,60.67,76.81,9.51,76.52,87.55,5.5,5.5,6,0,0,0,4,1
S4496,20,51.54,55.17,52.99,91.89,62.18,0.55,79.24,69.83,13.7,6.6,10,0,1,1,0,0
S4497,18,76.87,84.53,69.97,84.9,72.62,2.91,88.8,86.07,26.6,5.0,10,1,0,0,1,2
S4498,18,96.16,43.28,77.47,50.72,83.4,2.21,73.92,57.76,21.3,8.7,4,1,1,1,3,2
S4499,23,79.82,77.87,48.28,61.58,93.85,7.68,71.38,83.06,10.2,8.5,2,0,1,0,0,1
S4500,23,98.58,61.05,42.61,80.29,58.26,5.24,64.42,70.3,16.7,5.3,8,1,1,0,1,0
S4501,19,56.82,86.13,40.81,75.12,94.66,1.38,56.4,82.78,7.2,7.3,3,0,0,1,0,1
S4502,18,78.42,91.8,59.48,76.4,69.5,2.86,59.52,87.74,18.0,6.5,6,0,0,0,3,2
S4503,21,89.91,61.89,44.44,61.6,92.19,5.23,50.03,78.13,27.5,5.3,6,1,0,1,2,0
S4504,23,76.28,71.54,88.23,83.75,75.63,9.96,93.47,82.12,6.0,8.5,1,0,0,1,2,0
S4505,21,54.55,47.04,99.84,63.32,93.11,3.64,88.25,60.68,20.3,5.2,7,1,1,0,2,1
S4506,23,79.14,65.01,43.68,69.47,83.14,1.57,60.93,79.63,10.8,7.1,7,0,1,1,3,1
S4507,21,80.59,61.65,65.96,68.45,75.44,4.97,50.12,73.02,29.8,5.7,5,1,0,0,3,1
S4508,22,86.44,50.99,41.54,83.6,65.63,3.1,74.61,71.4,6.6,8.1,2,0,1,1,0,0
S4509,21,88.06,93.67,48.04,54.51,98.45,5.66,70.63,70.52,20.4,7.1,4,1,1,1,4,2
S4510,24,88.54,48.89,59.38,60.28,90.04,4.67,88.8,65.55,11.4,8.2,7,0,1,0,3,0
S4511,18,83.17,78.14,63.62,60.02,69.06,6.89,70.14,65.27,27.1,5.7,6,0,0,0,3,0
S4512,23,60.79,93.41,96.39,55.42,58.34,9.14,93.21,84.99,8.0,4.1,9,1,1,1,2,0
S4513,18,70.21,94.72,63.75,60.38,88.98,2.01,54.79,77.89,15.7,5.1,8,0,0,0,2,0
S4514,24,88.81,87.59,69.78,80.35,99.5,8.21,68.29,51.5,9.6,8.1,5,1,1,1,2,1
S4515,24,97.67,50.57,54.74,86.61,63.95,9.49,96.7,52.43,25.0,5.6,7,1,1,1,4,1
S4516,21,53.95,89.05,40.01,83.02,95.79,3.74,50.59,78.51,13.8,5.6,3,0,1,0,2,2
S4517,20,76.78,56.59,93.96,73.76,56.27,1.14,69.54,92.31,9.7,6.2,4,0,1,0,2,0
S4518,20,65.63,95.34,44.9,52.62,97.61,8.22,62.99,52.2,23.1,5.4,7,0,0,1,4,0
S4519,24,61.27,82.55,97.85,97.95,87.27,7.01,76.59,75.36,25.4,8.0,1,0,0,1,2,2
S4520,20,75.29,87.12,47.85,58.4,67.33,2.13,63.94,92.56,16.6,5.6,9,1,0,1,0,0
S4521,23,80.3,45.1,76.29,83.42,65.23,4.45,93.5,50.22,14.5,7.0,7,0,1,0,0,0
S4522,19,50.49,74.97,99.96,95.64,82.17,5.78,96.86,63.79,20.8,6.3,9,0,0,1,1,2
S4523,22,89.01,89.27,48.31,84.89,79.68,1.7,92.46,96.0,21.3,5.4,7,0,0,1,0,2
S4524,21,90.99,91.7,65.44,60.9,95.95,7.15,69.93,54.07,21.5,5.3,5,1,0,1,4,2
S4525,19,98.28,41.72,86.83,65.79,88.31,6.9,99.5,80.35,11.9,6.5,1,0,0,0,2,2
S4526,20,59.03,96.35,41.93,51.51,77.02,8.87,86.75,75.37,28.5,5.1,7,1,1,0,1,0
S4527,21,79.73,42.6,81.39,80.64,96.38,5.67,67.78,57.58,10.3,5.7,10,0,1,0,3,2
S4528,19,71.33,76.87,44.82,80.65,79.64,5.74,54.68,52.12,14.4,4.2,9,1,1,1,3,2
S4529,18,66.74,81.6,54.19,86.28,92.48,6.19,83.35,75.13,12.1,8.0,3,0,1,1,0,1
S4530,20,78.28,46.44,49.6,50.55,92.05,2.74,86.43,86.76,28.3,4.2,5,0,0,0,1,1
S4531,19,89.12,42.88,94.44,90.89,95.96,7.59,56.12,58.86,25.7,8.4,10,1,1,1,3,2
S4532,23,51.15,87.09,50.83,86.94,53.38,6.62,77.49,84.57,25.3,4.2,3,0,1,1,3,2
S4533,18,98.47,63.08,42.43,57.04,79.19,8.39,99.35,77.32,5.1,8.2,1,0,1,1,3,1
S4534,20,90.49,46.43,75.26,67.38,73.42,7.69,66.31,67.89,22.1,7.2,8,0,0,0,0,2
S4535,22,87.56,85.76,60.77,81.93,74.53,6.39,65.09,83.22,10.8,6.5,7,1,1,0,0,1
S4536,24,88.02,90.95,64.34,74.79,73.0,1.61,95.17,59.6,29.2,4.7,10,0,0,1,1,1
S4537,20,69.45,75.24,47.14,55.75,91.87,9.19,55.87,72.85,18.3,5.3,8,1,1,0,0,1
S4538,23,87.58,49.67,84.89,54.37,65.92,3.67,96.68,77.47,19.1,7.5,3,1,0,0,0,0
S4539,22,69.34,40.91,76.09,89.07,73.14,9.64,88.97,72.93,13.9,6.6,5,1,1,0,4,1
S4540,22,94.94,82.05,61.85,57.8,60.03,4.02,69.54,69.88,18.4,6.6,7,0,1,0,0,2
S4541,22,58.86,73.01,50.29,58.6,62.59,1.46,54.18,87.05,23.7,4.7,9,1,1,1,1,2
S4542,21,64.62,79.05,75.61,91.55,83.02,8.85,50.96,82.81,19.0,6.4,6,1,1,1,0,1
S4543,21,77.57,88.79,86.72,80.61,55.85,7.95,68.79,81.97,21.0,7.0,3,0,0,1,0,0
S4544,24,65.96,66.05,58.74,80.24,59.39,7.86,85.27,94.59,16.8,4.6,7,1,0,1,4,2
S4545,22,71.21,47.47,41.55,73.97,76.4,0.89,74.38,99.68,22.9,8.9,7,1,0,0,1,1
S4546,24,74.62,96.4,52.86,78.45,52.19,8.79,86.93,78.36,27.5,8.2,3,0,0,1,3,2
S4547,18,92.82,72.72,80.94,80.09,56.35,5.96,83.53,67.41,6.3,5.6,5,0,0,0,4,1
S4548,22,76.16,76.92,99.35,98.39,93.17,4.7,78.65,88.94,7.7,6.8,6,1,0,1,0,2
S4549,19,68.12,96.0,40.8,61.15,92.31,9.13,98.37,57.1,22.1,6.8,1,0,0,0,2,0
S4550,22,62.39,95.9,58.37,60.73,67.39,6.66,86.42,75.65,14.4,4.5,1,0,0,1,4,0
S4551,21,70.43,74.33,43.72,52.86,67.4,1.33,95.73,76.23,12.0,6.2,4,0,1,0,4,0
S4552,21,75.79,57.86,58.98,82.91,96.83,5.2,62.11,99.17,9.5,5.0,10,1,1,1,1,0
S4553,19,87.31,99.83,64.35,77.45,51.29,6.37,85.68,99.55,19.3,5.7,7,1,1,1,3,2
S4554,19,56.05,80.85,95.25,55.56,79.01,8.99,79.89,89.96,13.7,8.7,7,0,1,0,3,2
S4555,20,61.08,64.51,44.83,68.23,79.87,2.8,96.21,73.65,17.7,6.8,8,1,0,0,3,0
S4556,18,68.98,73.59,86.63,58.93,89.39,7.94,75.52,77.36,29.0,4.3,6,0,1,1,4,2
S4557,18,68.02,64.95,63.73,66.57,97.59,8.0,63.98,65.99,24.0,7.4,7,0,1,1,2,1
S4558,18,69.59,93.3,88.68,97.56,67.79,1.28,69.24,91.49,24.9,9.0,6,0,1,0,1,0
S4559,23,89.68,68.95,70.8,84.17,71.89,0.17,60.94,87.33,8.1,4.8,5,0,0,1,2,2
S4560,21,66.21,89.41,42.36,50.38,83.56,5.81,61.0,88.57,13.1,7.4,10,0,1,0,3,1
S4561,18,75.09,90.41,96.77,62.63,98.36,7.89,73.52,56.93,7.7,8.1,6,1,0,0,4,1
S4562,20,81.2,89.46,44.96,50.52,94.54,5.54,94.63,69.93,29.2,8.2,10,1,1,0,3,2
S4563,20,61.61,83.33,75.86,85.74,83.35,8.13,59.59,76.87,22.1,7.5,4,1,1,1,2,0
S4564,18,85.93,91.29,92.66,73.47,92.84,6.22,64.39,56.23,5.5,8.5,7,1,0,1,3,1
S4565,19,77.36,63.23,44.79,99.7,54.26,6.53,92.65,68.43,16.9,4.2,8,0,0,0,0,0
S4566,20,72.34,46.88,73.23,86.68,68.86,0.28,66.96,54.37,11.6,4.3,8,0,1,1,1,2
S4567,24,90.49,90.55,89.46,75.9,50.65,0.89,98.12,97.94,18.5,4.7,4,1,0,0,2,2
S4568,19,62.17,69.89,99.18,90.24,58.87,7.25,63.45,87.56,9.5,4.2,3,1,0,0,0,2
S4569,24,94.16,47.64,83.46,85.24,81.52,7.63,72.11,81.04,6.4,4.6,7,0,1,0,3,0
S4570,21,78.05,46.92,56.7,62.19,94.28,5.42,54.78,60.24,13.1,8.1,7,0,0,0,1,0
S4571,23,80.46,49.55,81.97,76.51,81.64,5.9,99.61,66.71,12.4,8.5,3,0,0,1,1,1
S4572,20,93.75,85.06,82.35,77.8,83.21,6.14,94.51,57.22,22.9,5.7,1,1,1,0,1,1
S4573,19,90.88,82.65,82.0,72.56,55.19,1.05,90.88,76.81,16.9,8.8,3,0,1,1,4,0
S4574,24,80.08,52.23,91.26,58.96,83.24,6.68,57.87,91.03,12.3,6.1,3,0,1,0,1,2
S4575,18,87.66,90.82,45.24,61.17,72.72,4.78,98.47,50.95,19.3,4.9,6,1,1,0,0,0
S4576,24,71.67,56.88,46.51,64.05,82.57,6.03,96.46,55.17,6.8,7.4,2,1,0,1,2,1
S4577,24,77.37,87.58,78.44,50.51,66.31,5.63,71.78,61.47,21.6,6.1,4,1,1,0,0,2
S4578,21,53.1,69.33,97.23,95.85,79.07,7.63,84.08,85.7,8.7,4.1,5,0,0,1,3,1
S4579,22,54.49,83.89,67.95,84.3,71.2,3.19,99.62,94.7,12.0,8.8,6,0,1,1,4,2
S4580,22,91.47,62.88,97.63,84.48,77.93,3.74,70.49,87.65,12.1,7.0,10,1,0,0,4,0
S4581,18,52.98,60.83,96.29,78.62,57.35,3.92,55.65,76.25,16.6,7.1,9,0,0,1,3,1
S4582,21,58.47,90.48,94.17,84.47,69.79,7.62,93.39,55.26,28.8,8.9,10,0,1,0,2,2
S4583,21,89.79,42.12,94.59,99.09,68.71,4.31,73.82,87.75,13.1,8.2,5,0,0,0,4,1
S4584,21,50.06,98.48,93.9,69.26,86.82,1.77,99.35,55.28,12.0,5.8,2,1,0,0,3,0
S4585,21,64.12,78.89,89.19,85.63,85.32,9.83,77.54,67.38,9.2,4.2,7,1,0,1,3,1
S4586,22,79.2,65.95,81.7,67.98,95.44,4.93,51.47,65.4,14.8,5.1,10,0,0,0,3,1
S4587,19,79.77,77.68,41.46,92.71,81.6,1.09,74.59,67.96,9.6,5.8,1,0,1,1,3,2
S4588,21,88.86,47.36,47.94,92.9,65.73,6.7,85.9,66.48,8.4,8.8,8,0,1,0,1,2
S4589,19,75.3,70.84,48.05,95.11,89.16,7.39,51.3,88.46,26.4,8.4,7,0,0,0,2,0
S4590,24,75.47,99.11,41.41,50.27,74.85,5.0,70.67,58.59,6.3,4.1,8,1,1,1,3,2
S4591,24,86.27,54.12,47.0,64.91,59.67,6.46,57.78,92.29,22.8,8.9,1,1,0,0,1,2
S4592,21,74.93,83.34,95.18,56.7,87.37,1.73,82.15,92.91,10.1,5.3,6,0,1,1,1,1
S4593,20,80.42,66.1,79.83,72.7,56.63,3.68,97.87,74.55,5.3,7.9,5,0,1,1,0,0
S4594,23,94.89,79.15,58.72,74.77,58.91,1.62,81.23,55.31,24.9,4.6,2,1,0,0,3,0
S4595,20,70.07,52.29,87.6,62.8,87.94,3.87,84.74,78.77,22.6,5.1,8,0,0,1,1,2
S4596,24,69.26,68.23,69.3,86.17,88.51,5.63,69.83,91.05,13.4,6.5,10,1,1,1,0,1
S4597,23,50.18,98.81,48.53,63.49,89.54,4.43,78.16,64.47,7.0,7.5,2,0,1,1,0,0
S4598,20,80.67,51.72,93.07,92.69,64.67,5.93,77.19,91.89,14.0,5.7,2,1,0,0,3,0
S4599,21,51.49,78.19,60.32,58.88,93.33,5.02,87.98,83.85,9.5,8.4,9,0,0,0,4,1
S4600,19,75.21,74.54,81.93,68.36,86.13,3.18,92.85,99.36,28.3,8.7,6,0,0,0,1,2
S4601,23,90.21,73.9,57.44,81.11,91.7,1.43,83.14,91.24,18.2,4.6,3,1,0,0,4,2
S4602,22,77.5,76.91,70.0,80.27,85.43,2.53,98.99,60.08,29.1,7.6,9,1,1,1,0,2
S4603,18,63.48,70.13,88.98,53.9,78.98,2.01,91.41,72.45,13.8,4.7,2,0,0,1,4,1
S4604,23,89.31,41.02,49.41,92.31,55.47,7.07,56.23,55.18,18.9,5.7,8,0,1,0,4,1
S4605,23,63.49,94.01,98.64,79.9,85.55,8.2,75.37,53.48,9.8,8.1,4,1,1,0,3,0
S4606,22,86.65,89.62,44.21,93.49,84.52,7.2,95.16,85.3,25.2,5.7,10,1,1,1,0,1
S4607,21,80.51,50.45,72.04,93.38,65.62,6.44,97.2,95.65,6.0,8.5,2,0,0,1,2,2
S4608,20,58.5,64.8,94.96,77.3,86.79,3.08,69.01,98.68,22.4,6.1,5,0,1,1,1,0
S4609,20,95.26,86.23,96.74,95.54,77.52,7.11,86.29,63.52,14.8,5.5,3,1,0,1,3,1
S4610,24,60.03,98.8,53.93,92.42,77.97,6.05,70.53,60.09,19.5,8.9,9,1,0,0,3,1
S4611,19,99.48,97.07,48.64,97.91,68.38,0.47,56.18,78.01,19.8,6.2,8,1,1,1,2,0
S4612,21,50.37,93.96,83.46,92.52,55.84,9.08,94.23,60.04,22.8,7.7,6,1,1,1,3,2
S4613,22,63.17,49.5,42.52,91.06,60.85,0.8,96.6,64.8,10.1,7.0,6,1,0,0,0,2
S4614,21,59.99,94.87,69.11,73.47,88.44,5.03,75.24,91.86,18.3,5.0,9,0,0,1,3,1
S4615,21,50.7,92.71,87.78,60.6,63.57,5.13,50.92,90.52,15.7,6.5,2,0,0,0,3,0
S4616,20,86.62,62.62,73.62,95.54,50.11,8.37,90.8,94.75,12.1,4.4,7,1,1,0,2,1
S4617,22,84.67,63.67,51.28,86.13,99.85,9.13,73.85,74.11,17.4,7.5,3,0,0,0,1,0
S4618,18,89.62,67.59,69.22,64.09,60.53,9.4,53.75,78.2,28.8,6.6,3,0,0,1,1,1
S4619,23,62.83,79.37,95.28,67.05,82.77,5.7,59.47,88.53,28.7,4.6,4,1,1,1,4,2
S4620,20,72.22,55.65,77.03,84.3,96.35,6.79,57.61,61.96,12.0,7.8,5,0,0,0,0,0
S4621,22,82.96,41.38,83.29,73.89,79.99,0.89,84.31,91.15,27.1,8.0,5,0,1,0,2,2
S4622,19,71.99,48.47,60.18,54.07,89.95,4.88,64.97,50.88,26.9,7.7,10,0,0,1,1,2
S4623,23,84.87,66.41,51.31,57.07,98.82,8.98,56.38,89.88,11.2,5.6,1,1,1,1,2,0
S4624,23,81.7,56.92,55.34,87.28,93.02,4.56,95.88,88.8,20.0,7.6,10,1,0,1,4,0
S4625,20,55.73,85.87,71.99,66.43,77.9,0.7,97.83,65.09,26.7,6.9,6,0,1,1,1,1
S4626,24,89.05,46.4,56.81,75.38,68.19,2.01,56.93,86.4,17.9,6.7,2,0,1,0,2,0
S4627,19,86.03,95.05,72.52,88.33,74.12,4.3,61.51,60.7,14.2,7.2,2,0,0,1,0,1
S4628,20,82.79,93.72,82.47,87.56,92.09,2.38,79.61,78.81,21.3,7.2,9,0,1,1,0,0
S4629,21,57.75,94.53,84.06,58.35,92.67,3.92,57.53,85.03,9.3,8.0,1,0,0,1,4,2
S4630,24,63.4,84.38,49.88,54.92,92.29,3.33,57.93,85.73,9.0,8.9,2,0,0,0,1,0
S4631,22,69.66,46.42,85.03,79.56,79.86,3.19,66.83,99.15,25.8,7.6,10,1,1,1,1,0
S4632,19,64.0,66.29,80.36,87.08,73.85,0.91,97.46,59.1,6.0,6.2,9,0,0,0,0,1
S4633,23,61.39,47.88,40.72,57.45,65.57,8.83,98.12,74.04,25.1,6.3,4,0,1,0,4,1
S4634,20,90.27,99.26,43.53,68.6,50.17,6.93,92.09,94.01,12.3,4.1,4,1,0,0,3,2
S4635,23,81.91,59.98,78.77,93.51,88.22,6.23,84.79,78.08,17.1,4.8,10,0,0,1,0,0
S4636,19,78.27,75.12,63.02,97.21,63.85,6.06,86.03,93.82,18.6,5.1,9,0,0,0,0,1
S4637,23,61.3,86.76,48.77,72.7,66.48,3.97,73.48,71.7,24.2,9.0,5,0,0,0,2,0
S4638,20,95.9,95.24,42.66,53.98,92.17,8.23,76.51,89.77,27.1,7.8,4,0,0,0,4,2
S4639,24,59.56,85.33,49.56,62.88,52.61,9.3,81.72,93.5,25.1,4.7,9,1,1,1,3,1
S4640,20,89.75,80.47,97.45,61.65,96.38,0.06,86.56,92.32,19.3,6.5,4,0,1,0,4,2
S4641,18,98.33,67.96,83.65,61.95,50.07,0.79,54.84,93.57,13.7,5.1,4,1,1,0,4,1
S4642,23,86.35,76.32,71.66,74.69,96.96,6.75,61.24,60.98,18.2,5.5,7,0,0,1,0,0
S4643,18,99.64,45.65,96.49,79.16,72.74,2.36,98.15,71.95,5.8,7.0,10,0,0,0,0,1
S4644,24,82.55,93.04,77.15,56.13,55.11,9.12,66.76,58.73,11.1,7.0,10,1,1,0,0,2
S4645,18,60.87,72.63,83.54,94.47,83.71,6.67,63.42,59.03,14.2,8.4,1,0,1,0,2,1
S4646,23,60.19,42.41,56.96,81.0,94.79,3.68,71.1,74.39,13.0,4.8,3,1,1,1,3,0
S4647,19,66.23,95.19,75.34,79.86,71.9,4.15,64.55,98.0,7.4,6.5,10,1,0,1,3,0
S4648,21,50.36,69.36,48.61,99.36,84.57,6.91,54.56,79.6,6.3,7.0,4,1,0,0,4,2
S4649,24,84.08,92.12,64.27,81.41,98.97,1.41,60.4,92.69,15.5,8.7,8,0,1,1,0,2
S4650,20,63.43,91.41,41.99,96.45,62.04,8.83,82.01,96.86,6.9,6.6,9,0,0,1,4,1
S4651,22,90.76,88.95,53.0,64.31,91.02,0.05,61.16,54.33,12.2,5.7,1,0,0,0,0,0
S4652,24,67.96,43.68,44.49,62.01,64.76,9.79,82.38,58.1,16.9,5.5,3,0,0,0,4,0
S4653,18,74.0,54.82,63.27,75.83,71.32,1.68,55.0,64.54,10.2,5.1,3,1,1,0,4,1
S4654,19,98.28,92.53,90.58,75.43,64.09,7.42,52.09,80.84,7.0,8.8,8,0,0,0,2,1
S4655,23,62.11,93.94,62.68,61.32,72.3,0.4,93.08,53.09,15.8,7.0,5,0,0,0,2,2
S4656,19,86.06,67.48,89.9,84.98,50.25,4.31,88.0,89.33,16.2,5.5,5,1,0,0,4,2
S4657,19,87.76,66.4,79.39,51.48,65.17,6.3,83.3,53.19,27.9,7.7,8,1,0,0,0,1
S4658,23,61.05,50.51,70.57,84.53,72.26,0.7,51.54,57.92,8.2,5.4,6,0,1,1,4,1
S4659,22,75.05,98.1,54.21,72.86,81.61,4.43,61.97,69.09,20.4,6.5,6,1,1,0,0,1
S4660,23,67.51,52.79,95.33,84.45,81.87,3.03,90.62,77.89,13.0,4.1,7,1,0,0,1,0
S4661,22,88.6,51.46,43.25,73.85,79.19,4.98,57.23,94.08,8.1,8.2,10,1,1,1,3,2
S4662,23,81.12,79.64,81.33,98.87,64.65,5.05,90.64,98.19,14.8,8.8,1,1,1,0,4,2
S4663,18,73.8,54.57,77.27,66.73,97.37,7.85,79.21,94.23,15.7,8.3,9,1,0,0,1,0
S4664,22,88.97,96.33,66.46,99.13,69.6,1.24,87.02,55.35,14.1,4.9,5,0,0,0,4,2
S4665,18,61.76,40.65,54.42,53.25,60.84,0.83,82.23,81.56,24.1,8.1,8,0,1,0,2,1
S4666,24,87.68,40.35,65.84,84.19,77.73,4.02,70.85,72.09,26.0,5.7,10,0,0,0,3,0
S4667,22,93.27,70.29,92.37,72.71,87.45,8.88,64.6,56.29,8.7,8.7,6,0,0,0,4,1
S4668,22,93.93,69.28,90.21,91.11,50.61,8.55,83.64,77.76,9.2,5.5,6,0,1,1,2,2
S4669,23,89.18,49.8,96.48,89.48,63.82,5.6,90.35,67.83,15.5,4.4,4,0,0,1,2,0
S4670,22,70.4,69.67,58.47,90.01,91.25,8.89,52.24,67.29,13.0,8.3,3,0,0,1,1,2
S4671,18,99.09,64.7,63.23,54.74,75.35,8.05,69.0,54.72,25.5,4.6,2,1,1,1,2,1
S4672,24,68.98,93.42,41.12,91.12,70.42,2.78,67.54,98.94,29.9,6.7,10,0,1,0,1,1
S4673,23,81.93,40.56,96.58,60.7,96.55,1.7,77.97,86.3,9.5,5.9,4,0,0,1,0,2
S4674,20,58.05,98.58,59.76,51.28,54.48,3.01,55.7,64.02,24.1,7.8,1,0,0,0,0,0
S4675,24,99.02,77.46,64.25,60.89,80.78,2.27,96.67,95.87,20.2,7.7,6,1,1,0,0,0
S4676,24,85.2,49.11,94.47,73.96,67.11,6.23,77.43,97.4,21.1,7.9,7,0,0,1,0,0
S4677,18,87.67,42.81,71.6,87.11,53.54,5.85,96.19,90.52,11.6,4.3,5,0,1,1,4,1
S4678,24,53.29,72.29,73.97,60.93,60.69,5.98,90.85,82.97,7.4,8.3,10,1,1,0,1,2
S4679,20,88.17,54.09,50.57,55.65,81.4,1.89,59.58,68.82,18.6,6.3,10,0,0,0,0,0
S4680,19,88.74,58.07,69.92,82.3,51.41,7.92,56.62,71.72,20.3,5.1,10,0,0,1,2,0
S4681,23,83.59,54.71,95.09,99.19,79.61,4.34,93.06,72.75,29.1,5.5,1,1,0,0,1,0
S4682,19,64.6,79.01,73.52,80.04,97.84,4.72,76.81,97.44,21.9,8.5,3,0,1,0,4,0
S4683,23,74.48,73.21,55.31,84.55,89.75,9.97,50.99,88.01,16.1,4.0,6,1,0,0,0,0
S4684,24,55.52,44.68,41.87,78.06,67.28,2.82,96.71,64.6,29.9,8.0,7,0,0,0,1,2
S4685,23,73.58,71.59,60.18,89.12,56.91,3.94,73.65,81.23,14.3,8.6,9,0,0,0,3,1
S4686,18,62.19,87.47,74.36,98.79,73.25,6.76,65.05,79.7,9.1,5.3,2,0,0,0,0,2
S4687,20,67.45,44.87,42.56,77.21,69.65,8.8,75.83,90.61,20.4,8.1,3,1,0,1,1,1
S4688,23,58.13,93.38,76.59,70.84,98.59,1.27,91.15,54.77,11.7,4.8,4,1,1,0,0,1
S4689,20,61.5,74.7,71.4,93.02,99.49,7.35,55.51,85.06,28.1,4.1,5,1,1,0,3,2
S4690,23,53.83,97.04,87.01,98.49,70.53,9.18,67.95,66.56,15.7,7.0,7,0,1,1,2,1
S4691,20,96.0,48.89,41.73,56.46,57.44,4.23,65.94,56.48,8.7,7.2,6,0,1,0,2,1
S4692,19,76.52,99.61,86.85,78.91,95.53,2.87,91.98,86.59,8.5,4.8,5,1,0,0,3,1
S4693,18,69.84,78.66,71.25,89.62,89.68,6.78,88.92,66.58,21.2,6.6,6,1,1,1,1,1
S4694,23,76.75,74.05,62.23,76.67,75.56,2.46,70.01,86.51,14.1,5.9,1,0,0,1,4,0
S4695,21,81.41,70.92,97.92,70.46,68.27,3.84,83.22,58.12,14.1,4.4,8,0,1,1,0,2
S4696,20,96.09,41.42,49.61,82.76,72.41,8.97,69.72,99.3,20.3,6.5,7,0,1,0,4,2
S4697,20,58.93,96.38,72.48,63.51,95.09,5.9,78.57,90.17,10.5,6.9,3,0,1,0,0,0
S4698,21,64.78,78.64,59.26,67.46,59.23,0.95,99.56,64.46,8.6,5.1,2,1,1,1,4,0
S4699,18,98.79,45.5,71.65,99.61,90.34,3.3,76.78,87.03,21.4,7.7,9,0,1,0,0,0
S4700,20,68.56,41.26,73.14,81.82,50.91,6.27,99.43,56.79,5.1,4.4,5,0,1,0,2,2
S4701,18,51.13,43.05,45.37,93.65,96.03,4.81,87.36,82.67,27.7,6.8,9,0,0,1,0,0
S4702,20,57.38,76.56,79.67,90.39,75.01,6.6,56.04,52.98,9.6,5.5,9,0,1,1,0,2
S4703,24,51.32,76.84,78.07,82.61,61.34,7.61,89.8,66.67,16.2,6.2,3,0,1,1,3,0
S4704,22,99.5,69.98,86.17,92.04,50.14,4.81,58.06,98.92,10.3,8.5,3,0,0,1,3,2
S4705,24,63.94,58.41,45.44,64.36,77.98,9.87,76.62,56.05,10.5,7.3,9,0,1,1,0,1
S4706,20,96.18,71.9,57.84,81.86,62.22,9.15,80.66,79.87,25.9,4.7,3,1,0,1,0,0
S4707,22,99.79,70.98,79.01,79.53,81.56,0.6,94.61,53.53,19.6,8.4,7,1,1,1,1,1
S4708,23,79.99,41.16,48.2,81.12,64.06,2.66,60.52,83.47,12.8,5.9,3,1,0,0,2,0
S4709,18,51.66,56.95,80.66,58.43,54.4,3.01,93.8,63.93,11.3,5.7,1,0,0,0,0,2
S4710,20,54.08,43.19,43.54,63.86,75.25,1.84,96.72,65.5,10.3,6.5,3,1,0,0,0,1
S4711,19,74.08,94.01,60.1,64.33,78.22,3.12,54.47,66.89,18.9,5.0,5,0,0,0,2,1
S4712,19,70.31,83.51,90.8,80.1,72.63,4.25,94.26,60.26,23.3,8.6,10,0,1,1,1,1
S4713,21,80.31,99.77,86.46,98.63,72.9,0.52,62.96,97.08,11.3,6.3,8,0,0,1,3,0
S4714,19,71.94,58.13,78.69,97.7,79.48,1.27,54.05,95.29,13.3,6.0,7,0,0,0,3,0
S4715,22,96.7,92.71,92.23,61.36,76.32,0.96,97.93,93.5,23.0,4.9,10,1,0,1,2,0
S4716,19,76.74,76.18,82.56,65.24,56.63,0.46,69.61,55.32,23.4,8.0,1,0,0,1,0,1
S4717,19,84.69,67.19,71.16,51.8,59.85,4.81,81.15,61.67,10.2,8.8,2,0,0,1,3,2
S4718,19,94.82,53.35,98.78,69.94,57.09,3.34,77.64,80.61,14.6,8.3,9,1,0,0,0,1
S4719,20,57.34,84.3,81.69,91.73,84.66,9.35,60.66,98.52,26.7,4.8,10,1,1,0,4,1
S4720,21,61.49,94.25,76.08,95.79,76.43,1.03,83.48,80.24,23.5,7.8,8,1,1,0,0,2
S4721,18,55.37,54.12,64.53,61.82,71.49,9.26,52.31,66.36,9.1,5.0,2,0,1,0,3,2
S4722,21,56.98,50.52,94.14,63.29,89.92,0.87,60.15,90.87,14.6,4.2,3,1,0,1,0,1
S4723,22,75.63,81.77,57.74,61.04,66.29,6.19,97.23,56.77,29.3,6.4,8,0,1,1,0,1
S4724,20,66.06,98.62,40.55,67.51,78.41,2.48,97.68,94.09,18.1,7.4,4,0,0,0,1,2
S4725,23,71.16,85.0,51.8,90.24,53.72,8.27,74.13,98.73,23.0,4.6,2,1,1,0,1,1
S4726,20,99.12,57.07,46.57,82.34,87.22,0.61,58.45,98.38,7.3,7.0,4,1,1,1,0,1
S4727,24,57.84,65.2,59.14,89.3,84.76,9.53,71.08,57.38,25.8,8.2,6,1,1,0,2,2
S4728,19,77.04,63.06,89.55,79.15,90.12,0.47,93.85,77.48,20.1,5.0,8,0,1,0,2,0
S4729,19,54.94,91.13,79.09,62.89,94.22,2.41,53.51,79.25,9.4,6.1,3,0,1,0,2,1
S4730,22,65.92,86.28,50.14,61.4,87.9,4.64,56.39,59.75,14.5,6.5,5,0,1,0,2,1
S4731,23,76.38,75.34,87.33,50.45,92.22,7.56,94.78,77.34,7.1,8.2,3,0,1,1,3,0
S4732,24,97.33,56.5,70.25,89.05,67.28,9.51,70.77,82.33,24.4,7.9,8,0,1,0,2,2
S4733,20,69.56,96.28,70.76,92.36,67.17,4.28,54.17,66.45,23.6,7.8,8,0,1,0,3,0
S4734,23,53.25,79.2,61.73,88.41,97.22,7.57,56.96,65.78,17.3,7.4,6,1,0,1,2,1
S4735,18,69.41,98.23,91.88,53.72,95.73,7.27,94.12,53.01,16.3,7.1,10,0,1,1,0,0
S4736,21,57.29,74.81,59.1,88.11,77.42,5.71,74.51,97.84,16.6,6.5,1,1,0,1,2,2
S4737,20,61.5,89.27,45.65,52.29,68.33,6.91,58.15,90.18,5.9,5.8,3,1,0,1,0,1
S4738,23,80.9,88.79,58.16,55.28,93.3,0.38,94.7,87.97,14.2,6.6,7,1,1,1,0,0
S4739,18,53.37,60.24,82.92,72.02,66.17,4.42,92.26,51.09,8.2,8.3,8,1,0,1,1,1
S4740,18,73.24,97.84,79.45,73.81,57.68,7.86,51.15,81.22,9.6,6.9,3,1,1,1,4,2
S4741,24,80.47,41.32,51.28,90.81,81.97,4.74,79.05,59.03,29.1,8.9,6,0,0,1,4,0
S4742,24,71.09,86.12,46.71,83.98,52.13,8.74,62.22,83.09,11.5,4.7,2,0,1,1,0,2
S4743,21,50.96,97.93,79.65,57.67,68.96,8.34,76.66,81.06,17.1,6.2,1,0,1,1,4,1
S4744,18,99.28,60.33,80.58,61.31,90.38,8.63,63.96,92.6,27.2,5.0,9,0,1,0,4,1
S4745,22,68.36,78.89,61.97,64.28,64.76,1.3,65.79,62.77,15.3,5.8,9,1,1,1,2,2
S4746,18,88.93,73.73,90.57,56.18,96.57,2.44,80.09,51.37,18.2,7.9,5,1,1,1,4,1
S4747,23,66.28,85.69,98.69,64.38,97.79,0.3,76.94,95.71,9.2,8.1,1,1,1,1,4,2
S4748,24,73.75,91.97,52.34,86.43,90.79,9.83,69.76,95.43,12.1,4.2,2,0,0,0,4,2
S4749,22,69.42,76.18,74.62,62.07,99.38,2.36,55.38,72.79,17.7,8.8,1,0,0,1,1,2
S4750,24,67.13,88.95,40.32,91.77,76.54,3.67,98.47,53.9,14.1,8.4,6,0,0,1,4,1
S4751,24,51.09,58.74,82.78,73.48,78.46,2.75,58.73,74.9,6.0,8.5,2,0,0,0,2,2
S4752,24,68.0,53.72,64.86,66.15,91.81,0.4,81.66,76.2,15.0,5.9,1,1,0,1,3,1
S4753,18,94.47,65.84,51.6,70.62,74.64,2.61,54.14,91.09,25.4,6.5,10,1,1,1,1,2
S4754,19,84.52,80.66,85.13,85.47,70.34,0.98,84.42,85.86,7.9,4.8,6,0,0,0,2,1
S4755,18,57.27,51.23,88.64,75.84,80.74,3.94,54.74,53.54,5.5,6.0,2,0,1,1,0,0
S4756,24,79.56,80.82,46.67,50.36,82.88,9.67,61.48,85.27,8.0,4.6,9,1,0,1,2,2
S4757,22,94.61,63.65,42.46,96.12,87.54,6.98,82.35,56.79,22.2,8.3,10,1,1,1,3,0
S4758,18,85.0,87.73,60.04,53.3,83.41,7.07,64.15,54.47,24.9,6.9,3,1,0,1,1,0
S4759,24,57.43,42.21,77.56,96.93,87.29,4.53,76.64,69.93,6.2,4.7,10,1,0,1,3,2
S4760,24,93.39,80.08,87.61,51.41,83.73,8.11,56.23,53.87,27.2,8.4,8,0,1,1,0,0
S4761,18,65.08,78.99,72.76,88.55,74.02,9.08,60.12,91.46,20.7,4.4,9,1,0,1,0,0
S4762,18,72.7,96.46,74.84,76.73,56.75,9.62,86.69,73.16,18.0,8.6,10,1,0,0,0,2
S4763,22,76.31,82.8,87.99,75.29,89.27,0.99,51.76,79.35,11.3,4.5,5,1,1,0,2,0
S4764,18,92.53,87.78,71.73,53.64,51.54,8.8,55.59,78.84,14.3,7.6,6,1,1,1,2,2
S4765,21,96.58,94.28,76.67,61.94,99.63,2.25,60.75,98.91,28.7,7.2,10,0,1,1,4,2
S4766,23,96.48,80.5,70.97,88.88,91.42,3.97,51.01,95.79,27.8,7.9,5,0,0,1,0,0
S4767,21,50.4,57.41,92.83,94.56,83.55,3.45,54.77,92.46,20.6,6.8,6,0,1,1,3,2
S4768,22,96.09,92.19,54.13,76.46,98.33,6.75,64.07,69.16,19.5,5.7,2,0,0,0,0,0
S4769,19,52.72,84.85,55.84,67.67,80.62,5.98,54.65,57.25,10.3,5.4,9,0,0,1,1,2
S4770,21,63.29,65.47,47.68,53.0,52.82,1.09,93.31,79.59,28.8,8.7,7,0,1,0,2,2
S4771,24,75.75,82.63,89.17,84.11,77.97,7.83,53.3,72.02,23.9,6.2,6,1,1,0,0,2
S4772,23,74.0,92.06,64.71,63.92,63.86,4.4,93.05,61.28,14.6,8.2,4,1,0,0,4,0
S4773,20,80.24,98.54,60.87,52.75,68.47,0.02,91.14,54.88,25.4,7.6,10,1,1,1,0,1
S4774,23,73.97,97.14,98.88,83.29,72.98,4.15,55.04,71.8,10.3,7.3,9,1,0,1,4,0
S4775,21,96.72,59.52,95.61,74.29,88.73,5.16,51.26,82.54,10.3,8.9,7,0,0,1,2,2
S4776,20,62.03,65.3,98.32,50.6,75.15,0.69,52.5,81.27,24.8,6.8,4,1,0,0,2,0
S4777,22,63.7,46.57,48.54,55.55,73.73,1.51,79.52,88.7,19.0,7.7,3,0,0,1,4,2
S4778,23,96.04,54.85,93.48,84.96,65.1,9.94,83.52,73.33,18.9,8.2,10,1,1,1,1,1
S4779,19,53.84,92.95,59.72,53.18,76.99,8.71,81.03,66.08,19.3,4.2,8,1,1,1,2,1
S4780,20,80.48,61.65,40.76,93.3,62.42,1.33,77.07,76.94,8.1,9.0,6,1,1,1,4,0
S4781,20,84.09,77.23,63.48,65.57,63.05,5.8,58.73,98.75,13.7,5.3,2,0,0,1,2,0
S4782,23,75.28,79.96,70.55,54.43,87.86,3.79,92.05,52.25,19.3,7.5,7,1,0,1,0,1
S4783,21,84.71,86.91,46.49,87.99,67.13,5.44,66.38,76.43,11.2,8.8,8,0,0,0,3,0
S4784,20,58.64,50.97,72.26,76.22,52.57,4.71,99.31,66.46,17.6,7.8,5,0,0,0,1,2
S4785,22,92.63,58.29,89.17,65.33,67.18,0.48,69.24,55.27,18.9,5.1,3,1,1,1,3,2
S4786,23,57.0,66.9,62.66,70.3,81.93,3.15,63.15,71.73,28.6,5.8,8,0,0,0,1,0
S4787,22,70.04,61.89,61.16,51.07,90.7,1.26,94.71,82.06,11.1,6.1,2,0,1,0,0,1
S4788,23,53.76,98.97,60.33,83.13,98.1,4.89,78.37,76.41,16.0,6.9,10,1,0,1,4,2
S4789,22,77.26,90.1,95.39,68.29,87.31,9.07,86.09,51.46,29.5,7.0,6,1,1,1,4,2
S4790,21,83.49,68.78,42.93,85.7,71.44,9.96,70.42,78.96,9.7,7.9,7,1,0,0,4,2
S4791,23,97.06,92.76,66.7,81.41,64.96,9.44,94.35,61.6,24.5,8.3,10,1,1,0,0,2
S4792,24,86.97,60.86,55.88,82.56,56.48,9.86,95.89,67.07,9.4,4.4,9,1,1,0,3,1
S4793,19,77.06,87.15,93.63,89.64,81.38,0.15,71.84,65.61,26.3,5.4,5,1,0,0,2,2
S4794,21,96.63,53.42,45.76,81.56,75.49,7.29,62.04,92.93,17.2,5.7,1,0,0,0,4,1
S4795,22,73.92,86.34,64.69,70.94,83.89,2.73,82.38,52.38,29.3,4.1,10,1,0,0,2,1
S4796,23,78.06,67.39,64.41,69.5,61.86,8.66,97.73,67.4,9.3,6.1,2,1,0,0,3,1
S4797,21,79.8,46.45,93.3,55.98,66.18,8.14,81.12,69.74,22.2,5.8,8,0,1,0,2,2
S4798,22,70.5,56.4,52.93,88.97,64.6,4.24,97.71,80.94,22.4,6.6,1,1,1,0,2,2
S4799,18,91.92,64.14,78.69,88.06,89.88,4.73,67.19,89.45,23.0,4.5,2,0,1,1,2,1
S4800,18,59.26,84.96,48.06,62.31,58.56,2.65,95.75,86.38,7.5,6.1,5,1,1,0,0,2
S4801,20,77.74,44.38,97.24,93.13,80.42,2.89,55.63,87.63,12.2,7.0,10,1,0,0,3,2
S4802,19,86.11,79.57,75.58,79.45,52.57,9.81,67.94,59.62,13.5,8.0,3,0,1,1,2,2
S4803,18,95.2,82.96,77.58,73.93,77.48,8.89,74.72,95.59,13.1,7.8,4,1,0,0,4,1
S4804,24,94.2,79.24,66.03,50.87,53.2,1.92,82.66,70.71,21.9,6.0,10,0,0,1,4,1
S4805,22,75.44,85.64,60.54,69.14,58.79,2.76,64.71,50.56,6.4,5.9,5,1,0,0,3,2
S4806,21,82.16,50.69,52.76,82.03,55.65,1.09,96.21,83.4,23.3,4.2,3,1,1,0,0,2
S4807,23,69.71,75.23,76.24,54.49,67.34,9.89,95.17,80.2,18.2,4.4,5,0,1,1,2,1
S4808,21,73.41,96.47,97.27,72.98,67.19,9.07,89.97,56.3,9.3,8.4,3,1,1,1,0,0
S4809,20,95.31,76.65,61.59,99.67,91.32,5.52,55.72,97.99,10.7,8.0,1,1,1,0,3,1
S4810,21,96.54,76.68,92.99,85.83,61.28,6.93,53.91,78.08,7.4,4.1,7,0,0,1,1,2
S4811,18,94.77,84.19,48.93,77.34,54.32,7.48,74.91,73.46,16.5,8.4,4,1,0,0,4,0
S4812,21,56.92,59.99,96.17,76.65,80.18,2.04,88.27,69.91,19.9,7.1,8,0,1,0,2,2
S4813,18,92.5,82.03,61.03,52.19,84.37,9.35,56.16,60.49,19.5,8.0,4,1,1,1,2,1
S4814,18,97.42,94.97,62.78,97.87,64.74,5.27,82.07,97.64,29.1,6.5,7,0,0,1,3,2
S4815,19,68.06,40.65,67.77,96.41,80.14,0.92,76.39,85.11,12.4,4.8,3,1,0,1,3,0
S4816,20,75.93,92.21,83.09,84.12,88.8,3.97,86.3,78.38,24.1,5.8,2,0,0,0,0,2
S4817,24,88.95,53.12,83.18,54.95,67.38,6.02,71.77,81.56,23.1,6.3,3,0,1,0,4,1
S4818,24,78.1,67.36,68.78,60.39,76.27,3.53,84.66,92.02,6.5,7.8,7,1,1,1,0,1
S4819,22,99.67,91.14,71.39,59.2,57.33,6.99,57.98,81.79,28.3,8.1,3,1,0,1,3,1
S4820,24,72.79,89.43,41.8,75.98,51.18,8.82,60.73,55.73,28.3,7.7,10,0,0,0,4,1
S4821,18,85.7,93.52,58.26,60.39,99.07,7.72,95.17,84.86,14.9,6.4,8,1,1,1,3,0
S4822,23,89.63,96.43,60.76,84.79,64.99,6.43,66.47,78.24,15.4,7.3,8,0,1,0,0,2
S4823,20,74.71,66.83,73.52,77.26,63.95,5.12,99.28,98.32,25.5,5.5,1,1,1,0,0,2
S4824,22,92.85,79.38,73.5,50.88,98.66,2.54,52.31,86.69,17.4,8.9,7,1,1,1,0,0
S4825,24,77.31,63.43,82.59,87.2,86.41,4.55,74.79,67.2,25.0,4.8,8,0,0,0,1,2
S4826,24,70.58,61.04,83.02,59.44,79.26,2.93,66.25,56.77,5.9,7.6,9,0,1,1,0,0
S4827,23,55.39,65.9,54.11,91.24,84.97,9.34,99.8,74.11,11.3,4.8,8,1,1,0,2,0
S4828,21,69.67,84.58,86.21,67.75,85.5,9.07,99.5,83.97,7.3,5.4,10,1,0,1,0,0
S4829,20,86.7,70.09,41.18,66.93,88.17,1.56,61.76,58.86,16.4,7.7,6,1,1,0,3,0
S4830,23,96.06,88.84,82.97,50.59,53.36,8.23,63.36,82.47,26.4,7.6,8,1,1,1,0,1
S4831,24,62.58,84.71,46.12,99.39,70.64,7.03,87.48,91.28,19.2,4.6,3,1,0,1,3,0
S4832,20,67.76,41.23,83.78,80.6,64.76,9.75,94.48,57.85,18.0,7.4,2,0,0,0,3,0
S4833,20,57.7,77.81,71.63,71.14,53.53,4.63,83.18,85.29,14.2,5.0,1,1,1,1,4,1
S4834,24,84.54,66.19,66.24,54.83,70.63,7.22,93.24,53.41,6.6,8.9,8,1,1,1,1,0
S4835,21,98.01,67.4,81.44,84.96,80.81,5.18,53.16,50.4,24.2,7.0,7,0,1,0,3,0
S4836,21,82.05,89.1,42.18,64.14,58.92,0.69,82.03,51.63,19.3,4.0,6,0,1,1,3,1
S4837,24,80.85,72.86,53.41,99.41,65.25,0.47,85.01,81.58,28.3,5.0,3,0,1,1,2,0
S4838,20,77.67,93.14,76.99,97.53,81.96,1.22,59.52,98.67,15.8,5.1,6,1,1,0,0,2
S4839,23,54.42,82.77,90.83,86.76,78.97,2.96,88.9,88.57,15.0,5.2,5,0,0,1,1,0
S4840,19,86.48,73.17,62.87,98.55,93.44,2.59,97.21,62.72,29.4,6.8,5,0,1,0,1,1
S4841,18,80.1,85.27,55.53,55.28,89.56,7.28,94.9,53.58,8.5,5.0,4,0,1,1,4,0
S4842,21,83.07,42.3,71.12,64.0,98.28,7.16,62.25,80.83,11.3,6.1,5,0,1,0,3,0
S4843,24,94.94,41.63,77.34,62.66,79.86,9.71,66.2,50.16,17.2,4.9,5,1,0,1,3,1
S4844,19,89.2,45.0,65.21,53.6,84.92,3.1,74.98,89.63,18.1,7.3,5,1,1,1,2,1
S4845,21,89.05,66.25,92.6,98.61,93.03,9.38,57.92,62.16,18.7,6.8,10,1,1,0,1,2
S4846,20,96.36,54.13,71.41,53.0,92.0,6.13,97.7,64.96,10.3,7.1,10,0,1,1,0,2
S4847,24,99.5,99.06,42.15,92.83,85.94,4.95,58.08,67.2,28.2,8.8,8,0,1,1,4,2
S4848,19,79.06,72.54,53.38,88.41,75.01,6.68,88.07,88.18,22.6,6.0,2,0,1,0,4,2
S4849,24,55.44,79.74,67.04,68.79,63.66,7.03,67.07,63.29,11.5,5.1,2,0,0,0,4,1
S4850,23,72.96,56.73,81.86,50.94,93.86,1.72,78.69,64.22,12.4,9.0,6,0,1,0,4,2
S4851,23,89.38,59.31,53.19,50.3,88.83,7.52,52.36,77.05,27.0,4.3,3,0,1,1,1,2
S4852,22,51.39,60.13,98.58,60.2,91.9,7.25,60.25,73.15,14.5,8.1,10,1,1,1,3,1
S4853,18,52.84,81.92,59.11,74.69,57.04,9.98,72.22,97.78,18.9,4.8,10,1,0,0,1,0
S4854,18,53.36,68.42,71.95,72.9,65.74,9.12,83.86,63.17,8.0,7.3,10,0,0,1,0,0
S4855,21,86.55,71.06,41.14,79.26,71.24,6.85,88.88,54.59,11.3,6.4,10,1,0,0,4,0
S4856,18,75.06,75.52,93.09,88.6,91.92,7.12,51.51,77.05,15.4,8.2,4,0,1,0,1,0
S4857,24,68.44,86.13,87.33,68.87,94.64,9.46,57.62,59.23,21.4,7.7,3,0,1,0,0,0
S4858,24,55.28,45.42,51.73,58.02,64.24,9.67,86.49,70.68,12.0,4.9,4,1,0,1,2,1
S4859,22,86.61,86.61,95.99,90.0,84.32,8.27,90.65,59.36,28.8,7.3,2,0,0,1,4,2
S4860,23,66.05,73.79,58.95,66.63,53.89,7.67,61.83,94.05,10.5,5.1,9,1,1,1,3,2
S4861,19,63.27,80.15,81.53,64.34,70.48,1.11,61.48,66.37,24.5,4.8,3,0,0,0,3,2
S4862,19,82.62,59.65,89.14,88.22,74.33,8.3,54.4,88.74,14.1,4.4,7,0,1,1,3,0
S4863,23,77.95,64.56,84.45,96.71,88.28,2.53,57.51,97.43,25.8,4.6,9,1,1,1,0,1
S4864,20,68.12,53.87,95.05,95.75,94.6,5.64,50.4,97.03,28.1,7.5,9,0,1,0,1,0
S4865,23,82.07,98.76,91.86,56.87,66.86,4.05,79.49,76.24,9.7,9.0,6,0,1,1,4,1
S4866,19,63.56,69.82,99.68,75.16,76.39,3.46,95.19,99.16,17.3,7.4,1,0,1,0,4,1
S4867,21,89.74,99.76,50.96,54.64,82.37,3.1,57.48,82.8,8.9,7.5,10,1,1,0,4,0
S4868,22,61.47,69.39,58.29,98.05,66.43,8.55,87.57,56.42,22.6,7.9,2,0,0,0,4,1
S4869,23,57.94,53.19,78.17,60.76,99.28,7.69,78.68,94.42,25.8,8.4,9,0,0,1,2,0
S4870,20,89.12,70.45,83.98,59.87,93.79,5.23,97.0,73.43,14.7,5.3,5,0,0,1,4,2
S4871,21,85.39,42.38,72.08,94.44,64.82,6.64,89.91,57.63,14.9,7.0,10,1,1,0,2,1
S4872,23,59.13,94.29,44.44,98.39,75.4,9.85,92.64,89.57,10.1,5.1,2,1,0,0,1,1
S4873,21,55.81,89.11,90.5,84.88,61.54,3.98,81.96,81.22,12.7,6.6,6,1,0,0,3,2
S4874,23,91.92,83.55,97.65,56.05,75.73,5.51,90.57,94.11,13.1,5.0,7,1,1,1,2,2
S4875,21,88.83,76.59,64.33,74.29,84.17,5.34,67.54,91.37,8.9,4.3,10,1,0,1,3,1
S4876,24,66.36,74.79,53.49,90.83,54.28,9.36,60.45,66.01,12.7,4.4,10,0,0,1,3,2
S4877,18,82.91,99.8,41.16,78.62,93.51,3.52,95.63,62.82,27.7,8.9,10,1,1,1,0,2
S4878,21,56.21,56.68,54.24,56.63,79.69,9.86,86.72,86.69,13.1,4.0,6,1,1,0,2,1
S4879,24,75.35,86.78,82.0,58.59,99.48,3.05,54.54,78.67,11.9,7.5,1,0,0,0,4,0
S4880,18,50.94,74.88,94.7,93.21,51.28,1.09,93.35,53.49,14.6,8.4,1,1,1,0,0,1
S4881,19,69.58,98.55,45.61,76.35,91.57,1.91,67.45,59.08,29.0,6.0,2,0,1,0,4,1
S4882,18,53.74,89.67,73.2,85.29,89.6,4.26,64.91,57.57,24.1,7.5,9,1,0,1,3,0
S4883,21,73.76,99.91,81.73,68.65,56.64,6.5,81.17,79.49,10.0,5.7,1,0,1,0,0,2
S4884,22,71.08,75.3,56.58,76.62,66.77,5.17,78.43,54.29,23.8,6.6,9,0,1,1,4,1
S4885,22,72.22,52.27,74.19,98.86,94.24,3.76,76.91,60.39,24.2,8.7,6,1,0,1,4,2
S4886,19,52.27,70.22,82.91,66.49,75.92,5.62,62.74,77.27,28.8,4.2,2,1,0,0,1,2
S4887,21,68.08,82.67,90.26,83.74,70.06,8.39,97.99,56.65,27.3,5.3,10,0,0,1,0,0
S4888,18,87.82,86.46,67.15,58.63,95.27,8.39,97.51,62.41,7.4,4.5,3,0,1,0,0,1
S4889,22,68.45,40.03,84.87,56.09,54.67,7.26,50.21,95.34,16.4,6.5,9,0,1,1,3,0
S4890,23,85.76,70.3,58.11,89.18,73.66,9.52,66.89,84.86,22.6,7.9,10,0,0,0,3,0
S4891,20,68.47,54.11,52.78,92.21,82.62,5.9,52.28,65.34,29.3,8.9,2,0,0,0,0,0
S4892,21,71.16,92.49,51.24,83.42,80.43,0.08,92.51,93.87,7.1,4.8,5,0,0,1,1,1
S4893,24,78.19,49.17,61.53,57.91,63.21,2.91,94.33,62.51,14.2,4.2,8,0,1,0,1,1
S4894,24,97.53,79.99,42.15,62.03,78.17,3.28,75.91,79.45,17.3,4.7,10,1,0,1,3,0
S4895,23,55.44,55.96,56.98,95.56,85.43,5.47,91.98,68.42,15.3,8.8,6,0,0,0,2,1
S4896,23,51.65,61.39,79.13,64.44,79.24,9.05,85.17,87.61,16.4,5.6,8,1,1,1,4,1
S4897,21,80.4,96.43,78.88,90.94,84.22,8.38,74.98,68.58,14.2,5.3,6,1,1,0,3,2
S4898,20,97.45,54.43,44.41,64.3,62.8,2.32,68.19,62.44,29.3,7.7,4,0,0,1,1,2
S4899,22,99.49,45.7,57.24,96.97,91.64,5.19,63.31,80.39,25.1,4.6,8,0,1,1,0,0
S4900,20,74.21,44.16,74.17,95.72,72.48,6.59,62.97,87.27,23.4,5.7,9,1,0,0,1,0
S4901,19,73.4,70.28,59.11,52.16,99.36,9.88,78.1,76.82,15.3,4.7,5,0,0,1,0,2
S4902,18,82.25,78.5,65.08,88.52,51.16,0.31,58.34,85.81,27.0,8.9,3,0,1,0,3,2
S4903,18,77.78,59.64,82.77,58.47,69.02,4.64,58.74,71.1,7.3,5.4,1,1,1,0,4,2
S4904,23,81.7,81.42,40.56,60.76,59.02,9.88,50.52,89.77,8.6,5.3,2,1,0,1,4,1
S4905,22,93.7,43.66,56.58,72.99,77.78,9.77,80.67,79.25,28.9,7.2,1,1,1,0,3,2
S4906,20,87.32,91.44,48.54,78.82,62.16,3.31,99.72,59.81,19.2,4.1,10,0,1,1,4,0
S4907,23,74.84,88.99,47.66,66.29,86.87,0.0,94.46,94.54,9.0,7.3,9,0,0,0,4,2
S4908,21,73.09,99.13,97.54,78.77,94.09,5.87,85.28,91.84,28.7,6.3,7,1,1,1,2,2
S4909,23,81.98,96.19,62.59,58.53,60.54,8.67,89.28,98.2,29.4,4.9,10,0,1,1,2,2
S4910,21,72.79,61.37,71.63,51.12,58.03,3.24,70.84,78.45,27.0,6.4,2,1,0,0,2,0
S4911,21,72.89,63.96,84.03,78.56,93.77,9.34,64.9,83.79,11.0,9.0,3,0,0,1,0,0
S4912,19,50.82,84.76,42.85,75.87,68.06,3.33,68.43,93.18,12.0,8.2,3,1,1,1,2,0
S4913,19,58.7,48.04,54.46,84.48,71.73,6.1,54.07,52.63,15.2,8.9,1,0,1,0,3,0
S4914,21,74.43,58.84,89.93,82.49,61.05,7.22,81.69,95.61,19.5,8.6,3,1,0,1,2,2
S4915,22,91.13,47.11,91.72,94.87,71.27,3.45,58.74,63.56,29.8,8.1,1,0,0,0,3,0
S4916,19,63.94,67.29,62.38,72.97,61.57,3.52,88.14,52.85,28.9,5.7,3,0,1,1,2,2
S4917,19,76.13,73.12,62.49,50.42,83.3,4.7,59.5,61.88,28.0,7.6,3,1,0,0,4,2
S4918,18,67.25,52.67,85.41,81.53,74.94,8.35,61.41,79.32,7.2,6.0,5,0,1,1,2,1
S4919,23,55.24,41.6,57.7,83.76,89.4,1.01,97.87,52.39,23.9,6.1,3,0,0,0,3,0
S4920,18,97.91,83.16,47.03,76.07,65.64,6.31,55.27,50.04,26.9,8.4,10,1,0,0,3,0
S4921,22,92.73,41.2,55.45,84.47,75.28,6.77,74.94,81.97,13.3,5.0,3,0,1,0,3,1
S4922,19,53.92,98.4,63.24,66.18,62.98,5.58,53.13,72.67,10.5,5.5,1,0,1,1,2,2
S4923,24,85.99,53.3,43.13,57.44,96.72,9.36,54.52,92.22,23.7,8.7,9,0,0,1,0,0
S4924,19,67.38,79.83,68.72,83.23,76.1,6.02,81.68,62.88,7.3,7.5,1,1,1,1,3,2
S4925,20,99.74,66.09,84.4,62.26,58.67,6.35,81.54,64.04,28.5,4.3,7,1,1,0,0,1
S4926,22,65.12,43.58,70.82,72.82,63.64,6.0,59.66,53.88,8.9,4.6,7,1,1,1,2,0
S4927,24,61.94,68.33,44.31,74.58,54.15,7.22,93.62,76.93,16.4,6.9,8,1,1,0,0,2
S4928,23,78.39,71.01,66.41,73.86,51.39,1.35,85.11,68.3,29.6,8.0,7,1,1,1,0,2
S4929,23,91.76,91.28,82.53,79.92,76.3,8.94,65.03,66.99,29.7,8.0,10,0,0,1,3,1
S4930,24,59.63,83.94,43.49,51.47,66.86,0.42,62.42,72.88,24.4,6.1,6,0,1,1,2,2
S4931,23,85.47,44.76,43.59,99.48,98.19,6.41,87.71,92.48,26.0,5.3,8,1,1,0,3,1
S4932,24,53.07,52.55,62.24,85.82,58.57,6.15,86.68,55.26,29.2,7.9,10,0,1,1,4,1
S4933,22,95.95,58.71,51.7,71.27,89.7,2.08,57.44,76.18,28.2,8.7,4,0,1,1,1,1
S4934,24,54.05,46.98,96.09,59.57,65.8,0.41,67.46,59.82,20.6,6.2,4,0,1,1,0,0
S4935,24,95.71,67.41,74.88,54.01,61.18,1.39,60.83,60.62,23.4,4.7,3,0,1,1,2,1
S4936,20,74.54,99.06,57.24,83.61,98.48,2.72,64.71,62.84,19.8,7.0,8,1,1,1,0,0
S4937,20,72.4,70.88,82.29,65.85,90.13,8.82,64.38,72.97,17.7,4.4,6,1,0,0,2,2
S4938,18,98.67,84.51,62.5,61.47,81.53,8.56,98.8,74.72,27.0,7.1,8,0,1,1,3,0
S4939,22,99.52,80.98,47.93,69.0,84.86,0.64,87.51,93.58,23.5,4.9,8,0,0,0,1,2
S4940,22,82.51,90.99,54.23,79.65,99.57,2.89,89.0,94.61,26.5,6.6,7,1,1,0,1,1
S4941,20,56.36,52.94,78.56,83.59,79.66,8.89,63.87,79.33,7.4,7.1,3,0,1,0,1,0
S4942,21,75.31,85.23,43.11,82.26,55.1,2.37,50.03,64.07,19.4,6.2,5,0,1,0,1,0
S4943,21,76.46,92.88,56.36,93.16,53.24,9.96,52.91,90.92,13.2,8.1,2,0,1,1,0,0
S4944,18,75.72,50.29,52.5,60.94,83.33,2.57,77.65,89.64,17.8,5.9,1,1,1,1,2,1
S4945,21,78.47,60.81,52.07,81.84,82.88,7.39,64.27,89.9,20.3,4.8,3,1,1,0,4,1
S4946,21,50.94,98.21,80.97,55.06,87.41,4.17,59.65,50.82,26.1,6.3,4,0,1,0,2,0
S4947,21,85.56,86.85,89.55,77.4,55.44,1.36,52.48,87.69,5.8,8.8,4,0,1,1,0,1
S4948,19,85.62,56.96,82.95,79.2,97.25,2.55,93.79,92.64,9.1,8.4,2,0,0,0,3,1
S4949,18,55.77,73.84,78.74,60.81,77.56,6.75,80.01,80.25,28.0,5.6,3,0,1,0,4,0
S4950,20,78.51,64.26,94.99,69.58,82.48,3.37,55.37,87.56,29.2,5.2,8,0,0,0,4,1
S4951,21,78.42,69.4,43.5,91.36,51.74,6.04,88.32,88.81,6.4,6.4,9,0,0,1,4,2
S4952,23,84.12,61.31,50.05,57.42,98.05,2.06,87.79,75.33,13.3,7.3,2,1,0,1,0,0
S4953,24,54.27,56.76,64.86,71.73,78.13,4.49,64.47,90.68,5.2,8.6,6,1,0,0,1,1
S4954,19,81.33,80.49,62.35,96.64,78.17,5.12,59.42,89.61,23.9,7.1,1,0,0,1,1,2
S4955,21,64.04,86.71,65.08,75.21,97.18,4.13,90.7,95.81,22.0,8.2,4,1,0,1,1,0
S4956,24,75.35,92.44,52.39,86.26,96.47,1.98,66.48,96.07,19.1,7.5,9,0,0,1,2,2
S4957,24,88.67,49.32,48.97,91.34,61.01,4.62,92.37,76.49,22.3,4.5,1,0,0,1,1,1
S4958,19,85.28,89.37,70.55,60.19,96.55,6.93,52.18,51.57,18.4,8.5,3,1,1,1,4,2
S4959,18,55.95,55.29,95.68,60.91,86.83,9.65,74.96,50.96,11.0,5.0,7,1,1,1,1,2
S4960,23,79.56,65.64,63.52,87.93,50.95,7.9,58.98,96.95,23.9,5.8,8,0,0,0,4,0
S4961,23,98.46,94.09,42.6,87.67,61.99,1.61,83.6,66.87,24.6,8.2,7,0,1,0,4,0
S4962,23,57.84,67.27,82.37,53.01,70.65,2.73,99.86,68.88,26.4,8.9,7,1,0,1,2,2
S4963,21,92.65,51.82,57.47,66.12,79.14,0.79,70.63,73.5,28.9,5.6,6,1,0,1,1,2
S4964,19,85.13,49.59,54.71,69.93,85.07,1.36,55.02,63.29,23.7,5.9,7,0,1,1,3,2
S4965,23,88.7,68.38,59.46,91.45,60.51,2.51,65.88,79.52,6.4,6.4,7,0,1,1,1,1
S4966,24,64.1,85.76,83.43,71.09,91.84,2.0,94.58,89.23,5.5,6.5,9,0,1,0,3,1
S4967,24,64.39,99.83,89.13,96.3,92.29,2.14,88.29,62.87,23.5,7.8,9,1,1,0,2,1
S4968,22,95.3,87.24,75.28,99.83,81.75,2.31,61.61,87.15,6.4,8.1,10,0,0,1,0,0
S4969,22,67.99,92.62,59.35,89.04,96.05,3.01,97.68,83.6,12.9,9.0,10,1,1,1,2,0
S4970,19,53.15,84.87,58.63,83.32,90.65,1.26,81.11,76.28,8.4,8.0,10,0,1,0,2,0
S4971,21,80.03,93.73,47.46,69.59,61.08,2.78,58.4,66.27,29.2,5.5,8,1,1,0,3,0
S4972,21,56.24,44.58,96.0,53.35,89.93,6.88,78.62,93.64,12.9,5.8,9,1,0,1,2,2
S4973,18,89.83,95.8,78.29,78.66,97.66,2.36,72.56,70.14,6.4,7.1,6,1,1,0,4,0
S4974,18,82.09,63.78,41.62,68.09,56.88,1.72,90.98,68.73,28.7,7.4,4,1,1,1,2,0
S4975,23,93.74,95.3,79.74,67.54,98.93,0.68,67.21,82.07,20.2,4.4,9,0,0,1,2,2
S4976,20,89.24,44.54,66.83,84.39,51.25,5.0,93.75,96.02,5.9,5.7,2,1,0,1,3,2
S4977,24,55.61,82.91,98.35,73.18,76.11,8.42,90.6,75.4,25.8,5.0,8,1,0,1,2,1
S4978,18,69.05,84.14,89.14,87.6,88.69,0.59,83.73,86.13,8.8,6.5,2,1,0,1,2,2
S4979,21,88.73,99.81,50.28,69.91,89.52,5.42,62.93,72.84,25.1,4.8,7,0,1,0,1,2
S4980,24,70.87,86.13,83.21,57.54,86.73,6.51,98.52,60.94,20.1,6.9,9,0,1,0,4,0
S4981,20,98.62,62.95,69.13,73.07,76.47,5.92,77.43,56.2,9.4,6.3,10,0,1,0,4,2
S4982,18,86.79,73.43,51.22,97.55,82.55,8.78,95.38,56.82,23.8,6.0,4,0,1,0,4,1
S4983,19,50.77,61.99,81.92,90.08,85.0,8.66,60.79,51.07,16.4,7.2,8,0,0,0,2,2
S4984,22,94.0,51.76,72.84,60.29,74.73,0.57,99.17,77.65,21.0,6.1,7,0,1,0,4,1
S4985,18,55.04,54.91,41.82,69.57,79.78,3.61,90.8,56.56,26.7,6.0,10,1,1,1,1,0
S4986,18,57.03,53.32,78.8,96.39,92.32,6.71,97.46,93.28,11.5,7.3,3,1,0,0,0,2
S4987,19,86.72,72.93,78.1,56.18,65.64,9.52,60.62,99.14,14.1,4.3,1,1,0,1,0,1
S4988,21,93.25,94.37,48.65,62.7,76.16,8.05,71.53,74.79,29.9,6.2,8,0,0,1,1,1
S4989,23,76.82,94.76,60.94,63.11,50.42,1.77,54.88,72.48,17.7,5.0,9,1,1,0,0,0
S4990,19,64.45,43.29,75.15,78.55,84.37,2.79,56.85,67.4,19.0,4.2,5,1,0,0,0,2
S4991,23,67.57,44.79,48.33,70.54,59.77,7.64,64.2,81.9,12.1,4.2,4,0,1,1,3,0
S4992,18,67.14,54.71,91.16,53.99,74.05,4.71,97.58,80.4,15.4,4.8,2,1,0,0,2,1
S4993,21,66.33,55.3,41.65,81.46,60.51,5.47,83.36,67.17,17.5,6.2,1,0,0,1,3,0
S4994,20,62.15,45.69,46.17,54.95,51.18,6.09,65.73,67.16,11.5,6.8,4,1,0,1,3,1
S4995,18,80.44,63.31,46.97,80.32,74.16,1.03,97.73,82.24,11.0,8.0,8,0,1,1,1,2
S4996,19,95.02,75.26,71.69,75.35,71.24,8.56,86.99,77.73,20.0,7.0,9,0,0,1,0,1
S4997,20,65.35,74.69,77.21,74.68,71.26,8.63,95.35,85.93,9.6,6.6,1,0,0,0,1,2
S4998,22,59.33,72.61,64.22,53.37,60.44,4.68,96.36,97.07,18.8,4.2,4,1,1,1,4,1
S4999,20,91.93,60.32,57.32,81.96,97.36,6.27,87.54,88.98,22.7,5.5,5,1,1,1,3,0
S5000,19,87.09,82.39,88.56,71.57,50.18,6.6,62.16,65.22,10.0,7.5,2,0,0,1,0,0
S5001,24,96.54,89.59,44.1,70.56,94.58,1.9,99.83,87.96,23.6,5.4,2,0,1,1,2,1
S5002,20,58.28,60.78,56.82,79.82,86.85,1.13,66.25,72.5,14.0,7.0,3,1,1,0,3,1
S5003,19,57.21,45.13,42.35,80.31,58.6,0.21,83.59,88.88,29.8,7.0,1,1,1,1,0,0
S5004,24,77.07,57.78,40.83,50.75,73.61,9.13,92.24,94.33,29.5,5.5,8,0,1,1,4,0
S5005,18,80.72,48.24,61.2,56.26,99.44,3.46,58.76,62.5,25.0,6.9,1,1,0,1,1,1
S5006,24,74.01,68.04,51.69,61.83,82.18,0.86,80.45,61.93,13.6,4.6,4,1,1,1,0,1
S5007,21,79.95,49.36,56.1,83.9,56.37,4.66,68.76,71.63,28.4,7.6,7,1,1,1,0,0
S5008,22,59.02,67.77,89.26,78.84,72.88,0.76,62.21,52.58,30.0,4.1,3,0,0,1,3,2
S5009,24,73.98,53.26,49.78,87.88,73.41,0.85,50.59,84.28,16.6,4.2,9,0,0,0,0,2
S5010,21,82.9,84.32,86.81,87.03,90.11,4.89,93.6,87.49,20.4,8.4,3,1,0,0,4,2
S5011,21,71.64,41.65,80.5,92.66,95.81,5.09,56.79,67.27,5.1,6.9,5,0,1,0,2,2
S5012,21,83.97,73.28,59.59,68.84,54.11,5.8,93.91,73.26,6.1,4.8,2,1,0,1,4,0
S5013,24,72.56,50.17,72.79,67.25,65.7,6.56,80.03,79.52,17.5,7.0,5,1,1,0,0,1
S5014,19,66.68,40.06,66.67,91.55,64.92,6.68,81.05,53.68,20.2,5.8,2,0,0,0,2,2
S5015,19,65.18,92.15,47.7,61.88,99.8,4.33,91.43,85.56,12.8,5.3,8,0,1,0,4,0
S5016,22,70.55,80.29,94.43,73.06,77.96,6.44,75.47,76.34,7.5,8.1,9,0,1,0,2,2
S5017,19,51.15,45.94,74.18,59.72,93.99,3.05,67.86,81.21,24.6,6.4,5,1,1,0,3,1
S5018,23,83.43,79.84,92.81,95.69,71.3,4.41,56.94,86.19,15.5,5.5,6,1,0,0,0,0
S5019,19,92.26,76.7,89.43,70.39,86.14,3.93,78.52,83.78,21.2,8.7,4,0,0,1,2,1
S5020,19,67.73,68.4,44.79,60.62,64.33,3.29,77.66,54.77,21.3,4.8,10,0,0,1,1,1
S5021,19,52.3,65.16,52.44,84.6,95.59,2.39,64.69,89.13,18.7,4.7,7,0,1,0,3,0
S5022,18,99.34,93.22,48.72,62.23,72.76,0.78,80.0,80.5,9.5,4.5,10,1,0,1,0,1
S5023,22,63.18,54.71,89.85,97.18,90.19,5.06,71.97,85.74,20.4,4.6,5,1,1,0,3,1
S5024,23,56.33,63.9,91.75,68.38,62.79,5.37,90.28,63.08,13.1,5.3,5,1,1,0,1,2
S5025,19,68.49,59.75,71.68,83.23,84.68,3.36,77.97,61.07,25.5,7.5,1,0,1,1,0,1
S5026,22,86.93,86.27,46.25,67.26,70.26,9.76,96.68,91.3,9.8,7.4,2,0,0,0,3,1
S5027,20,64.7,94.99,48.14,90.36,51.57,5.57,75.9,69.52,12.3,7.8,2,1,1,0,3,1
S5028,18,78.74,90.99,88.81,94.85,70.65,8.89,94.37,78.77,16.0,6.9,4,0,0,1,2,2
S5029,24,70.78,87.86,95.75,89.4,77.5,5.7,76.03,77.58,23.5,6.5,5,0,1,1,2,1
S5030,19,55.89,99.21,51.97,92.42,57.59,1.9,77.9,79.26,23.0,6.2,10,0,1,1,3,1
S5031,23,66.51,81.83,40.67,55.09,59.2,9.75,68.34,53.48,13.4,8.4,4,0,0,1,2,2
S5032,18,86.24,85.06,59.86,96.2,73.24,8.85,70.01,65.12,17.8,5.7,3,1,1,0,0,2
S5033,23,80.6,98.97,41.83,81.22,67.14,4.71,96.66,53.32,10.9,8.5,4,0,1,0,2,0
S5034,24,55.99,40.42,89.68,93.46,72.04,2.43,61.16,74.01,24.3,5.4,5,1,1,1,0,0
S5035,24,58.17,78.04,69.49,84.22,73.04,2.23,56.07,95.1,9.9,4.8,3,1,1,1,0,1
S5036,18,82.04,84.34,78.51,60.09,57.0,8.06,91.51,69.46,25.5,5.3,6,0,0,0,0,2
S5037,20,90.67,95.07,64.69,80.48,59.06,0.69,78.85,89.12,28.4,6.5,4,1,0,0,0,0
S5038,22,67.47,93.03,60.73,54.55,92.41,6.38,64.23,64.36,29.8,8.6,2,1,1,0,3,0
S5039,18,79.77,90.52,53.33,84.79,58.14,6.4,71.62,92.81,26.4,4.9,3,0,0,0,4,2
S5040,21,58.53,96.75,86.23,70.45,83.3,1.82,76.25,70.98,10.5,6.9,1,1,0,1,4,1
S5041,24,65.57,72.24,81.73,57.59,70.93,7.05,79.61,67.76,15.4,5.1,10,1,0,0,0,1
S5042,20,51.01,40.42,61.64,98.96,98.41,7.05,91.05,84.87,7.2,7.4,7,1,1,1,4,2
S5043,24,88.41,40.66,59.27,95.05,53.31,3.5,69.72,75.64,9.1,6.3,5,1,0,0,0,1
S5044,21,70.05,72.68,40.07,94.68,91.52,4.83,83.83,66.87,6.2,7.7,7,1,0,1,4,2
S5045,20,90.81,66.12,43.81,89.44,74.57,8.33,91.74,52.9,21.0,8.3,5,1,0,0,1,1
S5046,24,85.42,67.07,77.4,84.6,50.27,5.23,92.19,58.33,18.3,5.7,1,1,1,1,2,0
S5047,21,91.44,64.02,70.88,82.75,63.18,6.18,62.71,88.62,27.9,8.7,3,1,1,1,4,2
S5048,21,64.28,95.06,66.09,55.3,70.38,4.13,67.51,96.04,16.6,6.3,9,0,0,1,0,1
S5049,24,59.26,61.55,89.65,95.03,65.71,1.5,79.75,58.44,21.1,8.7,7,0,0,1,2,1
S5050,24,98.6,91.37,70.23,94.06,68.12,9.98,94.29,78.47,15.0,5.2,7,0,1,1,2,2
S5051,23,85.87,94.17,63.07,87.39,95.83,5.32,89.52,51.71,25.7,8.5,5,1,1,0,3,1
S5052,18,91.7,69.97,49.68,96.37,68.05,3.36,79.2,64.54,28.2,5.7,3,1,0,0,3,0
S5053,18,50.66,66.82,89.24,77.65,70.94,7.14,99.19,72.44,15.8,7.8,10,1,1,0,4,1
S5054,20,67.72,85.66,74.57,72.38,88.06,6.21,71.95,86.79,7.1,8.8,4,0,0,0,3,0
S5055,22,87.14,82.48,45.55,98.4,89.69,2.33,92.12,52.21,9.1,8.6,4,0,1,0,0,1
S5056,24,53.9,59.71,78.93,73.21,54.2,8.77,90.92,89.06,23.0,6.3,6,0,1,0,3,0
S5057,23,78.37,46.15,65.5,82.07,85.2,0.71,95.4,60.13,13.1,5.7,6,1,0,0,1,0
S5058,18,71.45,55.89,88.68,68.65,74.13,6.06,99.38,87.98,24.6,7.1,7,0,1,1,4,1
S5059,18,50.88,47.86,95.13,81.82,56.69,4.78,74.78,81.27,23.7,7.5,8,0,1,1,2,1
S5060,23,61.8,57.68,76.03,86.0,63.24,3.18,59.78,66.98,22.4,6.7,9,1,1,0,2,2
S5061,19,64.24,55.71,83.9,81.23,52.25,8.26,73.04,86.19,25.4,8.2,8,0,1,1,1,0
S5062,23,55.59,78.26,43.4,75.73,68.01,6.56,92.69,61.82,23.9,4.3,9,1,1,1,0,2
S5063,18,81.58,97.27,73.62,65.01,62.77,7.59,91.81,60.99,20.8,7.0,9,0,1,1,2,1
S5064,22,62.12,81.14,85.32,82.19,69.11,4.15,66.8,53.09,5.1,6.6,3,1,1,1,1,2
S5065,19,63.88,95.6,69.81,95.42,79.02,9.42,52.37,69.65,17.9,4.2,7,1,1,0,3,0
S5066,21,94.91,87.05,75.61,50.35,86.62,3.45,75.49,54.89,19.9,4.1,3,1,0,0,4,0
S5067,23,73.36,83.67,93.94,56.7,80.27,5.31,73.71,70.98,29.0,7.0,5,1,1,0,1,2
S5068,21,69.61,64.84,51.89,55.99,83.92,9.34,54.29,50.49,21.3,4.6,10,1,1,0,1,0
S5069,19,86.19,59.49,45.89,96.16,93.28,0.83,89.74,57.75,19.4,7.8,9,0,0,1,3,2
S5070,19,95.48,90.78,81.44,83.14,93.69,1.09,64.18,96.62,18.5,8.7,8,1,0,0,0,0
S5071,19,51.25,94.32,89.37,97.59,93.04,9.94,82.29,89.78,7.6,4.9,3,1,0,1,3,2
S5072,20,72.41,67.11,91.03,79.14,57.66,9.71,55.07,61.81,15.7,8.0,6,1,1,0,3,1
S5073,23,80.54,40.54,78.5,73.09,62.55,7.72,93.04,85.91,8.4,7.0,5,1,1,1,2,0
S5074,24,65.93,87.55,89.99,89.62,75.12,4.84,86.96,83.42,6.3,6.2,10,0,1,1,1,0
S5075,22,88.62,57.1,82.04,58.05,67.94,5.06,69.42,58.85,13.2,7.3,4,1,0,1,1,0
S5076,22,98.57,40.59,45.24,69.07,56.58,2.57,81.47,68.55,21.1,8.0,6,0,1,1,3,2
S5077,21,97.17,88.3,85.72,73.31,64.39,4.33,59.37,95.69,26.7,8.9,8,1,0,0,3,0
S5078,21,63.3,71.04,50.76,64.92,98.77,4.31,99.27,86.94,25.3,7.3,8,1,1,0,1,1
S5079,24,61.32,81.11,54.2,68.56,67.35,0.36,89.81,88.02,12.4,7.7,3,0,1,1,1,1
S5080,21,97.87,94.88,63.68,53.91,70.95,4.53,89.45,78.19,6.1,7.0,6,0,0,0,1,0
S5081,23,72.93,72.47,58.87,59.9,50.32,4.8,57.67,83.28,15.1,6.8,1,0,1,0,0,1
S5082,18,60.41,70.19,59.3,66.77,85.97,6.66,50.89,75.44,12.9,4.3,1,1,0,0,3,0
S5083,21,85.35,57.44,50.16,89.79,70.68,5.16,79.27,87.04,14.3,4.8,1,0,0,1,3,2
S5084,19,64.22,58.31,57.63,59.12,55.16,8.62,57.21,86.64,19.0,5.9,9,1,1,1,2,2
S5085,21,63.36,87.79,41.18,67.33,98.43,3.68,89.02,51.55,5.8,7.2,10,0,0,1,2,2
S5086,19,93.96,66.94,68.37,53.25,88.87,4.1,70.8,81.59,14.3,4.4,9,0,0,1,4,0
S5087,20,58.12,49.81,86.12,77.86,86.31,5.71,66.93,81.49,19.0,6.7,10,1,1,1,1,2
S5088,18,53.22,45.67,91.73,80.56,97.89,2.03,53.68,53.37,15.8,4.1,5,0,0,1,1,1
S5089,18,63.46,68.38,89.23,93.28,70.37,3.93,99.8,70.52,21.7,7.8,7,0,0,1,4,0
S5090,24,80.35,67.9,64.99,90.96,85.93,6.86,97.8,94.94,9.7,7.3,4,1,1,1,3,1
S5091,23,56.15,79.21,83.83,64.27,60.31,4.12,56.58,97.67,8.8,6.6,2,1,1,1,1,2
S5092,23,73.58,68.26,57.27,56.85,84.86,9.07,66.64,89.11,12.7,6.9,6,1,0,0,2,0
S5093,22,81.37,48.61,43.33,57.8,50.7,6.15,69.54,57.57,7.5,8.7,2,0,1,1,0,1
S5094,20,92.44,70.47,80.56,98.45,56.32,1.54,64.84,68.74,10.9,8.5,7,0,0,0,3,1
S5095,24,61.49,94.41,78.93,83.66,71.26,4.87,96.72,59.13,7.2,8.0,4,0,1,1,0,2
S5096,23,90.87,49.57,88.1,52.13,50.6,7.65,86.07,82.61,15.0,5.7,4,0,0,1,0,2
S5097,19,61.75,81.39,76.97,56.84,73.1,6.43,97.8,88.66,22.8,4.5,2,0,1,0,4,1
S5098,20,83.84,75.63,49.41,74.29,76.14,8.85,93.73,94.19,12.2,5.6,9,1,1,1,0,2
S5099,18,71.53,84.92,91.19,60.39,81.08,7.5,87.73,93.03,5.1,7.8,3,0,0,1,1,0
S5100,19,55.73,49.04,77.64,90.18,55.02,0.62,84.85,54.96,18.9,7.1,6,1,0,1,4,0
S5101,24,85.71,96.5,88.46,78.66,59.05,1.13,93.31,56.28,22.3,7.5,10,0,0,1,2,1
S5102,24,60.89,77.26,86.45,80.63,80.66,6.5,84.21,95.48,14.8,4.5,9,1,0,1,0,0
S5103,20,58.83,90.82,57.87,73.14,82.91,2.38,59.44,92.19,12.4,4.8,8,0,0,0,1,1
S5104,18,67.92,54.8,44.47,62.8,51.3,5.88,82.41,73.02,17.3,7.3,9,0,1,0,1,1
S5105,23,82.66,84.36,50.59,79.47,77.02,7.92,75.75,71.5,7.5,5.9,7,1,0,0,2,1
S5106,19,61.7,86.86,45.57,85.85,89.25,5.77,99.09,77.64,21.1,5.8,9,0,0,0,4,1
S5107,19,59.18,63.85,54.6,68.55,53.46,4.15,75.5,79.83,23.3,6.0,10,1,1,0,4,2
S5108,18,50.5,63.04,67.57,75.25,70.66,6.46,51.92,62.71,22.6,8.0,9,0,1,0,4,0
S5109,19,73.58,79.47,94.41,91.98,66.33,1.44,63.21,70.19,13.2,7.5,5,0,0,0,2,0
S5110,23,71.43,45.6,92.32,57.43,95.68,7.23,95.87,80.98,26.1,4.5,7,1,0,0,2,2
S5111,23,61.69,84.14,83.12,77.26,59.29,6.97,98.12,60.31,28.7,5.7,5,0,0,0,2,2
S5112,23,52.68,42.57,41.45,67.42,65.92,5.14,86.42,99.94,12.4,7.4,1,1,0,1,4,2
S5113,18,71.46,51.44,60.48,85.14,94.92,2.79,52.84,64.15,11.6,8.9,7,0,0,1,0,2
S5114,21,89.41,79.85,80.94,50.94,66.53,7.98,51.18,77.62,22.6,8.6,9,0,0,0,2,1
S5115,21,85.76,45.9,47.74,83.52,76.57,5.11,73.98,77.71,22.7,5.2,5,0,0,0,2,2
S5116,24,93.04,98.31,88.07,55.14,51.65,0.59,99.98,72.57,17.8,4.3,4,0,0,0,4,0
S5117,24,50.48,92.1,94.87,53.24,99.25,9.19,93.46,62.08,28.1,6.9,5,0,1,0,2,1
S5118,19,98.32,77.58,61.25,86.23,91.25,7.68,96.66,78.27,8.7,6.0,4,0,1,1,0,0
S5119,23,67.07,89.14,82.35,82.02,81.72,5.85,81.18,54.55,16.9,4.9,9,0,0,1,4,0
S5120,19,99.52,93.25,48.89,94.75,53.04,4.37,92.96,69.35,5.9,7.3,10,1,0,0,2,0
S5121,18,62.63,55.57,81.45,75.98,53.74,9.6,65.98,61.21,6.3,4.8,8,0,1,1,2,2
S5122,19,73.58,90.96,41.29,76.5,77.25,7.75,51.37,56.21,6.3,5.8,5,0,1,1,3,0
S5123,22,67.7,51.69,49.05,85.35,64.25,5.35,95.91,96.27,17.3,8.0,5,0,0,1,3,0
S5124,21,67.79,64.8,82.59,66.17,81.14,6.53,60.92,85.0,19.7,7.4,5,1,0,1,1,0
S5125,19,92.11,73.5,82.71,51.85,79.91,2.81,86.42,58.44,5.1,7.0,7,1,1,0,1,2
S5126,19,87.32,82.83,78.47,61.5,91.93,1.96,82.95,97.47,20.8,8.7,10,0,1,1,2,0
S5127,20,99.61,41.81,68.64,61.9,64.07,2.73,57.91,60.8,17.2,4.6,7,0,0,0,3,2
S5128,19,80.68,57.43,80.49,66.78,78.89,2.93,59.79,61.78,10.6,7.5,3,0,1,1,1,1
S5129,22,73.16,76.51,86.43,97.17,88.87,7.4,66.45,56.66,5.4,4.6,1,1,1,1,4,0
S5130,21,54.5,61.44,97.99,90.24,74.54,1.4,87.85,86.39,8.9,4.7,8,0,1,1,3,2
S5131,20,99.83,86.5,93.32,96.8,91.53,7.78,51.96,78.54,20.0,6.5,10,1,1,0,0,1
S5132,18,77.58,79.1,87.67,99.93,56.56,5.23,70.35,52.91,21.5,4.1,4,0,0,1,0,0
S5133,24,85.02,54.06,81.69,71.69,86.69,3.85,83.26,51.26,21.2,6.5,4,1,0,0,0,1
S5134,18,70.34,48.76,74.45,61.35,97.15,3.0,58.57,76.63,8.8,4.0,9,1,1,1,0,0
S5135,21,77.39,77.74,47.24,78.0,66.59,5.13,55.97,82.58,27.8,7.0,7,0,0,0,3,0
S5136,24,97.13,67.03,49.93,94.06,68.32,3.18,69.51,91.14,15.3,5.6,7,0,1,0,4,1
S5137,18,58.32,50.14,89.22,73.29,54.18,4.29,64.33,73.91,24.2,4.4,8,0,0,0,0,1
S5138,22,64.62,59.58,88.2,75.27,82.07,7.39,82.45,83.83,9.2,7.9,1,0,0,0,4,2
S5139,19,57.6,58.18,76.87,56.72,77.62,6.26,98.48,86.68,16.8,5.9,9,0,0,1,1,0
S5140,21,89.61,46.49,66.33,71.02,52.02,7.48,50.22,80.65,18.0,6.2,1,0,1,0,1,1
S5141,24,53.1,72.81,41.56,69.35,87.61,7.13,95.12,67.61,24.3,5.9,10,0,1,1,2,2
S5142,20,54.08,85.82,59.63,67.58,91.46,8.15,71.66,56.59,20.5,4.4,5,1,1,1,3,0
S5143,19,64.92,74.53,65.24,94.36,95.36,2.02,83.2,82.38,15.0,6.3,9,0,0,0,0,0
S5144,18,75.71,89.58,69.15,52.97,77.29,9.95,92.55,88.43,12.1,7.3,3,0,0,0,4,1
S5145,18,70.31,47.65,95.76,98.61,72.63,4.76,78.67,59.49,29.3,8.5,2,1,0,0,4,1
S5146,20,52.24,66.14,46.52,50.41,93.81,7.18,54.87,74.74,12.1,7.8,2,0,0,0,3,1
S5147,22,97.87,76.56,71.13,97.28,69.93,6.78,57.03,69.86,8.2,4.4,7,0,0,1,1,0
S5148,20,97.64,80.56,62.08,77.4,82.77,5.66,89.46,60.29,12.5,4.8,5,0,0,1,3,1
S5149,21,63.97,81.75,99.41,85.12,80.77,9.96,61.45,62.27,13.2,4.2,8,0,1,0,4,1
S5150,20,86.58,83.74,91.71,59.36,68.61,2.17,78.45,61.88,8.2,4.6,5,1,0,0,3,2
S5151,18,78.93,79.09,66.33,82.71,54.34,4.22,71.4,70.95,22.7,6.4,2,1,0,0,1,1
S5152,22,61.87,45.65,99.98,94.1,51.07,1.28,65.18,69.52,20.5,5.1,7,0,1,1,1,2
S5153,22,63.11,81.72,70.84,56.97,71.41,1.82,89.35,77.71,12.9,7.2,7,0,1,1,0,1
S5154,23,74.56,83.49,50.03,56.35,74.06,7.13,86.56,54.66,29.8,4.2,2,1,0,0,0,1
S5155,20,70.96,99.61,73.35,65.2,91.13,0.05,82.31,79.06,21.4,8.3,6,0,0,1,0,2
S5156,21,64.56,81.6,53.57,58.09,70.72,8.9,68.63,51.09,22.6,7.4,5,1,1,1,1,0
S5157,18,90.38,81.21,78.18,55.53,64.06,6.33,61.32,62.87,18.9,8.8,4,1,1,0,4,0
S5158,19,74.07,70.89,96.25,83.92,73.1,4.41,75.79,75.11,18.8,8.8,10,1,1,1,0,0
S5159,22,82.74,92.08,87.17,60.69,61.9,3.31,90.86,84.35,5.5,7.5,8,0,1,1,3,2
S5160,20,59.46,99.81,56.39,83.35,54.57,1.26,78.78,88.56,24.3,4.8,8,0,0,0,4,1
S5161,23,76.68,86.74,57.81,93.1,55.65,9.22,98.51,51.78,27.8,5.1,5,0,1,1,2,2
S5162,21,65.9,76.75,44.16,82.6,65.96,7.12,50.77,76.87,8.1,5.4,4,1,0,0,0,0
S5163,21,76.32,44.74,57.15,55.97,50.63,3.36,99.92,67.72,24.9,6.1,9,0,0,0,2,2
S5164,24,89.04,83.6,45.56,78.68,61.01,0.71,84.57,84.75,18.4,6.9,5,0,0,0,0,2
S5165,18,88.45,82.51,69.97,69.68,89.38,3.26,91.63,64.19,12.1,7.4,4,1,1,0,4,0
S5166,22,67.71,86.53,82.5,67.17,61.73,1.85,66.75,87.19,28.0,4.4,2,0,0,1,2,1
S5167,18,84.71,47.47,85.07,65.93,55.54,7.86,75.42,80.11,5.4,7.1,6,0,1,0,1,1
S5168,23,97.06,79.22,43.57,96.47,97.45,7.2,89.85,89.48,11.9,4.3,5,0,0,0,0,0
S5169,19,81.28,57.74,60.4,87.13,81.12,4.98,88.03,99.22,27.2,8.1,6,1,1,1,3,1
S5170,19,57.42,85.62,57.29,56.69,53.0,8.86,66.7,95.43,17.0,4.2,1,0,1,1,2,0
S5171,19,83.99,54.42,46.26,73.8,53.11,1.81,66.22,79.66,20.0,6.0,6,1,0,1,3,1
S5172,21,55.25,81.04,61.75,65.91,80.61,4.52,83.14,94.69,23.7,6.1,5,1,0,0,2,0
S5173,22,93.61,57.7,57.96,98.9,77.01,7.11,96.68,57.65,8.7,6.9,7,1,1,0,4,2
S5174,18,75.83,40.54,78.07,98.9,53.42,0.68,71.94,52.15,10.4,4.5,1,0,0,1,3,2
S5175,18,69.26,78.0,93.0,65.98,61.22,3.73,67.65,76.66,30.0,8.7,3,0,1,1,0,2
S5176,23,52.85,46.8,67.29,67.61,96.45,5.72,94.73,98.72,10.9,5.9,2,0,0,1,1,0
S5177,19,69.04,79.56,84.8,79.97,78.6,3.67,84.15,85.49,18.5,6.0,6,1,1,0,4,2
S5178,22,95.16,95.54,48.76,73.97,72.02,4.8,69.41,65.26,12.5,5.2,1,1,0,1,2,2
S5179,22,51.05,98.15,93.7,60.66,62.51,6.08,52.86,83.44,26.3,7.9,3,0,1,0,0,1
S5180,23,73.73,54.16,49.16,83.02,56.68,3.68,86.07,52.0,29.0,4.0,4,1,0,0,2,2
S5181,20,96.56,88.56,51.53,66.71,70.13,1.06,67.64,73.53,8.5,4.5,6,0,1,1,3,0
S5182,22,69.74,61.21,46.39,82.69,96.12,1.39,53.53,61.86,20.0,6.4,5,0,1,0,3,0
S5183,22,71.41,94.03,58.58,69.18,52.44,5.27,80.61,52.46,25.3,8.8,5,0,1,1,1,2
S5184,18,78.93,87.25,73.14,85.01,99.55,1.75,66.15,62.5,25.6,4.2,5,0,0,0,3,1
S5185,23,73.15,44.44,99.28,83.39,60.39,8.9,66.92,86.12,16.0,4.3,1,0,0,0,4,2
S5186,22,58.43,64.43,87.6,75.44,70.44,8.34,73.96,77.56,10.6,7.6,8,0,1,1,2,0
S5187,22,50.93,60.24,62.83,85.24,52.25,3.49,85.87,51.17,14.7,7.7,10,0,0,1,2,2
S5188,18,80.49,87.11,74.55,73.05,79.24,8.31,63.82,70.49,23.8,8.5,2,1,0,1,4,1
S5189,22,96.04,64.62,77.4,55.81,74.18,5.33,54.05,87.61,29.8,6.9,6,0,0,1,3,2
S5190,18,55.32,81.08,89.36,59.11,83.34,1.59,71.22,97.73,18.9,6.0,7,1,1,0,3,0
S5191,20,60.55,76.15,84.19,62.3,77.13,6.14,52.75,93.72,9.9,6.3,10,1,1,0,4,0
S5192,21,68.51,98.54,74.16,53.16,69.91,6.79,84.86,50.08,6.0,6.2,10,0,1,1,1,1
S5193,24,90.44,96.27,80.15,85.57,86.89,0.84,97.96,60.94,28.6,8.9,4,1,0,1,0,1
S5194,18,63.46,65.66,84.76,68.37,51.25,3.14,82.94,60.39,17.1,5.9,8,1,0,0,0,1
S5195,18,94.1,83.41,47.99,54.68,77.05,0.05,63.77,70.65,22.9,4.5,1,1,0,0,3,0
S5196,22,52.75,89.77,52.03,91.0,55.69,3.16,59.09,82.29,21.5,5.4,9,0,0,0,0,2
S5197,18,97.05,93.93,81.32,84.18,71.8,3.35,61.64,57.65,27.3,8.8,4,0,1,0,0,1
S5198,23,78.04,44.09,91.03,72.61,89.56,6.3,61.08,95.78,11.7,6.1,10,0,0,1,0,1
S5199,19,82.94,58.12,64.56,62.37,57.12,1.99,65.69,88.86,16.0,5.6,9,0,0,1,3,2
S5200,19,68.38,59.21,98.79,57.59,96.79,0.3,54.87,70.97,27.8,5.6,2,0,1,1,2,2
S5201,20,89.1,66.07,52.96,72.92,94.43,3.16,94.79,79.2,19.6,4.0,10,1,0,0,3,1
S5202,18,58.33,50.16,65.0,94.26,70.75,8.26,94.26,77.09,6.8,7.2,8,1,0,1,3,2
S5203,23,52.45,69.77,62.71,59.42,50.3,3.99,80.76,79.11,9.9,7.6,5,0,0,1,1,1
S5204,22,69.78,79.79,95.82,78.43,89.49,4.15,53.1,93.01,10.9,5.8,7,1,1,1,1,1
S5205,22,92.68,69.84,57.12,98.08,94.04,4.69,90.2,60.01,29.8,8.4,5,1,0,0,3,1
S5206,24,87.75,79.95,68.25,81.86,58.74,7.52,53.09,84.19,10.6,7.7,6,1,1,1,4,2
S5207,21,75.86,43.99,51.23,72.0,95.81,4.8,55.32,55.35,26.7,7.0,7,1,0,0,4,1
S5208,20,78.61,92.56,71.28,85.82,95.7,0.91,66.26,72.96,7.0,7.5,9,0,1,0,1,2
S5209,23,56.49,96.34,91.44,91.23,73.56,2.06,71.57,81.79,9.5,7.8,6,0,1,1,1,0
S5210,23,92.03,77.07,58.24,79.53,89.9,1.88,67.69,50.63,26.8,6.6,1,0,1,0,2,2
S5211,24,89.35,92.88,88.65,93.59,72.25,5.08,58.26,55.4,27.5,6.0,1,1,1,0,1,2
S5212,24,82.82,47.89,94.68,75.73,78.2,0.3,55.61,54.56,9.4,4.6,1,1,0,1,0,0
S5213,22,73.31,87.85,44.38,91.5,65.99,2.84,92.97,68.73,10.7,6.0,10,0,1,1,3,0
S5214,21,98.22,47.15,85.39,97.6,57.97,6.07,68.16,81.1,18.3,6.8,5,0,0,0,3,1
S5215,22,93.95,64.48,55.32,75.06,87.33,3.55,60.93,99.8,6.3,8.7,6,1,1,0,3,0
S5216,21,82.22,59.43,50.52,80.25,50.07,7.08,74.35,62.7,28.6,4.8,6,0,1,1,2,2
S5217,19,68.59,75.14,76.07,80.47,78.98,3.91,51.84,56.8,14.1,7.8,9,0,1,1,2,1
S5218,23,80.9,58.09,82.34,89.07,93.23,9.79,80.01,70.74,17.2,5.2,10,1,0,0,0,1
S5219,24,78.77,78.24,63.69,91.15,61.06,9.65,62.42,57.3,7.6,8.8,1,1,1,0,3,0
S5220,19,69.71,62.04,42.35,51.36,66.64,8.0,79.91,51.23,5.8,7.0,3,0,1,0,0,0
S5221,22,65.33,91.65,94.52,86.67,79.37,9.54,80.71,78.2,16.7,6.2,4,1,1,0,1,0
S5222,20,70.35,78.03,83.84,89.19,62.34,2.05,90.46,93.98,8.0,5.7,9,0,0,1,3,1
S5223,18,78.7,52.92,56.3,85.02,92.37,7.51,61.5,93.04,20.8,5.0,1,1,0,0,0,1
S5224,20,71.41,60.17,69.81,85.68,68.33,3.22,73.17,55.04,24.9,7.6,8,1,1,0,2,0
S5225,20,63.18,90.85,41.67,52.07,79.08,7.25,98.09,57.37,5.8,7.2,3,0,1,0,2,1
S5226,18,88.05,63.19,60.36,72.1,61.31,3.74,86.36,74.56,20.3,8.5,8,1,0,0,2,1
S5227,23,76.57,72.15,71.35,90.91,52.07,2.89,98.77,68.39,25.4,7.0,2,0,1,1,0,1
S5228,19,53.38,78.94,71.03,96.7,58.69,9.59,96.37,85.15,16.0,4.8,6,1,1,1,0,1
S5229,19,68.42,60.87,52.49,61.47,52.31,2.1,80.54,74.75,29.0,7.4,2,0,0,1,0,1
S5230,23,94.25,57.64,86.6,78.96,73.43,7.59,63.2,51.01,7.8,8.4,7,1,1,1,4,2
S5231,18,87.76,68.52,57.93,90.22,79.33,6.75,87.85,64.23,13.1,9.0,6,1,0,0,3,1
S5232,21,66.16,52.89,74.82,87.62,52.23,3.03,84.91,95.07,10.8,7.4,7,0,1,1,4,0
S5233,20,96.91,57.05,56.29,80.94,54.52,4.58,79.44,75.58,29.9,5.4,9,1,0,1,4,1
S5234,22,53.83,43.72,65.51,50.93,74.28,1.43,84.89,89.9,12.4,6.8,10,0,0,0,1,1
S5235,19,98.06,58.24,52.45,86.19,89.96,9.21,80.68,70.11,14.7,6.6,9,1,1,0,1,0
S5236,23,62.29,59.24,77.98,88.66,81.4,9.68,75.97,83.85,26.2,6.6,6,1,1,0,2,2
S5237,22,50.45,97.71,65.54,86.14,55.24,7.32,70.8,58.45,28.2,4.4,8,0,1,0,4,0
S5238,24,71.69,75.38,40.97,88.29,94.38,8.49,52.24,86.83,28.4,5.0,10,1,0,0,1,0
S5239,18,67.95,87.24,41.69,71.55,95.87,0.83,93.28,89.33,19.0,6.6,6,1,1,1,4,0
S5240,22,76.95,42.72,68.27,99.69,66.25,3.84,93.28,54.51,21.6,8.0,10,0,0,1,3,1
S5241,22,89.84,46.39,50.99,88.54,80.8,3.31,79.7,59.17,13.7,4.9,2,1,0,1,4,1
S5242,20,92.12,88.87,75.1,78.93,74.62,5.65,63.39,73.14,20.2,4.8,5,0,1,0,2,1
S5243,18,70.06,77.41,64.49,96.71,97.1,1.83,51.41,81.87,12.6,7.8,5,0,1,0,0,0
S5244,22,71.49,51.46,79.27,95.41,75.44,5.63,50.07,81.87,23.7,7.5,4,0,1,1,2,1
S5245,19,57.41,64.29,97.14,90.73,98.0,6.54,53.65,83.41,12.7,6.4,9,1,1,1,4,2
S5246,18,52.38,72.32,71.72,78.18,59.97,1.32,67.99,85.72,27.0,4.3,2,1,1,0,4,1
S5247,19,82.06,90.62,87.24,76.36,67.28,1.32,59.42,75.29,8.6,6.4,7,0,1,0,0,1
S5248,23,53.22,43.62,85.18,66.44,89.07,0.35,63.25,78.74,19.3,8.2,6,1,1,1,2,0
S5249,23,86.69,75.8,95.31,62.54,89.18,7.61,84.98,50.42,18.0,4.1,3,0,1,0,2,2
S5250,24,76.95,83.02,52.84,75.62,86.61,3.31,97.96,58.33,11.6,4.5,7,1,0,1,4,2
S5251,21,59.93,98.67,89.64,78.89,92.98,2.25,60.34,74.93,5.7,8.0,8,0,0,1,3,2
S5252,23,76.98,88.43,94.33,62.23,85.13,7.78,73.28,87.28,8.7,6.6,4,0,0,1,1,1
S5253,22,59.15,56.57,63.57,96.13,81.8,1.43,99.57,90.45,29.2,7.3,8,1,1,1,4,2
S5254,18,71.94,82.57,58.83,77.86,72.95,4.27,96.58,86.45,28.5,7.7,6,0,0,1,4,0
S5255,23,89.98,85.8,97.12,76.33,73.35,7.45,67.62,74.32,8.0,5.5,5,0,0,0,1,2
S5256,19,73.1,83.78,77.66,71.78,70.31,5.74,65.98,64.06,14.4,5.5,8,1,1,1,0,1
S5257,22,57.43,89.21,62.84,52.9,81.01,5.54,62.11,72.24,16.6,5.3,6,0,0,1,4,2
S5258,23,86.19,94.22,87.51,94.12,70.33,1.57,57.77,50.46,17.0,4.8,10,0,0,0,3,2
S5259,20,59.34,45.91,58.27,65.85,57.37,1.81,73.0,79.9,12.5,5.5,8,1,0,0,0,0
S5260,19,86.93,46.29,50.58,82.12,55.33,5.83,67.06,53.73,27.8,8.8,6,0,1,0,0,2
S5261,24,73.97,87.78,72.64,80.37,96.22,0.24,87.24,57.27,27.7,4.4,4,0,1,0,0,1
S5262,24,72.69,55.14,73.97,79.22,51.24,8.69,61.84,81.3,5.5,5.2,2,0,1,1,4,1
S5263,24,92.57,43.51,89.54,76.29,55.27,3.5,86.82,50.67,21.3,5.6,3,0,1,1,0,2
S5264,19,85.43,64.07,67.42,59.07,72.27,4.17,64.41,78.68,6.9,4.8,7,0,0,1,2,0
S5265,24,51.65,89.19,88.88,64.03,63.15,2.58,79.64,81.92,19.9,4.4,6,0,0,1,4,0
S5266,21,64.81,47.59,58.68,76.21,70.29,8.77,81.92,89.41,26.7,4.8,6,0,0,0,4,1
S5267,20,93.55,80.31,74.52,89.47,55.87,6.43,83.59,53.4,21.2,6.6,9,0,0,0,1,0
S5268,21,50.92,40.22,52.51,71.6,56.55,4.5,58.77,50.15,16.7,7.0,5,1,1,0,0,2
S5269,23,77.26,46.58,63.13,60.2,90.03,5.85,64.14,88.34,28.9,5.1,9,0,0,1,4,0
S5270,20,86.39,61.05,91.45,54.4,87.96,3.8,62.31,64.5,23.7,6.5,1,0,0,0,3,0
S5271,19,81.09,45.02,52.96,83.15,55.21,4.66,78.81,94.36,11.2,4.0,3,1,1,1,3,1
S5272,21,88.03,90.75,88.61,71.17,83.39,3.58,53.79,59.25,14.7,7.0,5,0,0,1,4,2
S5273,22,86.28,91.84,56.97,56.27,80.47,4.11,75.91,79.28,24.0,4.0,7,0,0,0,4,1
S5274,20,84.6,85.33,42.07,83.72,85.67,3.15,54.37,55.47,5.5,7.2,5,0,1,0,3,0
S5275,19,91.08,54.55,46.6,60.38,73.72,0.78,66.85,70.13,6.6,6.4,4,0,1,1,3,1
S5276,18,82.28,71.39,84.75,75.45,63.5,0.37,84.34,94.1,26.5,4.5,5,0,1,0,2,0
S5277,20,70.12,51.05,55.72,65.31,83.18,1.74,70.63,80.42,6.1,4.4,1,0,1,1,3,1
S5278,20,73.6,56.88,79.25,96.58,68.57,2.52,64.02,84.48,22.0,4.0,5,1,1,0,2,0
S5279,23,85.84,70.96,81.95,61.41,60.95,8.9,80.79,61.3,13.0,6.8,9,1,0,1,4,1
S5280,22,93.82,84.1,60.71,71.0,70.43,6.11,87.01,96.14,25.6,8.0,3,1,0,1,0,0
S5281,23,63.61,45.68,68.5,97.97,88.16,9.58,62.73,81.17,26.2,8.3,10,1,1,0,0,2
S5282,24,67.1,57.8,64.23,65.94,73.79,3.4,64.97,55.29,28.8,6.8,6,1,1,1,1,1
S5283,20,96.54,95.6,96.84,82.23,64.99,4.02,82.01,50.78,7.4,8.4,9,0,1,0,2,0
S5284,20,78.93,65.75,59.2,65.84,91.59,7.2,98.26,50.8,15.6,8.3,6,0,1,0,3,0
S5285,24,58.95,96.33,51.0,55.53,94.08,5.78,60.69,52.56,19.3,7.5,10,0,1,0,2,2
S5286,22,83.18,99.48,61.94,81.38,71.66,5.28,82.71,95.58,27.9,5.8,6,0,1,0,1,0
S5287,22,99.54,71.6,80.17,95.8,68.73,5.76,95.33,67.92,11.7,8.1,6,0,1,0,1,1
S5288,21,91.17,57.28,81.84,72.63,80.63,5.84,73.1,64.91,6.8,6.0,7,1,0,0,2,2
S5289,19,87.29,87.45,95.44,81.31,52.9,7.66,65.84,70.83,10.0,6.0,6,1,0,0,3,1
S5290,19,60.4,49.56,92.91,80.44,84.57,6.68,83.34,70.48,17.4,7.4,8,0,0,1,4,1
S5291,21,93.81,55.12,57.3,70.75,89.11,9.57,51.57,61.92,22.0,8.6,2,0,0,1,4,0
S5292,19,76.29,87.09,67.31,80.74,69.87,9.48,68.01,54.59,22.3,6.5,8,0,1,1,4,0
S5293,20,94.46,66.02,84.84,62.97,58.73,4.22,62.9,55.43,6.9,4.9,4,1,0,0,1,1
S5294,21,66.49,52.09,94.99,68.9,51.44,0.36,61.23,79.96,24.0,4.7,2,1,1,1,2,0
S5295,21,53.1,79.07,60.23,72.12,81.86,0.11,58.99,69.84,21.5,5.5,9,0,0,0,1,1
S5296,19,73.8,83.97,66.67,93.2,63.45,1.23,86.85,95.12,15.2,6.3,5,1,0,0,3,0
S5297,18,63.49,47.5,93.97,67.42,73.19,0.75,97.75,73.19,19.3,5.5,3,0,0,0,0,1
S5298,19,85.76,56.62,61.51,81.76,69.32,3.73,69.24,75.17,24.2,7.6,3,1,1,1,1,0
S5299,23,97.86,53.28,68.83,60.67,58.74,0.53,52.46,96.41,11.6,6.7,9,1,1,1,3,2
S5300,18,84.55,62.79,94.27,62.63,75.42,6.25,85.95,75.08,28.5,6.0,5,0,0,0,3,1
S5301,21,94.35,85.81,88.13,82.42,72.98,1.9,76.91,75.1,8.4,5.1,10,1,1,1,3,0
S5302,18,72.65,82.82,54.61,88.12,81.21,5.14,86.18,68.16,27.6,7.0,7,1,1,1,0,2
S5303,20,88.58,79.75,59.49,73.11,62.59,1.03,82.4,85.52,23.5,7.4,2,0,0,1,4,1
S5304,22,92.15,40.38,61.18,66.75,60.73,8.28,95.27,69.61,21.5,7.9,6,1,1,1,2,2
S5305,18,85.54,48.53,94.76,95.51,90.72,7.8,57.02,79.42,7.1,9.0,1,0,1,0,1,2
S5306,23,75.39,53.4,99.94,56.79,85.11,3.86,58.46,72.37,28.0,5.2,8,1,1,1,0,2
S5307,22,81.29,56.32,86.44,86.04,88.61,9.11,67.08,76.44,12.4,4.1,1,0,1,0,3,2
S5308,20,85.03,48.79,69.06,84.51,56.16,1.86,74.57,91.35,23.6,6.5,3,0,0,1,0,1
S5309,23,62.65,64.62,40.61,84.51,61.2,8.14,96.29,70.69,27.1,8.6,6,1,1,1,1,1
S5310,24,90.48,44.51,81.85,96.77,78.78,5.46,95.35,61.5,11.1,5.2,8,1,0,1,2,1
S5311,22,97.52,85.0,63.36,86.41,92.86,3.3,93.59,78.52,27.9,7.8,10,0,1,0,1,0
S5312,24,73.26,87.26,77.98,65.08,94.61,0.84,61.13,96.88,20.3,5.6,1,1,0,1,0,2
S5313,20,85.05,74.46,76.4,67.67,91.6,1.71,86.48,84.66,21.5,6.0,10,1,0,0,3,0
S5314,22,86.85,45.38,68.85,69.56,52.17,8.63,69.17,65.42,27.9,8.7,4,1,1,1,3,2
S5315,22,83.11,93.4,96.66,51.54,91.04,6.07,96.56,98.15,18.2,6.3,3,0,0,1,4,0
S5316,19,77.36,97.94,41.39,95.68,94.95,2.37,60.73,67.14,16.0,7.6,1,0,0,1,4,0
S5317,23,94.08,52.14,82.73,53.68,52.84,4.96,57.06,99.16,20.8,6.7,5,0,1,0,2,1
S5318,23,72.45,82.28,64.59,84.99,70.81,1.08,92.12,59.6,18.9,7.8,8,1,1,0,2,2
S5319,18,53.06,90.52,82.83,86.51,76.83,0.99,85.85,99.98,6.5,5.6,7,1,0,1,4,1
S5320,24,92.23,72.39,80.51,92.19,61.64,9.08,91.07,53.8,9.5,8.4,3,0,0,1,4,0
S5321,24,83.7,59.4,40.61,77.67,75.83,4.58,57.9,85.66,5.3,6.7,5,0,0,0,1,0
S5322,23,92.46,68.71,57.12,86.26,94.3,3.62,94.24,87.02,7.7,5.5,5,1,0,0,1,1
S5323,23,56.93,70.74,51.35,65.14,93.35,9.49,83.88,83.98,23.2,4.2,8,1,0,0,3,1
S5324,22,51.54,64.04,50.02,87.28,96.99,3.99,82.58,88.88,5.1,4.1,6,1,0,1,3,1
S5325,24,96.72,95.79,83.71,67.17,74.21,3.36,79.13,73.59,12.6,5.8,3,1,0,0,4,1
S5326,21,57.39,84.63,54.37,95.14,70.53,2.73,88.24,52.71,16.2,5.1,7,0,0,0,1,1
S5327,19,90.48,54.48,68.48,58.17,83.29,5.65,70.78,67.89,28.4,4.3,1,1,1,0,4,2
S5328,18,91.16,75.13,54.82,65.79,70.84,5.58,56.64,82.12,13.2,6.8,2,1,1,1,4,2
S5329,19,85.44,81.32,74.81,74.94,52.1,0.16,76.96,82.31,24.6,8.9,7,0,0,1,2,1
S5330,18,56.56,48.41,83.23,88.79,86.0,6.54,87.41,59.76,15.2,6.1,2,0,1,0,4,2
S5331,20,83.37,61.51,59.86,87.44,64.05,7.88,57.68,62.65,7.5,6.8,2,1,0,0,3,2
S5332,22,94.45,94.33,76.18,60.54,52.45,6.16,61.2,74.33,7.5,5.1,10,0,0,0,2,0
S5333,23,71.28,74.03,89.49,57.21,51.03,8.7,84.83,86.43,15.8,5.0,7,1,0,0,1,2
S5334,23,70.68,53.02,45.65,65.2,96.57,2.76,63.48,92.64,6.4,5.6,10,1,1,0,3,2
S5335,21,72.14,47.37,82.64,74.19,62.6,1.92,58.5,54.32,19.3,8.2,4,0,1,0,0,0
S5336,24,54.11,71.09,59.39,76.95,72.39,6.97,94.47,96.28,17.3,8.8,9,0,1,0,1,1
S5337,24,94.6,72.86,47.36,71.46,97.53,1.89,58.04,96.39,22.6,7.7,7,1,0,1,0,2
S5338,19,93.46,60.06,72.74,83.15,73.38,0.91,67.21,50.4,9.6,4.1,10,0,1,1,3,0
S5339,19,99.9,77.82,53.58,71.38,53.93,0.97,71.42,75.32,19.8,6.2,10,1,0,0,1,1
S5340,19,79.26,44.12,89.28,97.32,77.6,7.68,73.81,79.36,9.4,6.1,6,1,1,1,0,2
S5341,24,87.56,48.71,42.57,63.05,54.41,0.29,68.07,77.69,23.1,8.7,4,1,1,1,0,2
S5342,23,60.13,72.78,45.92,81.37,54.75,2.89,95.63,80.79,12.7,7.7,8,0,0,0,1,2
S5343,24,83.38,43.71,71.26,80.57,92.57,1.29,82.93,75.17,20.4,7.6,5,1,0,1,4,0
S5344,19,82.49,92.85,75.34,64.08,64.47,7.55,67.97,64.69,27.1,6.8,8,1,0,1,3,1
S5345,22,95.06,48.53,83.79,70.58,83.93,5.03,67.89,54.79,17.2,7.2,8,1,1,0,3,1
S5346,18,91.54,80.44,55.56,68.27,75.45,2.05,75.15,60.42,9.8,7.5,9,0,1,1,2,2
S5347,23,96.92,63.47,90.51,58.62,61.12,7.5,51.68,87.01,27.2,6.8,9,1,1,0,1,0
S5348,22,93.44,63.99,97.19,73.86,75.89,7.5,96.33,62.05,14.0,8.2,7,1,0,0,3,1
S5349,20,93.43,85.89,69.94,69.33,53.45,5.23,61.17,91.49,23.3,4.2,10,1,0,1,0,1
S5350,22,53.19,69.97,85.63,58.92,67.36,2.76,84.88,70.17,13.0,8.7,7,0,0,0,1,1
S5351,22,92.3,83.54,71.49,72.49,76.14,5.86,88.89,70.72,12.5,7.9,6,1,1,1,0,0
S5352,20,80.37,70.31,44.17,71.09,61.42,9.34,91.37,93.42,21.1,6.6,9,1,1,1,1,2
S5353,22,69.02,75.57,59.57,56.57,83.01,0.52,58.28,60.71,8.9,8.3,8,0,1,1,0,1
S5354,18,52.83,85.64,45.25,56.56,52.59,2.67,76.83,59.48,26.7,8.1,1,0,0,1,0,0
S5355,23,83.88,76.44,99.33,82.38,74.24,2.85,54.18,99.27,14.7,6.1,8,1,0,0,1,2
S5356,21,66.41,76.94,53.74,85.33,85.75,6.32,90.24,77.03,5.5,8.2,2,1,0,0,2,2
S5357,24,73.39,87.35,78.15,97.06,71.5,6.51,74.32,59.53,12.6,4.9,9,1,1,1,0,0
S5358,20,84.09,96.95,57.06,54.35,93.73,2.06,57.92,58.29,24.6,6.3,6,0,1,0,1,2
S5359,23,95.59,62.6,79.19,55.89,81.61,2.16,85.93,93.08,26.5,5.2,5,0,1,0,4,2
S5360,19,91.27,74.63,52.62,52.59,97.92,9.28,66.56,79.99,19.2,4.6,7,1,1,0,4,0
S5361,18,72.53,45.18,87.12,76.61,64.21,7.56,55.73,55.75,12.4,8.5,4,0,0,0,2,2
S5362,21,69.39,61.53,46.65,81.14,96.94,9.34,73.05,94.35,18.2,5.8,9,1,0,0,1,0
S5363,18,61.99,64.72,93.71,70.18,80.34,8.3,61.76,72.2,25.9,7.4,10,1,1,0,2,1
S5364,18,68.62,90.11,90.43,89.9,87.26,4.02,97.51,99.47,12.9,5.9,8,0,0,1,0,0
S5365,19,55.55,70.8,80.73,84.33,95.11,1.22,68.07,64.09,14.6,6.7,1,1,1,1,4,1
S5366,21,98.56,83.86,44.04,99.29,77.56,6.3,78.62,76.44,18.5,5.7,1,0,0,0,2,1
S5367,24,78.7,41.14,52.51,56.89,93.11,3.52,97.42,58.66,27.2,7.7,3,0,1,1,0,1
S5368,18,56.39,67.87,91.56,52.92,77.08,4.25,69.69,71.99,19.6,7.9,8,1,0,0,4,0
S5369,19,67.64,94.08,47.32,63.74,79.96,4.26,67.91,58.83,10.2,6.2,8,0,0,0,2,0
S5370,20,77.35,53.46,49.36,50.95,72.25,9.37,58.12,65.36,7.2,8.3,2,1,0,0,0,0
S5371,19,76.64,41.89,72.64,96.63,57.28,0.69,96.92,63.49,7.4,5.8,1,0,1,1,3,1
S5372,22,51.78,66.0,56.45,65.2,77.68,1.93,90.04,64.15,28.8,7.8,4,1,0,1,4,2
S5373,23,97.54,82.27,53.32,77.62,98.87,6.08,61.05,98.49,25.6,7.3,2,1,1,1,0,2
S5374,19,63.77,67.27,74.55,65.9,89.36,8.84,66.63,51.92,24.1,6.3,5,1,0,1,3,0
S5375,19,50.81,67.6,62.35,62.29,87.37,9.18,95.75,74.84,17.4,8.4,7,0,0,1,2,2
S5376,19,53.82,80.19,48.43,57.62,82.17,5.59,76.86,81.46,21.8,6.9,10,1,1,0,3,1
S5377,24,79.01,55.26,72.09,66.02,67.4,0.35,77.82,83.04,8.2,8.2,10,0,0,1,4,1
S5378,18,56.89,85.11,63.22,80.77,58.48,3.63,82.41,87.73,20.5,7.7,5,0,1,1,1,2
S5379,24,52.09,49.19,84.07,98.58,61.23,9.19,88.11,88.05,25.3,6.7,1,0,0,1,2,2
S5380,21,68.98,63.75,46.17,77.9,50.32,5.0,96.96,97.78,6.6,5.6,10,0,0,0,3,1
S5381,19,81.14,79.36,77.24,76.64,83.67,7.27,90.11,87.78,12.4,8.8,5,0,0,1,0,0
S5382,19,55.59,89.7,66.19,51.76,90.59,2.69,96.73,91.18,7.8,4.3,6,1,1,1,1,0
S5383,22,65.67,87.49,64.36,92.0,63.45,0.25,91.03,76.62,11.5,8.5,9,0,1,0,1,2
S5384,22,70.89,83.3,53.94,52.24,54.59,5.78,52.32,82.88,24.3,6.5,1,1,1,1,2,2
S5385,20,57.97,61.55,41.83,95.31,66.79,8.35,55.88,73.91,13.3,7.7,3,1,0,1,3,0
S5386,20,75.3,47.34,90.86,76.93,64.6,9.9,94.24,63.82,22.2,5.7,5,0,1,0,4,2
S5387,22,54.26,53.01,59.58,58.42,72.54,8.47,51.38,65.67,24.3,5.9,1,1,0,0,3,2
S5388,21,52.33,91.89,80.87,72.59,63.21,5.54,89.71,68.03,25.4,5.0,7,1,1,1,3,2
S5389,20,75.99,91.44,96.86,99.75,66.99,6.09,92.49,67.03,26.8,8.8,1,0,1,0,2,1
S5390,23,62.39,97.09,73.9,65.25,95.38,8.24,70.77,76.66,19.9,4.2,10,1,0,1,2,0
S5391,23,54.77,44.56,63.83,63.47,66.74,0.2,67.74,62.38,12.0,5.9,10,0,1,1,0,2
S5392,21,71.2,72.21,56.1,55.9,89.28,9.52,59.72,75.83,8.8,5.7,3,0,1,1,4,2
S5393,22,95.76,78.92,96.04,79.86,81.29,5.31,52.45,95.81,17.6,8.1,1,0,0,1,2,2
S5394,20,86.21,82.64,80.92,54.46,66.88,9.52,87.27,70.3,7.6,6.5,9,1,0,1,0,2
S5395,19,90.78,78.63,79.92,88.3,90.89,7.65,53.69,61.13,27.8,4.8,7,1,0,1,1,2
S5396,22,93.6,86.2,65.57,95.96,79.75,1.52,97.23,67.34,16.1,6.5,10,1,0,1,0,2
S5397,20,98.63,61.57,90.7,96.59,50.43,1.65,64.84,93.84,26.8,5.2,9,1,1,1,4,1
S5398,21,88.16,50.77,82.82,55.4,53.44,3.54,89.71,97.08,22.7,4.1,9,0,1,1,0,1
S5399,23,80.42,52.28,56.99,77.91,87.63,2.64,52.98,94.33,26.4,6.7,9,0,0,1,0,1
S5400,21,68.27,40.72,75.97,54.86,72.33,4.39,76.81,64.37,27.1,5.8,10,1,0,0,2,1
S5401,20,59.08,61.02,65.81,78.6,70.28,6.04,67.45,69.39,6.3,5.2,5,0,0,0,4,2
S5402,21,84.33,45.5,40.4,90.75,57.29,4.37,51.5,98.75,23.1,4.9,7,1,1,0,0,2
S5403,20,99.75,59.29,88.46,76.89,57.87,0.56,82.79,66.19,10.7,6.3,6,0,0,1,3,2
S5404,20,73.37,77.69,47.37,93.6,89.89,9.76,97.16,56.89,29.7,8.3,6,0,1,0,0,1
S5405,21,86.18,93.67,70.6,90.08,91.45,4.25,50.54,64.1,24.5,7.8,3,0,0,1,1,1
S5406,18,74.75,90.38,60.17,63.83,78.0,8.51,63.52,98.2,5.1,4.0,10,0,1,0,1,1
S5407,19,71.6,55.16,60.53,81.51,64.76,0.74,85.18,70.79,28.2,7.7,6,0,0,1,0,0
S5408,22,70.52,48.04,68.64,50.37,96.64,8.1,93.56,96.69,12.3,4.4,10,1,1,0,0,2
S5409,23,75.23,51.58,99.82,69.8,81.2,1.73,59.54,55.2,15.4,6.7,6,1,0,0,3,1
S5410,19,68.34,98.26,64.5,61.9,89.83,6.79,53.54,88.3,20.3,7.9,5,0,1,1,0,1
S5411,22,87.44,72.97,50.94,96.86,50.16,6.62,50.43,54.67,27.9,6.3,4,1,0,0,2,2
S5412,22,93.71,50.95,76.82,70.27,72.52,9.1,60.76,59.87,28.2,5.9,10,0,0,0,4,0
S5413,23,94.14,90.44,54.18,82.7,93.55,3.21,53.57,80.81,19.1,8.7,5,0,1,1,3,1
S5414,19,61.38,63.71,46.33,86.6,66.91,1.09,67.97,71.72,12.9,4.1,7,0,1,1,0,0
S5415,23,94.8,93.95,43.01,88.66,86.33,8.65,72.01,83.33,12.0,4.5,4,0,1,1,2,1
S5416,20,67.08,55.64,41.37,86.79,82.88,3.32,74.0,98.67,14.1,8.4,9,1,1,0,0,1
S5417,23,65.47,63.59,65.87,64.46,57.61,2.33,57.12,52.64,9.5,8.4,4,0,1,0,3,2
S5418,21,86.34,70.3,65.6,84.3,88.75,4.86,73.2,59.58,21.7,5.9,9,1,1,0,3,0
S5419,18,65.23,93.56,51.13,77.45,55.63,1.46,50.45,82.01,18.2,6.7,10,0,0,1,1,1
S5420,18,52.65,92.13,87.04,79.87,86.4,2.97,61.97,94.83,24.3,4.8,9,0,0,1,1,2
S5421,18,68.68,74.46,47.76,50.04,99.55,3.85,68.45,89.88,7.4,8.4,7,1,1,1,0,1
S5422,19,86.07,53.31,94.92,62.91,97.9,2.77,55.92,73.28,15.0,6.3,7,0,1,0,4,2
S5423,19,66.35,64.2,75.25,96.53,90.01,4.5,90.7,87.27,11.0,6.8,10,0,0,0,2,1
S5424,20,81.48,98.54,41.66,64.5,76.73,3.85,60.06,60.4,18.4,4.6,1,1,1,0,1,2
S5425,24,83.01,76.47,97.78,71.9,83.74,7.75,87.74,50.69,16.7,7.1,2,1,0,0,1,1
S5426,18,86.69,86.87,58.48,59.33,86.41,9.18,73.69,78.5,16.2,7.5,3,1,0,1,4,2
S5427,20,94.86,66.99,67.0,56.93,50.42,1.01,73.99,90.66,12.9,5.5,3,0,0,0,3,2
S5428,24,71.63,71.92,57.06,60.43,55.12,8.23,82.26,71.67,23.2,8.5,3,0,1,0,0,0
S5429,18,58.32,65.74,83.71,77.68,79.85,9.32,52.21,78.46,17.0,5.0,9,1,0,0,0,2
S5430,19,65.95,82.18,69.14,95.95,50.33,6.87,53.94,71.11,10.1,8.5,2,1,1,1,2,0
S5431,24,71.61,91.09,47.94,66.31,95.45,9.96,66.34,75.7,18.7,7.5,1,0,1,0,4,2
S5432,21,85.69,70.44,46.25,66.17,74.48,3.35,70.84,94.22,19.9,8.2,1,0,1,0,4,2
S5433,21,50.66,68.85,83.52,78.21,62.89,8.3,71.5,73.91,5.5,7.5,6,1,0,1,4,2
S5434,21,65.79,60.42,54.22,67.84,69.69,6.74,83.84,50.37,10.1,6.1,7,1,0,1,3,2
S5435,23,88.99,50.63,48.27,95.52,92.54,3.23,50.04,89.99,11.1,5.7,2,1,0,0,4,0
S5436,21,83.54,96.35,69.97,68.89,96.36,7.05,97.96,80.89,11.2,7.7,2,1,1,1,3,2
S5437,22,86.59,58.96,88.17,74.52,55.81,5.1,58.72,86.52,11.0,5.5,8,0,0,0,0,2
S5438,18,90.59,88.04,56.73,76.67,88.9,1.89,62.43,95.05,11.8,4.3,7,0,0,1,3,2
S5439,21,89.16,82.92,56.59,89.1,78.91,1.74,95.28,64.31,11.6,5.2,4,0,0,0,0,2
S5440,24,84.11,87.46,90.03,78.2,79.28,7.13,50.27,75.15,27.1,7.8,7,0,0,1,2,2
S5441,22,71.98,96.21,48.87,61.96,88.97,7.12,99.57,80.12,13.0,8.0,4,1,0,0,4,2
S5442,22,99.18,77.4,77.0,56.2,61.14,5.31,51.8,67.27,13.7,5.4,5,0,1,1,2,1
S5443,22,78.45,93.88,97.3,96.89,76.55,5.01,56.03,92.3,11.7,5.6,8,1,1,1,4,0
S5444,20,60.14,50.06,90.48,90.08,65.97,1.8,62.01,84.88,29.2,6.7,4,0,1,0,2,0
S5445,24,64.64,77.6,43.71,51.15,54.73,4.29,71.94,86.67,18.4,5.3,7,0,1,1,1,2
S5446,20,84.68,86.34,59.19,91.08,55.25,8.71,75.92,90.4,20.3,7.0,2,0,1,0,1,1
S5447,22,96.24,56.3,48.54,79.53,56.82,8.55,55.24,62.9,23.4,5.4,2,1,0,1,3,1
S5448,23,58.94,84.45,96.95,75.94,80.74,6.61,53.68,87.28,13.3,4.6,9,0,1,0,2,0
S5449,21,54.12,86.71,99.16,50.61,55.29,9.97,51.59,88.69,29.2,4.8,10,1,0,1,4,1
S5450,18,94.08,89.87,54.1,89.04,78.51,8.93,62.84,92.12,8.8,5.3,8,1,0,0,0,1
S5451,24,95.76,58.77,80.18,59.9,79.41,1.45,96.08,74.43,16.4,4.8,3,0,0,0,3,0
S5452,23,63.82,80.9,90.5,86.4,95.19,3.99,69.49,75.21,8.6,8.9,7,1,0,0,3,0
S5453,19,68.86,58.26,54.02,50.79,81.32,1.32,88.2,54.91,24.8,7.3,1,0,1,0,1,0
S5454,20,83.01,84.34,51.26,89.82,99.28,4.66,59.51,92.61,7.7,4.9,4,1,0,0,2,2
S5455,21,66.5,67.78,40.67,51.15,51.55,7.76,53.23,76.67,18.8,6.1,4,0,0,0,2,0
S5456,21,93.86,75.85,64.72,61.79,85.21,1.56,77.71,79.72,7.6,5.3,8,1,1,0,3,0
S5457,19,55.38,64.95,93.97,63.41,51.32,8.8,91.1,56.07,16.3,7.4,4,1,0,0,1,1
S5458,19,51.9,49.72,94.18,57.88,86.47,5.69,94.92,80.09,12.0,8.3,9,0,0,0,0,1
S5459,24,60.42,50.68,47.66,74.05,69.29,7.49,77.31,52.1,27.6,6.0,10,0,0,1,1,0
S5460,21,64.3,44.65,52.26,64.18,80.57,0.45,64.7,96.16,6.3,6.1,7,0,1,1,2,0
S5461,19,55.65,77.08,64.48,99.66,65.48,0.94,55.48,93.18,21.2,6.0,10,0,0,0,0,1
S5462,21,53.28,90.92,86.84,79.0,57.96,6.21,83.39,59.72,22.4,6.2,5,1,0,0,3,0
S5463,23,87.78,41.25,76.71,78.32,86.18,8.38,64.02,79.69,27.2,4.2,8,1,1,1,0,2
S5464,24,58.21,43.97,70.83,61.04,95.23,8.74,92.2,80.13,26.9,7.0,4,1,1,1,3,0
S5465,19,95.7,67.45,75.52,70.43,59.18,6.88,80.26,90.17,29.4,8.8,10,1,1,0,1,1
S5466,23,68.4,84.26,45.77,56.2,96.04,2.01,92.94,87.85,11.3,7.9,6,0,0,1,0,2
S5467,23,83.53,49.46,68.66,88.13,57.01,1.95,78.33,99.66,11.9,8.3,5,1,0,1,4,0
S5468,19,61.27,56.3,99.52,66.56,86.78,8.81,88.59,67.54,14.9,5.1,10,0,1,0,2,1
S5469,24,62.02,53.92,45.31,87.6,97.97,1.13,64.72,56.23,18.4,7.0,3,1,0,1,3,1
S5470,21,78.74,63.94,71.15,68.58,57.37,6.86,75.15,78.67,14.2,8.5,8,0,1,0,0,1
S5471,22,78.03,53.5,57.74,99.44,71.75,5.34,50.97,88.2,23.5,4.3,6,0,0,1,0,1
S5472,21,88.44,61.16,72.39,58.56,66.87,4.21,80.39,64.29,5.2,8.4,4,0,0,1,4,2
S5473,18,87.89,83.71,74.43,50.08,69.42,4.4,76.69,61.81,5.4,4.3,1,0,0,1,1,0
S5474,19,83.53,76.66,74.65,79.74,87.66,9.45,87.76,90.12,22.9,8.9,10,0,1,0,4,0
S5475,20,72.46,44.87,91.13,97.65,83.06,8.61,86.45,87.69,27.1,4.4,1,1,0,0,0,0
S5476,24,94.53,78.26,63.38,82.35,98.43,8.65,81.38,60.17,24.4,5.8,3,0,0,1,2,0
S5477,19,81.13,68.62,70.98,54.29,59.27,4.07,52.83,93.46,7.9,4.3,8,1,0,1,0,1
S5478,18,99.51,96.07,40.66,77.02,77.16,1.07,95.15,56.74,28.4,4.3,8,1,0,1,0,2
S5479,23,90.97,57.36,87.37,95.47,72.46,9.98,50.9,55.46,18.0,8.3,2,0,0,0,0,1
S5480,20,52.22,83.57,55.57,50.33,95.94,1.45,90.16,67.56,23.6,4.3,1,1,0,1,4,2
S5481,20,66.03,83.85,88.99,58.35,50.53,5.16,73.97,94.33,10.0,8.0,5,1,1,1,4,0
S5482,21,78.59,53.29,55.94,90.73,99.46,2.65,90.9,84.77,18.7,8.5,1,1,0,1,3,1
S5483,22,86.07,94.19,40.65,94.7,73.99,5.11,73.25,69.74,13.3,8.7,8,0,1,1,3,1
S5484,21,77.52,69.47,49.29,85.36,81.28,3.05,82.35,57.86,29.4,8.3,9,0,1,1,3,0
S5485,24,89.31,80.73,99.14,99.58,68.0,8.97,68.16,85.67,16.9,8.8,2,0,0,1,0,2
S5486,20,64.13,48.75,59.19,54.51,92.63,9.68,87.18,79.96,23.9,4.3,4,0,1,1,3,2
S5487,20,59.2,55.47,46.53,77.28,78.1,4.1,62.71,99.38,20.1,9.0,6,1,1,1,3,2
S5488,22,52.7,75.17,47.13,84.25,83.14,0.7,85.97,88.28,7.4,4.1,7,1,0,0,1,1
S5489,24,78.67,59.14,58.62,85.13,82.45,6.63,59.67,55.11,18.6,4.8,5,1,1,0,4,1
S5490,19,84.43,69.98,42.26,89.67,68.2,3.77,86.11,86.41,18.5,4.4,1,1,0,0,3,1
S5491,22,66.31,62.44,70.69,95.88,53.8,9.86,64.68,62.87,22.9,7.7,7,1,0,1,4,2
S5492,23,80.68,78.43,52.82,68.08,90.39,0.89,63.93,98.09,13.0,4.4,7,1,1,0,2,1
S5493,21,52.61,69.23,71.16,52.15,64.49,1.19,90.57,50.96,26.5,5.5,5,0,1,0,1,2
S5494,19,54.96,40.28,48.45,68.12,92.45,6.99,90.68,61.92,20.6,7.2,2,1,1,1,2,0
S5495,21,85.09,78.98,65.79,83.58,80.43,7.59,84.57,74.95,6.0,6.5,2,1,0,0,4,1
S5496,22,68.4,65.33,75.88,60.67,67.69,4.71,96.2,53.95,22.7,4.7,9,1,1,1,4,1
S5497,19,83.57,60.5,43.72,90.5,79.71,2.77,57.81,67.2,27.7,6.6,9,0,0,1,2,0
S5498,22,91.59,45.65,63.92,60.99,82.27,3.1,63.47,74.86,22.1,5.7,4,1,0,1,3,0
S5499,23,92.63,53.22,58.15,50.5,85.33,3.38,64.7,72.35,14.5,6.9,4,1,0,1,1,2
S5500,18,58.61,53.43,54.42,75.4,91.12,2.25,65.26,73.03,19.8,6.7,7,0,0,1,4,0
S5501,20,74.31,96.12,76.27,86.32,57.99,8.51,66.4,93.95,9.3,8.9,5,1,1,0,0,1
S5502,24,86.7,65.95,75.31,67.48,97.21,0.65,84.85,75.26,20.0,8.3,1,0,1,0,1,0
S5503,19,88.7,42.52,77.84,87.44,70.54,4.07,63.54,97.05,17.5,4.0,5,0,0,0,2,0
S5504,20,89.23,48.33,49.53,71.92,93.02,7.48,64.3,57.39,5.7,4.9,4,1,0,1,4,1
S5505,18,61.41,44.74,57.14,58.59,61.02,0.04,78.52,64.01,13.0,8.6,3,1,0,0,4,2
S5506,19,59.63,75.33,52.58,54.53,51.45,8.78,59.67,82.83,9.8,6.7,1,0,1,0,2,1
S5507,20,79.5,51.2,72.43,85.53,78.67,7.06,68.24,64.16,14.8,7.8,9,1,1,0,0,1
S5508,20,87.05,69.91,67.66,69.29,66.23,0.73,52.9,67.36,11.0,6.5,4,1,1,0,0,0
S5509,19,65.96,62.2,59.82,95.64,99.22,8.95,97.63,95.05,25.9,7.9,3,0,1,0,4,0
S5510,20,55.24,88.23,87.16,77.01,55.22,4.87,65.87,76.93,22.4,4.7,8,0,1,0,3,1
S5511,20,85.84,59.23,45.64,67.42,52.37,6.52,92.5,66.73,23.5,7.7,7,1,0,0,0,0
S5512,19,64.98,67.5,98.49,67.45,52.25,8.82,76.5,88.84,14.0,8.3,6,0,1,1,0,2
S5513,24,58.32,83.28,46.99,56.57,60.84,8.81,61.41,53.53,5.1,5.3,6,1,1,0,3,0
S5514,20,57.39,66.0,86.38,79.69,78.96,4.09,59.67,78.18,10.5,5.8,2,1,1,1,0,2
S5515,20,65.75,87.59,62.09,79.11,75.28,2.38,84.75,54.98,23.9,7.0,9,1,1,1,3,1
S5516,24,79.63,79.7,91.92,90.0,67.5,2.57,98.24,58.84,20.1,8.3,1,1,1,0,2,0
S5517,21,67.92,64.63,44.45,60.06,54.44,7.66,59.15,53.12,18.5,8.5,4,0,1,0,1,0
S5518,23,51.03,70.24,62.48,64.54,61.69,9.29,55.77,95.08,12.0,6.7,4,1,0,1,1,2
S5519,21,54.85,98.03,60.13,54.86,59.21,0.72,69.35,52.41,6.9,7.3,9,0,0,1,2,2
S5520,18,64.53,79.7,99.59,64.77,87.28,0.15,69.69,75.82,24.6,8.4,3,1,1,0,0,1
S5521,21,82.99,94.3,99.13,71.41,89.0,8.23,90.31,61.25,6.0,5.2,9,1,0,0,1,1
S5522,21,54.93,50.73,51.39,98.2,88.85,3.87,73.44,69.18,6.5,8.1,2,0,0,1,2,1
S5523,18,78.03,68.99,77.8,82.65,98.45,2.76,53.12,74.68,12.4,5.3,1,1,1,0,1,1
S5524,20,55.99,94.52,72.13,89.14,94.21,1.88,96.03,72.5,19.3,6.9,7,0,1,0,0,2
S5525,20,60.58,59.36,49.26,66.28,74.89,3.46,68.66,87.4,29.8,8.7,2,0,1,1,3,0
S5526,21,58.61,98.06,50.07,57.23,70.75,9.71,83.43,95.59,7.3,6.6,1,1,0,1,2,0
S5527,18,53.36,45.82,99.36,62.84,95.79,9.77,83.37,65.01,16.8,4.5,9,1,1,1,1,1
S5528,20,83.57,94.16,67.16,62.82,80.56,3.32,52.82,51.23,20.0,8.5,8,1,0,1,0,0
S5529,22,73.17,66.71,47.55,79.16,64.72,9.64,50.18,94.7,25.6,6.9,3,1,1,0,1,1
S5530,19,91.55,44.42,52.89,67.07,78.22,3.0,54.4,98.94,22.2,4.4,2,0,0,0,0,0
S5531,19,54.94,92.77,56.1,92.87,99.61,8.54,97.83,71.67,25.2,4.1,1,1,1,1,0,0
S5532,23,57.24,55.12,70.66,99.43,92.47,2.12,89.7,72.79,18.1,5.3,10,1,0,0,0,0
S5533,19,65.32,41.34,60.13,67.16,64.06,8.26,56.6,57.21,15.8,4.6,4,1,1,1,0,0
S5534,21,88.29,48.15,67.3,85.25,97.65,3.54,80.74,73.78,20.5,7.1,6,1,1,0,2,2
S5535,19,65.29,79.55,49.99,82.87,99.07,1.96,80.6,65.17,27.5,7.0,2,1,1,0,3,0
S5536,19,70.42,98.67,59.6,59.72,61.56,9.35,50.03,99.72,18.8,8.2,6,0,1,0,2,2
S5537,22,65.08,46.69,44.22,95.9,94.78,2.14,71.45,59.24,20.1,6.6,5,1,1,1,1,2
S5538,20,54.01,67.72,93.38,59.97,94.16,9.92,85.59,68.93,13.4,5.3,1,0,1,1,2,2
S5539,22,96.97,50.84,51.93,86.85,51.99,1.09,59.34,80.83,19.9,4.3,10,1,0,1,2,0
S5540,21,77.43,84.7,85.41,67.38,83.48,0.1,92.55,67.26,20.7,4.1,7,1,0,1,1,1
S5541,19,89.39,47.08,60.97,68.35,65.26,8.71,83.02,73.72,23.8,8.6,7,1,0,0,3,1
S5542,24,82.92,54.39,68.46,72.77,83.73,5.87,50.35,98.67,19.3,4.7,5,0,1,1,2,2
S5543,20,75.71,51.78,57.48,93.23,95.68,4.22,92.75,75.4,9.9,6.5,4,1,0,0,0,2
S5544,23,54.48,73.15,81.79,57.01,74.94,0.82,50.97,95.52,19.5,8.0,2,0,1,1,2,0
S5545,23,82.14,92.39,90.67,52.73,70.72,5.75,94.4,52.15,12.4,8.6,7,0,0,1,1,1
S5546,19,57.77,70.67,57.18,70.1,96.08,3.94,66.69,55.99,7.2,5.0,8,1,1,0,3,2
S5547,19,70.72,43.49,54.53,52.78,98.71,4.84,84.93,97.23,25.6,5.2,9,0,0,0,2,1
S5548,23,81.46,73.8,80.89,84.38,53.11,6.3,89.37,56.44,6.7,4.9,6,1,0,1,2,1
S5549,23,89.11,87.85,51.71,88.02,96.14,6.4,64.06,86.83,20.8,4.8,2,1,0,0,1,0
S5550,24,84.25,47.93,78.39,92.74,54.14,9.61,67.82,72.3,29.7,6.3,1,0,1,1,4,2
S5551,21,83.58,44.36,45.67,87.19,66.86,6.55,75.48,70.34,7.2,7.2,2,1,1,0,4,0
S5552,19,57.45,51.27,77.21,95.82,88.13,3.39,79.13,82.96,10.5,7.5,3,1,1,1,2,1
S5553,23,67.31,84.77,70.8,87.42,88.85,3.3,64.6,86.38,24.0,5.6,1,0,0,1,0,1
S5554,24,52.15,75.5,46.83,96.8,86.29,4.77,99.62,96.6,7.4,7.1,5,0,1,1,2,2
S5555,18,85.97,72.44,78.95,59.66,51.96,2.59,86.85,62.84,25.8,4.0,7,0,1,0,4,2
S5556,23,97.63,54.97,66.79,74.99,56.65,3.76,63.71,84.9,5.0,8.4,9,0,1,1,2,0
S5557,20,63.21,59.93,53.03,99.7,96.81,8.42,82.02,67.11,27.2,8.3,6,0,0,0,0,0
S5558,20,54.38,97.95,61.2,84.08,54.07,8.6,71.77,85.88,6.7,6.7,8,0,1,1,3,0
S5559,18,73.78,54.44,69.53,93.93,53.93,6.28,93.02,57.11,28.0,5.2,2,1,1,1,2,2
S5560,21,92.83,94.1,45.49,51.52,91.78,5.83,66.45,72.88,26.6,8.9,5,0,0,1,1,2
S5561,19,77.6,74.83,97.46,93.59,82.06,4.27,59.39,59.18,18.5,8.1,9,0,0,1,0,2
S5562,19,52.34,47.4,79.93,84.89,67.58,6.36,52.31,66.82,24.4,4.1,7,1,0,1,2,1
S5563,23,98.71,68.04,46.15,58.54,58.29,8.06,99.22,85.78,6.9,6.3,7,1,0,1,4,0
S5564,20,91.43,96.91,89.37,51.28,94.21,7.38,67.96,61.67,8.4,4.5,3,0,1,1,2,0
S5565,21,56.58,65.11,59.35,63.0,99.43,0.35,61.03,84.24,14.2,4.7,3,0,1,1,4,2
S5566,21,96.09,91.8,75.81,95.79,52.5,7.31,74.59,74.8,18.4,4.0,2,1,1,0,1,2
S5567,21,72.53,55.39,56.63,83.41,77.71,7.2,64.58,54.6,26.7,7.4,9,0,0,0,3,0
S5568,23,68.59,74.26,84.0,95.97,63.07,0.99,61.65,69.33,18.6,5.3,4,0,0,0,4,1
S5569,19,73.05,90.63,83.38,72.31,91.62,1.5,80.82,93.46,21.6,5.5,9,1,1,0,2,0
S5570,21,91.73,95.24,73.12,96.83,67.3,7.88,53.74,99.46,22.0,4.2,4,0,1,0,1,2
S5571,23,82.97,69.15,54.46,73.15,85.73,5.59,75.45,68.45,26.9,4.0,8,1,1,0,0,0
S5572,23,52.96,78.38,55.22,60.21,76.98,8.22,69.37,52.74,24.4,8.0,1,0,0,1,2,0
S5573,18,97.88,40.18,62.97,57.57,77.08,1.85,76.63,56.51,29.4,7.3,1,1,0,1,0,0
S5574,22,57.39,55.19,48.7,99.69,92.9,0.31,66.02,89.41,5.5,5.9,6,1,1,0,4,1
S5575,21,87.28,56.72,60.26,66.69,73.52,1.62,78.52,82.79,10.2,4.3,6,1,0,0,1,2
S5576,22,81.81,45.61,81.06,58.0,92.28,4.53,54.09,64.25,28.3,7.9,7,0,1,1,3,0
S5577,19,59.38,56.78,89.85,50.42,68.17,5.23,68.81,69.56,24.8,8.6,7,1,0,1,2,1
S5578,23,58.54,59.27,59.95,64.28,58.74,8.58,61.87,90.56,11.7,6.6,10,0,0,0,1,0
S5579,24,93.52,98.13,54.02,94.46,72.77,7.16,71.9,70.66,29.4,4.7,3,1,1,1,1,1
S5580,21,70.98,80.12,89.96,76.7,74.92,9.9,69.92,87.79,26.7,7.3,9,1,0,1,3,2
S5581,24,82.73,65.56,93.44,81.62,73.92,0.79,81.56,64.76,6.6,4.4,9,1,1,0,4,2
S5582,20,75.2,99.28,64.6,96.12,90.42,1.3,81.44,86.24,25.3,4.8,3,0,0,0,3,1
S5583,19,86.37,49.19,41.61,75.64,78.23,0.84,70.67,73.32,24.6,6.4,7,0,0,0,3,1
S5584,18,73.96,68.56,81.7,91.91,94.42,5.38,59.08,77.27,10.5,5.2,4,1,0,1,3,0
S5585,18,64.37,78.82,87.04,66.19,75.71,2.67,79.1,79.94,21.7,8.7,6,0,1,0,0,1
S5586,22,68.17,43.33,41.08,98.86,61.24,6.84,98.33,72.53,29.3,8.0,6,0,0,1,2,2
S5587,23,92.95,83.02,75.7,53.94,56.47,1.33,59.27,73.31,21.9,5.4,5,0,1,0,3,2
S5588,22,73.4,45.99,75.3,86.24,93.42,1.03,53.45,63.29,25.3,8.8,6,1,0,0,2,2
S5589,20,60.67,48.42,62.72,83.03,52.81,4.6,63.23,99.29,7.5,5.9,7,0,1,0,3,2
S5590,20,96.73,49.58,84.99,59.58,55.88,3.76,70.65,95.29,23.2,6.8,2,1,1,0,4,2
S5591,18,89.83,95.73,65.69,69.44,53.18,8.29,65.31,76.37,10.1,6.8,7,1,1,1,4,2
S5592,24,52.78,80.99,80.61,65.64,71.19,8.38,91.74,51.73,6.8,7.2,7,1,1,0,3,2
S5593,21,99.95,79.33,71.03,54.72,76.63,1.17,74.65,58.42,18.8,5.2,7,0,1,0,1,0
S5594,18,84.75,73.33,54.91,79.24,50.99,8.12,62.31,92.7,23.8,8.6,10,1,1,0,2,2
S5595,18,58.01,57.57,76.39,99.68,75.78,5.64,97.51,96.54,18.7,5.3,5,0,1,0,4,1
S5596,24,61.86,77.25,84.21,77.98,69.69,5.04,56.25,58.06,28.3,7.3,3,0,0,0,0,1
S5597,24,84.62,64.61,98.43,77.26,88.68,0.95,56.15,86.73,22.4,7.8,5,1,1,0,1,0
S5598,20,88.99,48.72,62.81,52.02,91.5,7.4,62.26,81.15,7.9,8.4,1,1,1,1,4,2
S5599,24,61.95,81.38,43.87,56.96,84.25,0.6,53.84,65.17,28.4,6.3,5,1,1,0,1,2
S5600,22,62.85,47.77,99.28,75.66,73.67,2.78,87.58,71.8,8.8,7.6,3,0,0,0,2,2
S5601,20,65.36,51.44,77.43,99.26,60.81,0.95,65.64,83.86,24.0,4.4,7,0,1,0,1,2
S5602,24,79.9,89.06,96.79,93.83,92.36,5.31,86.49,55.06,8.7,7.9,4,1,1,1,0,2
S5603,23,58.59,79.61,46.23,67.01,67.08,6.45,88.14,59.45,30.0,7.8,6,1,0,1,1,2
S5604,20,55.21,77.86,60.52,77.15,67.81,8.91,61.88,51.67,13.3,6.1,6,0,1,1,4,0
S5605,20,83.94,65.09,48.04,77.64,95.8,7.34,75.92,95.11,17.4,5.6,4,0,1,0,0,0
S5606,18,88.95,63.78,90.13,84.27,98.78,9.61,75.98,78.69,16.7,5.9,1,1,0,0,2,1
S5607,21,75.05,81.42,92.82,84.39,94.91,7.61,93.57,76.17,7.5,4.5,3,0,1,0,4,1
S5608,18,68.19,84.4,70.08,89.49,99.91,2.98,51.28,85.31,17.4,7.2,3,0,1,1,2,1
S5609,19,71.6,70.61,51.2,51.25,93.45,5.48,65.84,99.42,8.7,8.6,6,0,1,0,3,2
S5610,20,69.42,98.16,47.63,97.18,85.22,4.58,94.12,58.61,25.0,7.3,10,0,1,1,4,0
S5611,24,98.0,97.34,75.29,53.5,64.69,5.66,61.84,56.66,29.0,6.9,8,0,0,0,1,0
S5612,24,88.4,64.75,70.38,73.81,97.65,5.72,56.84,64.74,25.2,9.0,2,0,1,1,2,2
S5613,24,60.4,89.24,81.69,95.98,93.83,7.02,78.81,95.2,15.8,6.7,6,1,0,0,1,2
S5614,20,69.21,72.6,58.31,74.38,62.04,0.83,65.29,70.57,5.1,5.7,7,0,1,1,0,0
S5615,24,77.2,70.71,64.14,53.18,74.46,7.47,73.36,89.67,5.9,7.5,3,1,0,0,2,1
S5616,19,80.65,43.3,41.28,61.46,53.5,1.44,91.0,60.15,17.4,6.6,1,1,1,1,2,1
S5617,20,73.41,74.44,76.61,78.93,97.67,0.26,76.03,74.68,22.0,8.9,2,0,0,0,0,1
S5618,24,90.51,94.03,65.39,54.39,78.64,5.19,75.79,56.37,25.5,8.5,5,1,0,0,0,1
S5619,20,88.38,86.81,95.19,71.18,62.26,5.81,63.91,70.64,20.0,8.7,1,1,1,1,0,1
S5620,23,75.26,87.18,78.51,66.45,64.62,0.35,89.64,63.11,29.5,4.0,4,1,1,1,0,1
S5621,20,92.72,49.6,63.92,90.76,99.03,5.15,86.99,77.47,17.3,5.7,6,0,0,0,3,0
S5622,19,87.55,61.51,55.82,55.51,80.78,5.35,61.71,89.02,20.0,7.1,1,1,1,1,2,2
S5623,18,88.93,53.99,94.32,84.14,71.03,0.52,66.0,96.92,10.8,5.5,6,0,1,1,3,0
S5624,20,97.82,58.95,40.98,70.33,74.99,7.12,89.43,64.19,13.5,7.3,8,1,1,0,3,0
S5625,21,63.32,74.77,59.61,79.39,54.93,2.1,67.89,87.16,22.1,7.6,1,1,1,0,1,2
S5626,19,63.38,61.89,96.61,60.28,53.75,7.94,70.18,94.28,20.0,7.1,8,1,0,1,2,1
S5627,22,94.45,73.64,79.24,80.49,79.64,3.11,68.22,56.24,14.2,6.3,8,1,1,1,2,1
S5628,23,88.61,66.31,71.96,83.7,75.6,4.78,58.08,79.3,7.8,7.5,2,0,1,1,2,2
S5629,19,96.33,57.2,52.21,53.51,67.96,8.92,67.04,80.59,13.6,7.9,3,1,0,0,2,0
S5630,18,53.16,45.72,90.0,91.22,78.31,8.06,90.15,63.62,6.1,7.5,6,1,1,0,0,2
S5631,24,81.39,93.51,52.25,93.06,53.63,7.82,74.55,51.13,19.5,8.1,8,0,0,0,4,0
S5632,24,57.23,40.68,54.9,53.18,97.2,1.6,72.91,62.84,13.1,8.7,5,0,1,0,1,2
S5633,19,75.19,40.1,51.51,80.16,64.69,0.48,57.82,79.24,14.5,4.5,9,0,1,0,1,2
S5634,22,57.79,89.61,49.49,79.7,53.59,6.06,58.88,59.82,19.4,8.5,4,1,0,0,0,0
S5635,24,56.4,99.81,97.2,50.62,58.48,4.11,52.15,64.37,19.5,5.4,4,0,0,1,3,1
S5636,23,50.61,83.63,76.12,67.12,54.77,9.09,50.7,85.4,19.7,6.8,8,0,0,1,4,0
S5637,21,81.51,40.92,78.27,98.45,58.93,3.5,74.4,69.92,17.3,8.7,5,0,0,1,1,0
S5638,22,67.95,53.6,97.26,77.77,70.84,4.11,70.46,53.27,17.2,7.1,8,0,1,0,3,1
S5639,19,55.26,98.31,53.83,96.66,86.9,5.26,63.77,69.96,25.5,4.4,1,0,1,1,2,1
S5640,22,66.14,88.52,40.36,83.78,63.62,7.96,99.5,99.99,16.7,6.5,10,0,1,0,4,1
S5641,24,58.45,74.01,75.93,51.42,71.8,2.68,69.9,63.05,18.4,8.5,5,1,1,1,4,0
S5642,24,97.08,54.21,70.47,53.89,96.44,9.42,89.44,63.26,29.7,6.1,8,0,0,0,2,2
S5643,19,66.0,40.86,68.66,86.11,64.79,5.4,60.53,58.49,9.5,8.2,8,1,1,1,1,1
S5644,24,66.7,41.25,43.71,77.73,89.74,8.41,62.35,63.58,23.2,8.0,7,0,1,0,4,2
S5645,24,91.99,76.72,67.27,56.36,57.89,5.26,78.42,78.74,16.8,8.5,3,0,1,0,0,0
S5646,21,82.39,41.31,57.25,80.7,58.92,7.72,50.2,98.23,25.8,5.3,10,0,1,0,0,1
S5647,21,85.51,99.62,56.47,90.51,72.81,0.51,50.87,80.38,15.1,6.5,10,1,0,1,0,0
S5648,18,81.8,51.0,53.34,87.65,61.71,7.99,57.11,70.49,12.6,5.7,7,0,0,1,4,2
S5649,21,97.31,82.64,59.95,62.31,95.15,5.24,61.16,69.48,10.2,6.7,3,0,0,1,1,0
S5650,20,60.35,49.3,61.19,62.91,52.54,4.49,76.39,51.21,26.8,4.1,6,0,0,1,3,1
S5651,22,99.45,72.41,58.53,98.39,79.86,1.12,84.31,50.13,23.0,5.2,9,0,1,0,1,1
S5652,22,91.55,44.84,98.73,94.37,80.21,7.42,65.59,89.86,6.9,8.9,8,1,0,0,3,0
S5653,19,79.45,86.01,95.96,65.92,53.3,1.31,61.95,74.51,22.8,7.0,4,1,1,1,4,2
S5654,21,83.12,75.1,74.47,91.2,86.63,1.92,91.14,51.66,5.9,4.9,5,1,0,0,2,0
S5655,18,82.44,45.17,98.86,58.09,73.44,1.26,58.14,64.3,9.5,6.5,4,1,1,0,3,0
S5656,24,52.92,90.92,99.47,59.84,86.15,0.07,83.92,67.83,19.8,7.5,6,1,1,1,3,1
S5657,18,60.9,72.82,61.36,59.06,91.35,6.62,96.57,89.16,16.6,7.0,8,0,1,0,1,1
S5658,18,98.07,95.3,66.71,54.39,66.14,2.71,61.61,71.72,26.0,6.5,6,0,0,1,4,1
S5659,23,76.72,95.0,97.54,92.73,74.22,1.49,54.35,89.47,20.2,7.4,5,0,1,1,1,0
S5660,24,68.92,95.23,76.52,78.94,63.04,3.2,98.99,81.69,29.1,4.8,9,1,1,1,4,0
S5661,20,88.1,44.67,52.78,62.95,60.08,4.99,63.54,51.66,26.4,6.2,7,0,1,0,3,2
S5662,21,76.23,47.26,81.36,92.43,50.03,5.03,63.78,98.43,13.5,7.8,10,1,1,1,2,0
S5663,24,50.66,99.26,52.34,90.13,98.18,3.67,74.19,59.07,25.9,6.9,3,0,0,1,4,0
S5664,18,86.81,69.26,60.36,55.05,72.05,4.95,61.55,63.78,26.7,8.5,10,1,0,1,3,2
S5665,24,86.61,54.29,53.65,82.21,50.65,4.27,99.64,90.46,29.2,6.2,2,0,1,0,2,1
S5666,20,58.26,86.18,54.7,86.09,50.45,8.23,52.15,59.49,5.3,4.7,5,0,0,0,1,1
S5667,22,97.83,55.86,40.28,85.79,64.42,0.3,72.57,70.05,26.9,4.2,5,0,0,0,1,2
S5668,19,61.2,83.63,92.84,86.16,50.7,8.68,77.42,93.25,6.7,6.4,6,0,1,0,4,2
S5669,21,72.89,90.24,57.76,58.47,68.73,2.44,73.35,81.86,18.2,6.2,1,1,1,0,4,2
S5670,21,55.74,87.06,45.18,65.75,53.15,7.22,76.03,65.1,15.4,5.3,5,0,0,0,4,0
S5671,23,80.16,56.44,45.22,92.21,51.96,4.05,99.38,82.2,28.0,7.0,7,0,0,1,1,1
S5672,22,68.77,64.1,73.36,94.92,83.47,2.94,93.85,90.63,15.1,5.3,9,0,0,0,4,2
S5673,21,67.66,64.8,99.58,63.96,95.34,6.15,65.42,70.19,19.9,5.1,3,1,0,0,3,0
S5674,23,91.35,69.48,48.7,51.15,70.47,7.69,77.57,78.58,22.3,7.1,7,0,0,1,0,1
S5675,23,50.48,50.04,45.98,92.99,91.84,4.5,50.02,99.4,5.5,8.7,7,0,0,1,0,0
S5676,23,89.9,67.15,66.3,68.85,51.46,4.67,70.48,98.23,19.8,5.0,7,0,1,0,4,2
S5677,21,78.57,70.65,73.8,66.47,88.88,0.59,58.19,75.45,17.9,4.9,4,0,0,0,3,2
S5678,21,99.3,71.9,57.66,67.35,53.14,9.24,85.57,54.81,19.9,6.6,3,0,1,0,3,2
S5679,21,79.47,89.19,58.15,70.78,91.92,8.47,61.05,85.03,6.9,4.6,1,1,1,1,3,2
S5680,20,52.77,71.04,65.47,68.91,94.12,3.98,87.44,63.43,6.4,5.5,6,1,0,1,2,2
S5681,23,52.53,53.85,58.85,78.32,89.3,7.65,65.66,83.47,9.4,9.0,4,1,0,1,3,2
S5682,20,94.16,79.79,94.92,53.95,91.04,3.13,96.29,67.59,26.7,8.2,8,0,1,1,1,0
S5683,19,92.06,87.84,42.52,98.58,78.07,7.3,72.27,85.94,13.9,7.5,6,1,0,1,1,1
S5684,21,67.29,59.16,54.07,96.82,63.24,5.17,91.98,68.37,15.9,4.1,6,0,0,0,3,1
S5685,24,80.9,78.72,88.51,96.72,82.16,4.61,81.41,97.06,14.8,5.3,8,0,1,0,0,1
S5686,22,74.48,48.82,90.04,93.96,71.98,0.57,98.87,56.83,22.9,6.8,5,0,0,0,2,0
S5687,18,98.36,60.52,46.69,83.02,50.27,9.65,87.14,53.42,11.5,7.6,8,0,1,0,1,0
S5688,19,97.5,94.55,98.43,61.06,73.84,8.37,86.39,89.06,6.7,7.3,1,1,1,0,1,2
S5689,24,99.19,94.68,81.6,52.47,82.56,7.93,63.24,70.07,14.5,4.9,10,1,0,1,1,1
S5690,18,93.32,74.52,56.36,54.97,50.69,3.05,75.24,73.28,23.2,6.3,2,1,1,1,2,0
S5691,18,95.48,82.14,67.36,66.2,81.07,2.9,64.51,96.69,27.9,5.0,8,0,1,1,3,0
S5692,21,60.86,91.24,57.83,75.19,82.63,5.73,50.96,79.5,6.3,8.6,1,1,1,1,2,1
S5693,22,91.55,97.51,49.0,99.66,57.91,8.46,85.53,83.01,25.3,6.8,5,1,0,0,3,0
S5694,18,85.44,69.39,57.47,71.77,71.55,9.35,61.79,50.97,6.7,6.0,5,0,0,0,4,2
S5695,23,98.14,73.69,74.81,76.23,98.22,2.69,69.87,83.53,13.3,8.6,2,1,0,1,1,1
S5696,24,78.56,64.94,89.56,84.76,94.21,6.07,64.23,69.42,5.6,8.5,2,0,0,0,0,2
S5697,18,54.26,44.32,61.81,59.04,70.54,7.24,59.98,73.01,27.8,6.5,1,1,1,1,2,0
S5698,19,79.87,65.37,60.87,96.64,67.49,2.26,53.36,90.4,22.7,7.4,4,1,1,0,2,0
S5699,22,84.33,87.44,68.08,76.45,56.2,4.07,66.89,76.19,14.2,5.6,6,1,0,0,1,0
S5700,22,61.02,88.29,78.67,63.81,51.76,1.87,54.09,99.34,14.4,5.5,3,0,1,0,1,1
S5701,18,69.71,93.54,85.1,96.76,64.87,6.99,77.02,89.84,21.0,6.7,10,1,1,1,0,0
S5702,22,79.93,43.09,59.61,81.27,97.01,8.64,50.98,86.43,7.2,8.2,4,1,0,0,0,1
S5703,19,68.71,71.63,75.18,74.18,97.93,8.78,97.0,79.43,8.6,7.0,8,1,0,0,1,0
S5704,24,68.75,46.45,63.36,79.01,90.63,6.7,98.32,70.62,26.2,6.3,2,1,0,1,3,2
S5705,19,56.65,52.04,82.98,87.42,67.54,3.47,65.23,52.64,10.1,7.3,9,0,1,0,1,2
S5706,19,97.04,94.01,49.88,57.73,57.18,6.61,63.01,50.92,23.2,8.1,10,0,0,1,0,1
S5707,23,87.52,69.81,55.42,93.24,79.78,8.64,55.22,52.34,10.6,7.9,6,1,0,0,1,0
S5708,21,50.06,85.51,65.56,97.98,82.33,6.26,95.25,97.94,7.2,5.9,9,1,1,0,0,1
S5709,18,88.28,43.86,93.36,78.35,71.23,4.13,79.34,66.16,27.5,8.7,1,1,0,1,4,0
S5710,24,86.99,65.01,74.4,84.11,84.58,9.2,80.51,85.03,27.5,4.1,4,0,0,0,3,1
S5711,22,50.49,80.45,97.92,92.99,87.33,8.35,94.79,79.72,20.1,6.3,7,1,1,1,0,2
S5712,19,68.48,48.0,46.2,68.74,89.15,8.82,95.54,78.58,16.6,8.5,10,1,0,1,2,1
S5713,18,80.34,59.55,67.61,99.64,75.11,9.03,91.42,78.96,18.8,7.5,9,0,0,0,2,0
S5714,24,72.64,43.87,65.14,84.03,89.58,3.94,88.67,65.11,15.2,7.5,1,0,1,0,3,1
S5715,24,88.9,79.08,76.01,71.2,51.27,8.6,93.86,94.33,23.9,4.8,1,0,0,1,3,2
S5716,18,71.27,98.25,88.72,83.87,84.02,5.7,93.8,95.96,23.9,6.9,3,1,0,0,2,0
S5717,21,57.69,89.62,90.49,76.08,61.78,0.38,68.43,82.23,25.5,8.8,6,0,1,1,4,2
S5718,23,98.82,98.48,80.21,55.58,63.53,6.36,98.67,93.2,18.1,5.1,5,0,1,1,4,0
S5719,22,62.1,90.74,78.49,89.79,54.57,4.71,85.46,53.0,25.0,5.6,5,1,0,1,0,0
S5720,23,85.88,91.31,96.94,78.22,59.62,2.75,68.51,55.02,8.9,5.9,9,0,1,0,3,2
S5721,24,57.16,74.63,63.02,89.79,99.6,9.7,72.1,77.95,5.8,5.8,3,1,1,0,2,0
S5722,22,66.45,71.1,89.97,57.75,70.77,0.55,84.36,92.33,21.2,7.1,5,1,0,1,3,1
S5723,24,72.1,64.38,95.29,76.92,96.39,9.46,68.05,65.77,7.6,5.2,7,0,1,0,2,0
S5724,19,59.61,89.09,69.49,88.33,58.14,1.59,91.33,77.4,18.8,6.5,2,1,0,1,2,1
S5725,19,72.5,50.92,83.75,99.42,60.2,3.77,57.4,50.5,23.0,6.0,7,0,0,1,0,0
S5726,18,57.86,43.37,62.62,94.22,77.89,4.17,95.38,99.33,15.2,7.2,1,0,1,1,3,2
S5727,22,77.95,96.87,49.53,93.22,67.48,7.31,65.06,88.35,6.1,5.2,7,0,1,0,4,1
S5728,22,83.19,40.23,75.19,62.37,82.2,2.16,57.64,68.07,27.2,6.8,2,1,1,0,3,0
S5729,24,53.12,98.61,51.79,91.9,71.1,9.86,92.9,99.15,6.1,7.7,7,0,0,1,2,2
S5730,23,93.56,83.73,67.46,58.46,90.58,7.49,61.97,54.62,27.6,7.5,3,1,1,1,4,0
S5731,19,59.26,59.71,92.37,59.91,71.58,7.9,92.17,73.21,6.3,8.2,5,1,0,1,2,1
S5732,20,61.27,81.87,45.16,55.51,78.62,1.06,64.81,52.94,23.4,8.8,9,1,1,1,3,1
S5733,18,83.07,89.07,41.83,92.88,66.05,4.76,96.69,66.75,28.1,8.3,1,0,0,0,2,0
S5734,22,73.44,54.72,76.39,55.41,85.2,9.46,60.95,60.97,27.7,8.7,6,1,0,1,1,1
S5735,21,74.97,86.25,59.86,56.91,82.74,2.7,53.48,65.83,27.3,4.1,7,1,1,1,4,2
S5736,21,56.41,88.26,65.08,62.29,69.85,1.45,96.83,97.37,27.1,7.1,10,0,0,0,0,1
S5737,20,90.29,54.96,64.34,78.63,63.8,4.85,58.28,71.36,17.8,5.3,9,0,0,0,1,0
S5738,19,80.85,42.52,45.2,94.01,80.71,9.3,97.21,66.24,18.9,8.0,4,1,0,1,2,1
S5739,19,56.77,52.25,40.21,70.91,97.16,4.87,91.2,82.04,20.5,8.1,9,1,1,0,3,1
S5740,19,68.7,52.04,93.91,77.31,56.63,4.05,54.1,84.17,27.4,4.2,1,0,1,1,2,1
S5741,23,90.52,43.91,53.07,58.32,89.96,6.5,72.26,99.19,26.0,7.0,4,1,1,1,0,0
S5742,24,78.42,83.56,65.56,63.3,77.15,9.37,53.67,77.3,24.6,8.3,6,1,1,1,3,0
S5743,21,55.43,62.8,98.32,56.7,76.28,0.49,66.49,87.63,21.9,6.9,7,1,1,0,4,1
S5744,19,68.64,93.06,89.61,70.5,98.08,1.53,67.58,69.11,20.5,6.1,1,1,1,0,4,1
S5745,21,62.13,55.13,46.48,79.52,80.29,1.33,79.98,58.55,28.1,4.4,1,0,1,0,2,1
S5746,20,75.87,67.19,70.51,64.2,91.53,0.85,98.79,71.49,9.8,7.7,9,1,0,1,1,2
S5747,18,92.17,78.34,83.8,92.3,75.72,3.02,58.49,70.94,9.8,4.4,7,0,0,1,3,0
S5748,24,71.81,92.65,81.9,99.06,62.49,2.29,66.46,71.03,29.6,7.0,9,1,1,1,1,0
S5749,23,71.67,71.48,85.65,56.01,84.72,5.49,79.36,84.77,18.8,8.6,5,0,0,0,2,0
S5750,22,95.27,62.41,67.45,50.89,96.16,3.27,58.57,70.3,17.1,6.1,9,1,1,0,3,0
S5751,20,78.81,92.02,50.56,89.49,92.06,4.05,85.54,97.71,26.3,7.9,5,0,0,1,4,2
S5752,24,78.31,58.61,67.89,59.53,59.92,9.42,70.18,99.14,26.2,8.0,6,1,1,0,4,0
S5753,21,63.1,44.77,78.87,67.66,65.84,1.56,97.48,76.17,9.4,4.1,8,0,0,0,2,1
S5754,20,80.39,66.7,76.52,69.71,75.84,3.88,81.49,77.92,9.3,8.6,9,1,0,1,3,0
S5755,22,78.8,87.11,44.23,95.83,78.58,2.57,68.15,70.38,24.9,4.9,10,1,0,0,2,1
S5756,24,69.84,41.85,43.9,82.94,59.69,5.49,85.97,67.78,24.6,5.4,3,0,1,0,4,0
S5757,23,99.53,75.15,97.92,52.03,61.5,7.36,91.94,99.27,10.6,8.4,2,0,1,0,0,2
S5758,18,94.09,75.67,49.11,50.74,87.94,8.17,90.02,52.03,26.0,7.4,5,0,0,1,1,2
S5759,22,87.48,95.71,57.67,59.98,86.52,5.15,63.14,70.5,17.0,5.9,6,0,0,1,2,2
S5760,24,76.87,57.19,86.06,65.91,91.96,8.55,70.85,57.57,16.7,4.4,8,0,0,0,0,2
S5761,23,73.1,56.73,64.58,74.23,96.65,7.85,72.61,86.31,29.6,5.9,4,1,1,1,4,2
S5762,21,59.24,66.43,50.89,91.89,65.41,1.57,69.42,59.72,18.0,8.8,1,0,1,0,2,0
S5763,22,65.29,61.41,68.03,65.74,92.98,2.45,65.54,94.23,8.4,4.5,4,0,1,0,4,1
S5764,20,88.7,84.18,74.14,68.83,83.3,6.72,87.64,68.72,12.0,8.2,10,1,1,0,4,1
S5765,19,72.69,78.51,67.17,66.47,97.89,9.75,50.61,95.86,13.3,5.6,8,0,0,1,2,0
S5766,20,94.11,85.54,95.14,50.45,63.6,3.76,64.68,99.33,29.0,7.3,2,0,1,0,0,1
S5767,21,57.4,89.2,57.08,97.76,63.48,2.3,57.08,88.56,11.6,7.2,10,0,0,0,2,1
S5768,24,75.42,95.38,79.68,56.95,85.21,8.69,56.44,81.16,15.8,5.6,8,1,0,1,4,1
S5769,18,82.35,65.86,46.74,64.38,96.42,2.0,63.85,57.5,23.7,4.3,4,0,1,0,3,0
S5770,22,75.84,99.08,63.54,56.47,91.23,6.97,88.11,96.65,11.9,4.7,2,1,1,1,4,0
S5771,24,94.46,52.94,84.46,74.53,86.35,0.34,98.47,88.84,22.5,6.8,4,1,1,1,2,1
S5772,18,99.48,82.86,53.49,96.61,69.37,0.19,75.73,64.4,10.2,8.7,1,0,1,0,0,0
S5773,21,55.79,72.04,75.39,55.04,85.89,4.52,66.95,73.43,11.1,8.6,10,1,1,1,4,2
S5774,22,56.5,89.01,49.21,72.04,90.05,6.57,91.46,53.38,29.7,4.6,7,0,0,1,0,2
S5775,23,56.52,68.61,46.16,51.12,87.66,1.42,53.36,82.95,14.2,8.4,3,0,0,1,0,1
S5776,23,84.06,87.04,71.39,88.54,83.84,7.64,54.66,56.26,23.2,5.2,4,0,1,0,1,2
S5777,24,68.63,95.81,80.5,82.06,52.36,1.29,67.27,82.58,26.0,8.5,3,0,0,1,0,2
S5778,20,86.67,83.94,46.8,84.98,82.99,5.34,72.42,83.58,13.7,7.8,8,0,0,1,4,0
S5779,24,70.27,86.57,95.07,73.62,73.91,3.08,89.89,66.23,13.9,8.8,3,1,1,1,4,2
S5780,20,81.38,44.03,53.55,95.38,98.08,7.52,96.26,97.43,24.3,6.2,7,1,0,0,2,1
S5781,21,88.49,52.3,47.2,70.48,80.36,8.04,76.56,88.95,20.2,7.7,2,1,0,0,2,2
S5782,23,77.41,98.46,52.16,75.7,80.41,0.66,74.78,74.84,14.0,7.7,10,1,0,1,0,2
S5783,22,76.98,81.59,50.17,84.76,99.7,1.93,60.65,95.93,23.7,6.5,9,0,1,1,3,2
S5784,23,54.41,73.69,45.44,76.03,54.68,8.93,72.56,92.79,26.6,8.9,6,0,1,1,4,0
S5785,20,70.54,62.02,87.87,59.47,63.82,4.16,96.18,84.61,10.9,5.2,3,1,0,1,0,0
S5786,24,77.29,42.66,69.73,65.85,82.8,4.77,69.64,57.65,5.6,8.9,8,0,1,0,2,0
S5787,21,73.1,62.15,63.31,54.61,65.76,1.68,60.53,74.85,11.9,8.1,8,1,0,0,4,2
S5788,23,95.04,69.93,97.04,71.63,67.31,9.95,66.86,93.22,21.9,7.1,6,1,0,0,1,0
S5789,21,95.33,52.69,62.26,80.47,94.63,9.23,75.73,80.44,27.9,4.4,4,1,1,1,2,0
S5790,23,91.1,50.39,50.02,55.93,78.97,0.02,79.93,77.28,26.6,5.3,3,1,1,1,1,0
S5791,24,68.76,70.5,56.44,81.53,55.14,5.51,71.62,97.76,10.6,8.2,9,0,1,1,4,1
S5792,18,85.86,75.15,54.34,94.64,65.54,8.72,87.93,50.83,27.0,7.6,5,0,0,0,3,1
S5793,24,69.76,54.4,69.92,66.89,53.8,4.31,79.22,50.6,25.3,8.8,4,1,1,0,0,2
S5794,23,61.63,75.24,57.49,61.1,77.81,4.37,83.25,94.64,23.4,6.0,9,1,0,0,0,2
S5795,20,67.15,94.02,70.96,94.65,58.66,3.79,93.15,51.93,22.2,8.5,7,1,1,1,3,0
S5796,24,53.55,68.39,80.16,84.6,92.86,0.29,93.28,66.63,25.2,8.3,3,1,1,1,0,1
S5797,22,66.59,91.44,86.64,55.27,78.87,7.9,60.18,96.2,26.5,8.8,6,1,1,1,0,2
S5798,20,73.04,95.64,82.61,70.41,52.97,4.57,81.17,84.56,25.5,5.4,8,0,1,0,1,2
S5799,20,97.77,45.54,52.34,83.7,65.04,5.31,85.83,82.41,8.0,6.5,5,1,0,1,0,0
S5800,20,65.67,45.75,46.95,78.72,80.82,2.56,57.29,82.85,23.1,4.4,2,1,1,1,1,1
S5801,21,95.12,68.56,72.55,80.93,66.77,7.84,92.14,65.88,26.0,7.0,8,0,0,0,0,1
S5802,19,61.44,75.29,51.93,78.36,75.66,7.94,59.02,76.53,9.6,7.7,2,0,0,0,0,2
S5803,19,59.55,65.55,45.1,89.9,95.47,5.53,89.96,81.5,10.3,5.2,1,0,1,0,2,0
S5804,18,75.95,59.59,71.63,66.02,67.5,9.05,58.07,65.29,24.6,4.8,5,0,0,0,3,2
S5805,20,83.63,78.46,59.61,85.42,66.79,1.16,87.09,89.77,13.6,7.2,5,0,0,1,2,0
S5806,19,52.22,40.12,85.37,99.55,90.99,7.87,57.41,66.09,15.0,6.0,1,0,0,0,0,1
S5807,18,61.05,98.08,58.85,69.5,65.94,5.59,68.94,53.57,14.4,6.1,6,0,1,1,1,2
S5808,21,72.78,53.92,98.72,89.55,53.9,2.31,57.18,60.07,10.3,6.4,7,0,1,1,0,0
S5809,20,66.55,95.03,85.51,62.31,59.05,1.32,63.54,70.42,28.5,6.6,9,0,1,0,4,0
S5810,22,85.63,46.54,43.46,64.09,97.44,3.01,99.23,95.4,25.1,5.0,9,1,1,0,4,0
S5811,21,75.56,54.29,70.53,96.74,96.66,8.56,55.38,70.79,11.3,6.9,2,0,0,1,4,2
S5812,18,58.02,54.09,73.76,51.3,61.24,7.88,70.32,54.49,7.7,4.3,8,1,0,0,4,2
S5813,21,94.72,99.77,81.72,60.87,77.68,6.45,83.85,59.82,14.3,4.6,9,1,1,0,0,2
S5814,22,64.65,40.28,69.87,74.15,56.87,0.9,54.73,77.22,15.4,7.6,4,1,0,0,4,1
S5815,21,86.56,78.38,69.01,70.09,83.73,9.55,55.45,58.88,5.2,7.7,7,1,0,1,3,0
S5816,18,89.0,92.18,62.08,81.46,59.27,3.05,57.16,53.2,27.2,5.3,5,1,0,1,0,0
S5817,22,98.16,80.34,56.29,59.64,52.49,6.07,82.25,85.74,26.3,4.9,1,1,1,0,2,0
S5818,22,74.93,61.76,96.77,53.53,91.24,8.03,95.47,89.22,26.3,4.3,10,1,0,0,0,0
S5819,21,80.79,97.5,59.06,68.47,66.27,1.33,91.3,92.53,25.1,6.1,8,1,1,1,1,1
S5820,22,66.74,93.61,43.81,76.22,55.43,6.52,99.15,92.2,23.3,6.5,2,0,1,0,3,0
S5821,24,83.91,66.04,50.04,78.1,91.7,0.32,78.91,68.96,20.9,8.5,3,1,0,0,0,1
S5822,21,73.17,74.4,91.44,80.07,88.12,1.02,98.07,86.72,29.0,4.0,5,1,0,1,2,2
S5823,20,71.88,98.05,75.2,77.43,84.19,7.23,65.25,79.18,22.8,6.0,7,1,0,1,1,2
S5824,22,92.77,98.95,86.73,62.29,95.56,1.55,71.08,51.17,20.8,6.1,5,1,0,1,1,0
S5825,21,52.51,66.99,88.53,88.23,74.46,4.44,69.8,70.08,24.7,8.4,10,0,0,1,2,2
S5826,20,94.1,90.84,89.39,54.39,56.4,2.48,52.37,52.64,11.2,5.0,4,1,1,0,2,0
S5827,22,92.6,58.12,73.04,59.92,53.07,4.21,91.49,54.17,29.2,4.3,2,0,1,1,2,1
S5828,20,75.32,62.31,50.63,86.97,65.92,0.77,51.24,52.8,5.5,5.9,1,0,0,1,2,2
S5829,23,74.51,49.89,48.89,63.99,54.34,7.55,86.49,98.05,21.2,7.1,3,1,1,1,4,2
S5830,22,68.09,52.55,74.44,74.67,76.78,0.79,70.35,92.21,6.9,8.3,6,1,1,0,3,1
S5831,23,99.71,79.41,61.99,66.36,50.72,8.38,50.31,71.96,26.3,5.3,9,0,1,1,2,1
S5832,18,55.56,70.65,73.48,75.35,72.19,6.63,64.5,62.4,29.2,5.3,9,1,0,0,4,1
S5833,18,79.51,53.87,69.91,67.33,58.92,4.17,67.31,53.62,15.2,5.6,5,1,0,1,0,0
S5834,21,84.08,64.17,76.13,99.71,68.41,8.66,98.24,71.56,26.4,4.6,3,0,1,0,1,0
S5835,19,96.72,62.39,41.93,67.87,83.75,1.86,83.05,80.02,13.4,8.9,3,0,0,0,0,2
S5836,23,89.01,99.24,41.97,81.35,67.55,2.65,77.18,89.86,9.0,6.7,7,1,1,1,0,2
S5837,23,82.19,91.21,83.3,94.42,67.07,1.37,56.35,52.58,11.9,5.4,7,1,1,1,4,1
S5838,18,55.84,63.28,51.59,81.9,99.54,3.82,69.56,70.89,12.5,5.8,3,1,0,1,4,0
S5839,23,68.69,94.83,79.13,78.29,85.94,9.87,51.79,98.84,20.8,8.3,10,0,0,1,2,1
S5840,19,56.94,60.56,72.79,78.46,75.69,1.61,88.08,56.04,24.9,7.4,7,1,1,1,2,1
S5841,20,94.06,80.07,98.91,74.82,78.97,8.31,58.14,70.01,10.1,6.8,8,0,1,1,4,0
S5842,20,87.48,98.0,90.12,90.38,81.01,6.52,79.72,63.75,7.2,7.6,3,0,0,1,3,2
S5843,19,87.88,63.42,64.79,52.52,51.23,0.16,84.97,56.7,10.5,7.8,5,1,0,1,2,2
S5844,23,82.61,80.79,76.98,94.26,54.01,9.45,68.33,91.95,12.4,5.0,10,0,1,0,0,2
S5845,23,75.35,57.76,47.04,79.31,82.46,9.71,81.63,84.86,12.0,4.8,8,1,0,1,2,2
S5846,23,57.5,55.98,63.18,92.44,68.22,9.25,88.21,70.58,10.5,8.8,7,1,0,1,2,2
S5847,24,66.48,74.45,84.03,50.52,52.77,5.02,59.21,68.45,16.7,4.9,1,0,0,1,3,0
S5848,21,56.85,98.76,77.36,93.46,64.88,2.2,80.04,91.39,26.4,6.3,2,1,1,1,4,0
S5849,22,86.25,67.19,69.07,56.01,56.51,3.91,86.69,54.54,7.5,8.9,6,0,0,0,3,1
S5850,19,58.01,96.26,50.59,86.06,95.82,6.14,67.85,57.34,26.6,6.1,8,0,1,1,2,2
S5851,19,85.11,94.86,88.19,70.83,60.15,3.79,58.12,95.33,17.4,6.6,5,1,0,1,3,2
S5852,24,84.61,55.23,56.39,84.05,57.18,7.08,64.31,90.86,21.5,8.0,7,1,1,0,2,0
S5853,19,72.97,64.11,89.23,81.41,81.31,7.96,96.65,88.74,25.4,5.7,10,1,1,0,3,1
S5854,19,56.76,78.6,76.7,58.17,76.1,2.09,67.87,81.2,12.6,6.2,7,1,1,0,1,0
S5855,24,65.74,71.08,62.36,75.73,78.8,4.05,55.39,64.62,28.9,5.7,3,0,0,1,1,0
S5856,19,66.0,45.76,42.44,63.86,71.8,9.58,54.14,96.74,7.1,5.4,1,0,1,1,2,2
S5857,23,85.02,99.62,53.95,78.02,73.36,2.5,59.02,74.59,18.2,6.4,6,0,0,1,3,0
S5858,24,55.69,85.16,93.34,86.9,88.94,3.46,56.38,64.03,11.4,7.7,5,1,1,1,2,0
S5859,21,91.45,66.26,89.08,54.06,61.0,0.36,74.75,68.28,15.2,8.3,9,0,1,0,3,2
S5860,18,88.05,77.09,74.49,75.79,69.83,3.32,67.38,50.84,16.2,6.4,1,0,1,0,4,2
S5861,23,59.32,45.25,67.98,80.88,97.89,3.71,92.07,62.76,27.9,5.6,5,1,1,0,3,2
S5862,23,85.96,69.72,78.83,64.77,59.5,1.0,94.05,59.4,16.0,8.6,3,1,1,0,3,2
S5863,22,83.43,95.85,67.97,97.65,64.69,0.01,73.66,56.78,22.4,5.7,6,1,0,0,2,0
S5864,24,87.41,93.8,78.66,76.02,59.58,5.75,94.43,51.61,28.8,7.9,5,0,0,0,3,0
S5865,18,59.45,60.24,58.44,59.13,51.02,3.02,72.52,61.34,17.4,7.7,4,1,1,1,2,2
S5866,19,57.88,71.88,90.31,55.39,63.49,0.18,82.1,55.18,15.2,4.2,8,0,0,1,2,0
S5867,18,61.82,81.84,82.12,77.08,52.32,8.6,58.13,52.26,29.3,4.9,9,0,1,1,0,0
S5868,21,68.29,60.4,59.8,68.76,57.73,5.84,52.63,56.87,25.7,6.9,9,0,0,1,2,1
S5869,20,89.68,43.89,89.84,59.63,68.13,1.71,58.0,60.12,28.5,8.3,1,0,1,1,3,1
S5870,23,86.9,70.33,69.24,51.53,51.04,8.65,62.59,70.8,14.9,7.0,9,0,0,0,1,1
S5871,24,96.27,76.1,50.48,78.33,87.65,2.54,87.55,79.18,22.4,7.7,4,1,0,0,4,0
S5872,24,52.93,40.35,44.66,79.93,89.78,2.27,58.68,66.11,11.2,7.7,4,0,0,0,3,2
S5873,18,50.58,45.73,81.98,57.09,70.57,8.95,56.53,57.06,26.6,6.5,9,1,1,1,3,0
S5874,22,84.96,52.44,91.91,80.09,99.23,1.79,96.38,97.02,28.3,6.8,1,0,0,0,3,1
S5875,21,63.96,60.88,88.45,97.6,83.95,8.79,84.44,75.74,11.7,4.4,5,0,0,1,0,0
S5876,20,66.7,72.46,79.34,98.91,87.19,8.03,73.67,87.09,7.6,8.6,8,1,1,1,1,1
S5877,21,77.34,57.63,48.48,94.42,59.62,3.1,54.75,84.72,10.0,7.4,5,0,0,0,3,2
S5878,24,55.12,56.57,45.64,90.35,91.87,0.34,92.59,64.24,20.8,4.8,8,0,1,0,2,2
S5879,19,82.13,92.16,60.7,60.47,97.25,0.83,55.41,77.99,11.8,5.2,5,1,0,1,1,2
S5880,20,66.26,48.7,91.29,57.82,61.82,1.1,80.55,80.11,21.0,4.0,2,1,1,1,1,2
S5881,24,81.64,69.73,97.7,72.25,84.32,8.91,83.38,67.59,13.8,5.3,2,0,1,0,3,1
S5882,22,91.7,97.17,54.48,80.98,87.35,4.04,70.01,83.54,27.9,5.6,8,0,1,1,2,1
S5883,20,58.56,77.5,85.73,92.53,65.26,0.33,95.56,89.53,16.3,7.4,3,0,1,1,1,1
S5884,24,96.54,83.03,74.43,61.6,73.75,5.57,52.54,68.21,17.4,6.4,2,1,1,0,4,0
S5885,22,76.53,65.87,41.91,73.98,54.88,2.08,90.91,50.75,13.7,8.2,1,0,1,1,2,1
S5886,19,96.15,41.2,72.57,82.37,58.65,2.35,77.69,67.47,6.8,4.4,4,1,1,0,1,2
S5887,22,60.39,78.77,88.36,72.28,53.08,1.61,80.56,55.84,17.3,7.5,3,1,1,0,1,1
S5888,21,80.23,77.92,56.57,72.71,78.01,7.62,99.34,57.78,24.4,8.4,8,0,0,0,2,1
S5889,18,70.19,46.63,93.84,61.26,81.26,0.01,79.13,68.3,28.8,6.1,1,1,0,1,0,0
S5890,21,88.71,67.73,54.18,99.33,95.81,4.39,89.85,60.38,6.9,5.4,5,0,0,1,2,0
S5891,24,80.3,94.92,44.59,73.76,77.11,0.87,57.68,96.74,24.9,6.2,10,0,0,1,4,0
S5892,24,74.73,52.31,49.6,76.64,63.03,5.52,90.46,82.64,11.7,7.9,6,1,1,1,0,0
S5893,23,95.65,67.67,90.22,60.93,52.97,3.46,88.05,75.92,25.6,8.6,1,1,0,1,3,1
S5894,21,68.86,67.67,65.04,75.71,94.25,0.28,98.41,50.49,13.6,4.3,9,1,1,0,0,1
S5895,20,61.0,88.65,87.82,62.77,73.94,4.61,96.79,55.18,7.9,6.6,2,1,0,1,4,2
S5896,19,80.41,89.47,71.87,60.12,86.87,5.71,60.7,89.42,20.3,7.2,4,1,1,1,4,2
S5897,23,81.2,85.56,68.83,63.79,50.73,2.48,73.25,69.49,27.3,4.1,7,1,1,0,4,0
S5898,23,71.95,61.93,88.41,50.14,74.41,7.66,95.57,52.27,9.5,4.9,9,0,0,0,1,1
S5899,23,74.33,44.32,65.41,78.51,66.29,3.71,82.04,91.28,5.5,4.3,3,0,1,0,0,2
S5900,24,97.98,60.97,88.12,69.37,51.52,7.49,73.19,65.13,27.1,5.5,10,0,1,1,4,1
S5901,18,86.63,80.79,46.04,94.93,88.78,5.79,55.45,69.31,22.4,5.0,2,1,1,1,0,1
S5902,22,55.53,82.16,78.18,52.04,75.65,8.69,67.59,98.72,25.2,6.4,8,1,0,1,0,1
S5903,20,60.61,97.9,82.16,52.16,66.66,5.47,83.26,50.78,6.5,7.3,9,1,0,0,3,1
S5904,24,98.78,67.22,93.95,94.29,90.29,1.86,88.85,86.07,27.3,8.2,2,0,0,0,3,0
S5905,19,86.32,77.95,53.46,56.33,72.35,8.23,72.36,97.44,15.5,5.5,3,0,0,1,3,2
S5906,24,95.75,72.35,76.25,50.11,50.17,7.83,52.79,53.19,27.4,4.3,6,1,0,1,1,1
S5907,18,65.19,49.04,66.0,58.95,97.22,9.72,81.66,93.3,6.6,4.0,3,1,0,0,1,1
S5908,24,87.09,67.67,62.97,91.19,62.78,0.94,96.08,70.81,27.1,8.2,6,1,1,1,3,1
S5909,24,85.7,72.69,46.4,90.14,91.53,5.91,74.82,93.9,21.8,8.4,6,1,0,0,4,2
S5910,21,64.73,97.04,48.05,67.01,90.82,4.92,96.42,65.41,18.9,4.5,3,0,0,1,2,0
S5911,19,77.54,61.99,90.22,83.4,58.12,6.71,67.71,99.13,6.5,4.1,2,0,0,0,1,0
S5912,23,81.37,98.81,84.99,75.36,73.7,9.8,94.32,82.35,22.2,8.0,8,0,1,0,2,1
S5913,19,74.06,72.54,62.94,95.24,52.01,5.32,89.32,81.35,19.9,7.2,7,1,0,1,1,1
S5914,19,91.36,54.55,89.71,52.82,67.73,6.86,98.09,90.3,23.2,6.8,9,0,1,1,0,0
S5915,21,91.64,51.5,44.85,90.66,86.55,3.47,89.55,71.83,22.9,6.7,1,1,1,0,4,2
S5916,22,92.53,48.5,77.49,58.53,61.85,2.99,66.07,62.93,16.1,7.9,1,1,1,1,1,1
S5917,24,90.17,67.18,92.09,69.58,55.86,3.35,95.03,63.15,10.1,5.5,1,1,1,0,0,2
S5918,20,74.4,41.32,90.33,59.6,75.36,0.39,83.49,66.53,28.0,5.9,1,0,0,1,4,0
S5919,23,69.07,66.7,62.37,85.13,76.85,2.85,58.1,80.87,28.1,4.4,5,0,0,1,1,1
S5920,22,91.57,99.3,84.71,83.92,83.79,1.73,52.3,91.92,10.3,6.8,2,1,0,0,4,1
S5921,18,74.51,80.21,65.65,77.39,87.96,4.57,68.29,74.98,20.8,8.8,4,0,1,1,1,2
S5922,24,62.32,85.59,90.41,84.91,84.79,4.61,89.34,70.17,10.1,5.4,9,1,1,1,3,2
S5923,23,75.37,47.14,71.85,81.98,92.27,7.65,80.91,89.69,26.5,8.6,3,1,1,0,1,2
S5924,20,57.09,68.39,85.89,88.82,61.15,5.02,76.36,64.48,7.5,7.6,8,1,0,1,1,1
S5925,24,84.58,57.17,44.71,61.97,78.49,4.63,50.19,84.45,29.8,5.2,9,0,1,1,0,0
S5926,18,66.8,93.65,75.4,71.45,68.0,2.32,71.78,55.29,20.3,7.3,9,0,0,0,3,0
S5927,21,63.03,50.88,73.02,57.58,98.11,8.52,57.89,55.66,5.6,5.8,2,1,1,0,2,0
S5928,22,97.83,67.52,76.6,71.48,72.01,0.91,72.73,82.2,27.0,4.6,8,0,0,0,4,2
S5929,24,88.84,75.28,81.74,85.08,97.99,9.82,99.59,54.14,22.1,4.5,8,0,0,1,2,2
S5930,23,89.35,70.84,95.09,84.57,88.45,4.76,93.98,57.75,22.4,4.1,3,0,1,0,2,0
S5931,19,81.19,89.81,87.14,85.47,85.92,1.86,65.53,81.22,11.9,8.0,1,0,0,0,3,1
S5932,20,91.96,53.89,53.18,65.44,74.58,3.54,79.68,71.91,13.4,8.4,1,1,1,0,3,0
S5933,24,87.96,62.64,89.55,83.11,72.17,0.15,75.1,78.06,27.9,6.4,4,0,0,1,3,2
S5934,23,79.94,87.53,47.32,68.37,76.33,1.67,56.5,98.85,20.9,6.6,9,1,0,1,0,2
S5935,19,98.06,71.68,77.33,97.22,64.68,3.35,99.49,81.6,5.4,7.5,9,1,1,1,0,2
S5936,23,59.58,64.13,92.97,67.17,95.23,5.54,71.26,79.54,13.2,7.5,2,0,1,1,4,2
S5937,24,97.17,41.77,46.07,80.15,89.72,1.29,75.28,69.01,20.0,5.6,7,1,0,0,3,0
S5938,18,70.07,85.2,90.98,87.51,90.07,6.76,82.38,81.54,8.7,4.8,1,1,1,0,2,0
S5939,19,76.42,98.33,87.92,95.32,71.66,8.44,59.58,50.65,7.5,6.2,5,0,0,0,4,1
S5940,19,56.14,77.22,70.23,71.9,53.55,5.72,61.11,77.87,6.5,7.5,10,1,0,1,0,2
S5941,23,77.01,91.39,58.53,68.02,84.15,2.97,59.63,53.44,20.8,8.0,5,1,0,0,1,0
S5942,21,80.56,71.01,64.33,71.5,68.72,1.21,69.22,61.01,13.0,4.4,8,0,0,1,1,2
S5943,24,99.89,53.9,98.12,66.18,93.52,0.16,59.98,78.16,14.3,6.9,9,0,0,0,4,2
S5944,21,98.76,40.87,52.1,82.7,89.02,7.32,96.32,83.4,6.5,4.3,3,0,0,1,0,2
S5945,22,98.32,79.2,74.78,96.64,57.27,6.28,85.72,69.24,23.5,8.1,6,0,1,1,4,1
S5946,18,67.42,69.59,44.99,56.3,80.09,4.76,94.89,70.95,24.2,7.3,7,0,1,0,0,2
S5947,21,99.56,86.93,53.07,78.05,84.61,1.02,92.42,74.9,25.7,7.5,6,1,0,0,3,2
S5948,23,72.77,81.68,85.8,94.88,78.41,2.07,85.16,87.95,21.3,7.8,9,1,1,1,1,0
S5949,24,92.59,99.28,58.16,55.01,75.7,8.15,62.14,50.88,24.3,6.5,10,0,0,1,2,2
S5950,21,60.82,70.62,99.15,74.69,61.39,4.8,80.77,72.35,19.4,5.5,4,0,0,0,3,1
S5951,22,75.29,65.63,70.05,93.26,61.8,9.63,59.31,50.71,17.3,7.9,1,1,1,0,2,1
S5952,20,98.3,57.2,70.99,95.02,88.4,10.0,56.62,65.96,11.5,7.9,4,0,1,1,4,2
S5953,22,97.35,68.61,42.18,75.72,50.93,8.01,81.63,75.99,6.3,4.7,10,0,1,0,1,1
S5954,19,84.19,92.37,97.39,51.25,88.95,2.58,81.23,54.0,12.3,8.5,6,1,1,1,2,1
S5955,24,89.89,42.55,50.45,55.28,76.34,2.31,57.83,74.26,22.1,5.1,6,1,1,1,4,1
S5956,19,58.82,98.67,72.3,79.34,96.81,2.54,67.62,96.23,28.2,5.5,3,1,0,0,0,1
S5957,21,86.08,99.6,63.74,56.19,99.87,9.87,53.31,84.27,11.4,5.1,2,0,0,0,3,0
S5958,21,80.9,75.87,64.94,57.47,83.17,3.35,85.79,89.11,21.7,8.8,8,1,1,0,0,2
S5959,22,54.58,59.89,78.6,88.61,70.61,7.06,99.37,79.02,17.0,5.5,9,0,1,0,3,0
S5960,22,55.66,53.38,79.73,87.53,73.75,9.59,87.0,94.82,20.7,8.9,10,1,1,1,1,0
S5961,23,55.42,56.59,49.26,92.14,60.21,8.2,92.21,57.34,5.0,7.2,10,0,1,1,2,0
S5962,18,86.22,43.01,69.98,55.29,54.96,5.98,73.82,72.49,8.1,4.9,4,0,0,0,0,1
S5963,23,57.09,68.51,87.43,59.91,78.94,1.69,54.78,79.85,10.4,6.8,3,0,1,0,0,1
S5964,19,73.39,43.44,66.6,91.65,90.27,1.75,86.33,93.67,27.3,8.4,10,1,1,1,2,1
S5965,23,67.85,83.11,49.95,86.05,63.09,4.92,62.83,65.4,6.0,6.8,1,1,0,1,2,2
S5966,22,77.53,62.32,58.79,90.3,70.98,9.52,69.41,50.06,19.2,4.7,2,1,1,1,4,2
S5967,24,85.32,51.96,52.74,99.49,77.74,9.04,85.15,98.72,28.2,5.4,8,0,1,0,3,2
S5968,23,84.24,72.69,47.55,93.22,95.39,1.66,95.24,51.3,21.3,5.1,6,1,1,1,4,1
S5969,20,75.78,98.43,62.65,76.02,56.93,2.88,74.31,57.62,17.1,4.6,6,1,0,1,0,1
S5970,18,73.22,81.71,72.46,65.54,61.84,5.89,98.08,71.1,14.6,5.6,1,0,0,0,2,1
S5971,22,69.89,69.5,44.37,78.48,95.93,4.77,76.0,74.82,20.6,7.3,8,0,1,1,1,0
S5972,24,93.1,86.61,76.23,81.93,51.98,1.19,56.13,91.72,17.0,5.9,6,1,0,0,0,0
S5973,21,66.54,84.25,99.58,66.77,82.81,3.69,75.92,72.39,22.6,6.2,4,1,0,0,0,1
S5974,23,62.97,93.5,97.85,88.55,81.98,9.55,93.03,77.37,20.4,5.6,3,1,0,1,3,0
S5975,22,87.17,52.28,89.75,54.64,69.16,9.51,76.9,60.0,19.2,9.0,6,0,0,0,4,1
S5976,21,67.99,91.53,55.98,88.97,73.41,5.59,87.39,78.46,28.9,6.9,3,1,1,1,3,1
S5977,21,92.35,58.06,41.34,51.6,92.75,6.35,77.4,67.42,25.9,8.2,4,0,0,0,0,0
S5978,19,66.39,96.46,90.01,74.9,58.25,2.22,77.3,54.94,20.2,6.2,10,0,0,1,2,1
S5979,19,85.1,56.86,43.34,93.07,61.58,7.42,64.24,97.32,18.5,4.8,8,1,0,1,1,2
S5980,24,52.26,95.61,52.34,54.32,75.62,0.52,60.06,54.08,23.1,8.2,7,1,0,1,3,2
S5981,22,69.28,97.83,72.67,75.89,70.49,2.21,63.95,83.89,25.1,7.8,7,0,0,1,0,0
S5982,24,67.16,48.73,50.7,57.97,78.72,0.06,72.04,95.41,12.4,5.6,6,0,0,1,4,1
S5983,22,90.83,98.47,90.03,94.74,96.04,3.86,90.48,58.96,21.7,7.0,8,1,1,0,3,1
S5984,20,98.35,45.14,86.63,91.62,95.86,8.5,91.45,61.86,8.4,4.5,9,1,1,1,0,1
S5985,18,73.04,53.11,85.35,96.7,61.5,9.83,58.17,71.34,15.8,4.1,1,1,1,0,4,0
S5986,18,91.24,66.65,88.97,93.75,65.11,6.68,77.64,64.73,28.5,8.1,3,0,1,0,4,1
S5987,22,84.98,99.62,53.18,86.83,58.1,7.45,70.8,87.95,13.2,8.7,8,0,1,0,1,2
S5988,19,98.37,69.31,83.73,59.24,96.39,2.63,78.55,66.91,8.9,5.7,1,1,1,1,2,2
S5989,23,90.56,73.02,61.32,65.13,69.89,5.2,82.38,99.29,8.7,7.0,9,0,0,1,1,2
S5990,24,53.87,81.67,80.01,74.84,72.49,7.37,63.98,92.94,14.8,7.6,1,0,1,0,4,0
S5991,20,85.66,98.1,47.32,79.44,90.13,4.97,95.96,94.77,10.6,7.7,9,1,1,1,3,2
S5992,18,76.77,87.0,82.34,89.11,75.65,0.89,96.77,53.18,15.7,6.4,7,0,0,1,2,2
S5993,22,50.82,53.45,98.33,61.35,55.99,7.41,55.27,58.82,23.0,7.1,6,1,0,1,4,0
S5994,19,62.57,58.18,42.62,56.41,71.89,2.2,85.15,58.47,27.2,7.3,9,1,0,0,2,1
S5995,19,96.09,45.86,45.63,74.13,81.53,0.98,51.66,83.6,7.8,4.5,10,0,0,0,3,1
S5996,19,96.3,78.67,47.42,57.89,85.96,4.78,52.33,50.6,24.2,7.2,4,0,0,1,0,1
S5997,24,89.94,50.84,65.83,84.69,82.27,0.75,97.89,90.32,7.6,6.6,5,1,0,1,0,2
S5998,23,99.09,55.44,57.45,78.78,55.96,6.29,84.74,77.35,14.5,5.9,10,0,1,0,4,1
S5999,21,90.33,93.29,88.42,87.06,65.22,6.4,66.23,78.32,29.9,5.3,2,1,1,1,4,2
